control,field,applicable,status,source_boundary,target_consumer
Row,structure.type,yes,已实现,SourceTree/lanhu_layer,page_snapshot_component_lines
Row,structure.parent_id,yes,已实现,SourceTree/lanhu_layer,page_snapshot_component_lines
Row,structure.children_ids,yes,已实现,SourceTree/lanhu_layer,page_snapshot_component_lines
Row,structure.sibling_index,yes,已实现,SourceTree/lanhu_layer,page_snapshot_component_lines
Row,style.layout.padding_dp,yes,条件,expand_ordered_layout_modifiers 保留纯常量 padding/size/width/height 嵌套；交织绘制/重复同轴尺寸阻断,page_snapshot_component_lines
Row,style.layout.margin_dp,yes,条件,运行测量/页面事实；Compose 没有通用 margin 参数,page_snapshot_component_lines
Row,style.layout.layout_direction,yes,条件,页面事实；CompositionLocal 的上下文解析未全覆盖,page_snapshot_component_lines
Row,style.layout.z_index,yes,条件,zIndex 走 layoutRules；该字段来自运行/页面事实,page_snapshot_component_lines
Row,style.layout.alignment,yes,条件,contentAlignment/horizontalAlignment/verticalAlignment; 枚举,page_snapshot_container_alignment_lines
Row,style.layout.horizontal_arrangement,yes,条件,Arrangement + 常量 spacedBy,page_snapshot_container_alignment_lines
Row,style.layout.vertical_arrangement,no,不适用,Arrangement + 常量 spacedBy,page_snapshot_container_alignment_lines
Row,style.layout.aspect_ratio,yes,已实现,aspectRatio 常量；不猜动态表达式,page_snapshot_component_lines
Row,style.layout.width_dp,yes,条件,width/size; 无显式值使用原生测量，不用参考 frame,page_snapshot_dimension_lines
Row,style.layout.height_dp,yes,条件,height/size; 无显式值使用原生测量，不用参考 frame,page_snapshot_dimension_lines
Row,style.surface.background,yes,条件,solid/null、水平/垂直 Clamp 渐变；未知端点/径向/图片背景阻断,page_snapshot_component_lines
Row,style.surface.corner_radius_dp,yes,条件,四角事实；AbsoluteRoundedCornerShape、统一圆角；方向未知的非对称 Start/End 阻断,page_snapshot_component_lines
Row,style.surface.corner_sizes,yes,条件,带单位四角：dp/px/percent；百分比依赖原生测量的较短边；方向未知的非对称 Start/End 未解析,page_snapshot_component_lines
Row,style.surface.border,yes,条件,统一 solid/dashed/dotted/none；单边、自定义 dash 阻断,page_snapshot_component_lines
Row,style.surface.shadows,yes,近似,单阴影且 spread=0；Android elevation 转换仍是近似；多阴影阻断,page_snapshot_component_lines
Row,style.surface.alpha,yes,已实现,alpha 常量 0..1,page_snapshot_component_lines
Row,style.surface.clip,yes,条件,矩形/圆角；自定义 Path 未支持,page_snapshot_component_lines
Row,style.typography.font_size_sp,no,不适用,Text/TextStyle 常量或已解析主题；字体缩放由运行平台消费,page_snapshot_component_lines
Row,style.typography.font_weight,no,不适用,FontWeight 常量/已解析主题,page_snapshot_component_lines
Row,style.typography.font_style,no,不适用,FontStyle.Normal/Italic; 未知值 unresolved,page_snapshot_component_lines
Row,style.typography.font_family,no,不适用,仅已校验字体资产或声明的系统字体,load_page_font_faces / page_snapshot_component_lines
Row,style.typography.letter_spacing_sp,no,不适用,letterSpacing 常量 sp；支持负数,page_snapshot_component_lines
Row,style.typography.line_height_sp,no,不适用,常量/主题；自定义 LineHeightStyle、低于自然行高未证明等价,page_snapshot_component_lines
Row,style.typography.text_align,no,不适用,Start/Center/End/Justify,page_snapshot_component_lines
Row,style.typography.max_lines,no,不适用,正整数；TextInput 与多行 TextArea 不是同一控件,page_snapshot_component_lines
Row,style.typography.overflow,no,不适用,clip/ellipsis；visible 未支持并阻断；两类 ArkUI 签名分开,page_snapshot_component_lines
Row,style.typography.color,no,不适用,明确颜色或已解析主题；容器颜色需实际下传到文字,page_snapshot_component_lines
Row,style.typography.decoration,no,不适用,none/underline/line_through,page_snapshot_component_lines
Row,style.asset.resource,no,不适用,本地资源或 AsyncImage HTTP(S)；无预览图回退,page_snapshot_component_lines
Row,style.asset.sha256,no,不适用,资源提取记录；格式转换后由资源 provenance 验证，不是绘制属性,build_target_phase_consumption_gate
Row,style.asset.width_px,no,不适用,可记录源像素尺寸；单输入渲染必须有逻辑尺寸，不能直接按 px 布局,build_target_phase_consumption_gate
Row,style.asset.height_px,no,不适用,可记录源像素尺寸；不能当作 dp 使用,build_target_phase_consumption_gate
Row,style.asset.width_dp,no,不适用,资源本征尺寸，不是控件硬宽度,page_snapshot_intrinsic_image_lines
Row,style.asset.height_dp,no,不适用,资源本征尺寸，不是控件硬高度,page_snapshot_intrinsic_image_lines
Row,style.asset.content_scale,no,不适用,fit/crop/fill/inside/none; 未指定尺寸时需可验证本征测量,page_snapshot_intrinsic_image_lines / page_snapshot_component_lines
Row,style.asset.tint,no,不适用,显式 tint/ColorFilter.tint；仅支持当前颜色滤镜映射,page_snapshot_component_lines
Row,style.transform.translation_x_dp,yes,条件,运行/页面事实；源码 offset 单独走 layoutRules，混合变换阻断,page_snapshot_component_lines
Row,style.transform.translation_y_dp,yes,条件,运行/页面事实；源码 offset 单独走 layoutRules，混合变换阻断,page_snapshot_component_lines
Row,style.transform.scale_x,yes,条件,scale 常量；graphicsLayer/自定义原点/顺序组合未支持,page_snapshot_component_lines
Row,style.transform.scale_y,yes,条件,scale 常量；不推算未知表达式,page_snapshot_component_lines
Row,style.transform.rotation_degrees,yes,条件,rotate 常量；默认中心原点,page_snapshot_component_lines
Row,style.state.visible,yes,条件,显式布尔页面状态；消失不占位，不等于完整动画状态机,page_snapshot_component_lines
Row,style.state.refreshing,no,不适用,isRefreshing 固定布尔状态；Box 叠加原生 LoadingProgress，动画外观近似，不包含刷新业务回调,page_snapshot_component_lines
Row,style.state.enabled,yes,已实现,显式布尔优先于默认值；动态未知值不填 true,page_snapshot_component_lines
Row,style.state.selected,no,不适用,RadioButton 的明确选中态；不代表任意容器都有选中样式,page_snapshot_component_lines
Row,style.state.checked,no,不适用,Checkbox/Switch 的明确布尔状态；缺失或动态未解析阻断,page_snapshot_component_lines
Row,style.state.clickable,yes,业务边界,只记录入口元数据；UI 渲染不产生业务 onClick，另走 behavior contract,build_target_phase_consumption_gate
Row,style.content.text,no,不适用,text/value/已解析资源；Button 文本在子 Text 实际消费,page_snapshot_component_lines
Row,style.content.placeholder,no,不适用,纯文字提示；复杂 slot/浮动 label 不等同 placeholder,page_snapshot_component_lines
Row,style.content.content_description,yes,已实现,contentDescription; 显式 null 不设置,page_snapshot_component_lines
Row,style.content.role,yes,证据,用于页面语义匹配，不代表已实现对应业务,build_target_phase_consumption_gate
Row,style.content.locale,no,不适用,可存储/采集；未单独消费，非空时阻断,build_target_phase_consumption_gate
Row,style.input.single_line,no,不适用,显式布尔；源码省略按 Compose 多行默认；TextInput/TextArea 原生分流,page_snapshot_component_lines
Row,style.input.read_only,no,不适用,显式布尔；禁止软键盘及内容修改，保留选中；API 20+,page_snapshot_component_lines
Row,style.input.password,no,不适用,标准 PasswordVisualTransformation/None；多行密码、自定义字符变换阻断,page_snapshot_component_lines
Row,style.input.keyboard_type,no,不适用,Text/Number/Phone/Email/Uri/Decimal/Password/NumberPassword；不等同内容校验,page_snapshot_component_lines
Row,style.input.ime_action,no,不适用,键盘动作枚举；Previous/单行 None 阻断；业务提交回调另走 contract,page_snapshot_component_lines
Row,style.typography.soft_wrap,no,不适用,显式布尔；false 支持不含硬换行的单段文字，硬换行逐段渲染未支持,page_snapshot_component_lines
Row,style.typography.min_lines,no,不适用,1 为原生默认；多行 Text 使用已验证字体运行时 metrics，复杂约束/输入框多行最低行数阻断,page_snapshot_component_lines
Row,style.control.value,no,不适用,明确 value/progress；不使用样例数值；UI 当前态不等同业务订阅,page_snapshot_component_lines
Row,style.control.minimum,no,不适用,Slider valueRange 或明确默认 0；进度固定 0..1,page_snapshot_component_lines
Row,style.control.maximum,no,不适用,Slider valueRange 或明确默认 1；上限必须大于下限,page_snapshot_component_lines
Row,style.control.steps,no,不适用,离散 steps 转 (max-min)/(steps+1)；连续型与小于平台最小步长阻断,page_snapshot_component_lines
Row,style.control.active_color,no,不适用,显式 color 常量或刷新指示器主题色，作用于轨迹/分隔线而非文字,page_snapshot_component_lines
Row,style.control.inactive_color,no,不适用,显式 trackColor 常量或刷新指示器主题背景,page_snapshot_component_lines
Row,style.control.stroke_width_dp,no,不适用,常量 thickness/strokeWidth；分隔线默认1dp,page_snapshot_component_lines
LazyRow,structure.type,yes,已实现,SourceTree/lanhu_layer,page_snapshot_component_lines
LazyRow,structure.parent_id,yes,已实现,SourceTree/lanhu_layer,page_snapshot_component_lines
LazyRow,structure.children_ids,yes,已实现,SourceTree/lanhu_layer,page_snapshot_component_lines
LazyRow,structure.sibling_index,yes,已实现,SourceTree/lanhu_layer,page_snapshot_component_lines
LazyRow,style.layout.padding_dp,yes,条件,expand_ordered_layout_modifiers 保留纯常量 padding/size/width/height 嵌套；交织绘制/重复同轴尺寸阻断,page_snapshot_component_lines
LazyRow,style.layout.margin_dp,yes,条件,运行测量/页面事实；Compose 没有通用 margin 参数,page_snapshot_component_lines
LazyRow,style.layout.layout_direction,yes,条件,页面事实；CompositionLocal 的上下文解析未全覆盖,page_snapshot_component_lines
LazyRow,style.layout.z_index,yes,条件,zIndex 走 layoutRules；该字段来自运行/页面事实,page_snapshot_component_lines
LazyRow,style.layout.alignment,yes,条件,contentAlignment/horizontalAlignment/verticalAlignment; 枚举,page_snapshot_container_alignment_lines
LazyRow,style.layout.horizontal_arrangement,yes,条件,Arrangement + 常量 spacedBy,page_snapshot_container_alignment_lines
LazyRow,style.layout.vertical_arrangement,no,不适用,Arrangement + 常量 spacedBy,page_snapshot_container_alignment_lines
LazyRow,style.layout.aspect_ratio,yes,已实现,aspectRatio 常量；不猜动态表达式,page_snapshot_component_lines
LazyRow,style.layout.width_dp,yes,条件,width/size; 无显式值使用原生测量，不用参考 frame,page_snapshot_dimension_lines
LazyRow,style.layout.height_dp,yes,条件,height/size; 无显式值使用原生测量，不用参考 frame,page_snapshot_dimension_lines
LazyRow,style.surface.background,yes,条件,solid/null、水平/垂直 Clamp 渐变；未知端点/径向/图片背景阻断,page_snapshot_component_lines
LazyRow,style.surface.corner_radius_dp,yes,条件,四角事实；AbsoluteRoundedCornerShape、统一圆角；方向未知的非对称 Start/End 阻断,page_snapshot_component_lines
LazyRow,style.surface.corner_sizes,yes,条件,带单位四角：dp/px/percent；百分比依赖原生测量的较短边；方向未知的非对称 Start/End 未解析,page_snapshot_component_lines
LazyRow,style.surface.border,yes,条件,统一 solid/dashed/dotted/none；单边、自定义 dash 阻断,page_snapshot_component_lines
LazyRow,style.surface.shadows,yes,近似,单阴影且 spread=0；Android elevation 转换仍是近似；多阴影阻断,page_snapshot_component_lines
LazyRow,style.surface.alpha,yes,已实现,alpha 常量 0..1,page_snapshot_component_lines
LazyRow,style.surface.clip,yes,条件,矩形/圆角；自定义 Path 未支持,page_snapshot_component_lines
LazyRow,style.typography.font_size_sp,no,不适用,Text/TextStyle 常量或已解析主题；字体缩放由运行平台消费,page_snapshot_component_lines
LazyRow,style.typography.font_weight,no,不适用,FontWeight 常量/已解析主题,page_snapshot_component_lines
LazyRow,style.typography.font_style,no,不适用,FontStyle.Normal/Italic; 未知值 unresolved,page_snapshot_component_lines
LazyRow,style.typography.font_family,no,不适用,仅已校验字体资产或声明的系统字体,load_page_font_faces / page_snapshot_component_lines
LazyRow,style.typography.letter_spacing_sp,no,不适用,letterSpacing 常量 sp；支持负数,page_snapshot_component_lines
LazyRow,style.typography.line_height_sp,no,不适用,常量/主题；自定义 LineHeightStyle、低于自然行高未证明等价,page_snapshot_component_lines
LazyRow,style.typography.text_align,no,不适用,Start/Center/End/Justify,page_snapshot_component_lines
LazyRow,style.typography.max_lines,no,不适用,正整数；TextInput 与多行 TextArea 不是同一控件,page_snapshot_component_lines
LazyRow,style.typography.overflow,no,不适用,clip/ellipsis；visible 未支持并阻断；两类 ArkUI 签名分开,page_snapshot_component_lines
LazyRow,style.typography.color,no,不适用,明确颜色或已解析主题；容器颜色需实际下传到文字,page_snapshot_component_lines
LazyRow,style.typography.decoration,no,不适用,none/underline/line_through,page_snapshot_component_lines
LazyRow,style.asset.resource,no,不适用,本地资源或 AsyncImage HTTP(S)；无预览图回退,page_snapshot_component_lines
LazyRow,style.asset.sha256,no,不适用,资源提取记录；格式转换后由资源 provenance 验证，不是绘制属性,build_target_phase_consumption_gate
LazyRow,style.asset.width_px,no,不适用,可记录源像素尺寸；单输入渲染必须有逻辑尺寸，不能直接按 px 布局,build_target_phase_consumption_gate
LazyRow,style.asset.height_px,no,不适用,可记录源像素尺寸；不能当作 dp 使用,build_target_phase_consumption_gate
LazyRow,style.asset.width_dp,no,不适用,资源本征尺寸，不是控件硬宽度,page_snapshot_intrinsic_image_lines
LazyRow,style.asset.height_dp,no,不适用,资源本征尺寸，不是控件硬高度,page_snapshot_intrinsic_image_lines
LazyRow,style.asset.content_scale,no,不适用,fit/crop/fill/inside/none; 未指定尺寸时需可验证本征测量,page_snapshot_intrinsic_image_lines / page_snapshot_component_lines
LazyRow,style.asset.tint,no,不适用,显式 tint/ColorFilter.tint；仅支持当前颜色滤镜映射,page_snapshot_component_lines
LazyRow,style.transform.translation_x_dp,yes,条件,运行/页面事实；源码 offset 单独走 layoutRules，混合变换阻断,page_snapshot_component_lines
LazyRow,style.transform.translation_y_dp,yes,条件,运行/页面事实；源码 offset 单独走 layoutRules，混合变换阻断,page_snapshot_component_lines
LazyRow,style.transform.scale_x,yes,条件,scale 常量；graphicsLayer/自定义原点/顺序组合未支持,page_snapshot_component_lines
LazyRow,style.transform.scale_y,yes,条件,scale 常量；不推算未知表达式,page_snapshot_component_lines
LazyRow,style.transform.rotation_degrees,yes,条件,rotate 常量；默认中心原点,page_snapshot_component_lines
LazyRow,style.state.visible,yes,条件,显式布尔页面状态；消失不占位，不等于完整动画状态机,page_snapshot_component_lines
LazyRow,style.state.refreshing,no,不适用,isRefreshing 固定布尔状态；Box 叠加原生 LoadingProgress，动画外观近似，不包含刷新业务回调,page_snapshot_component_lines
LazyRow,style.state.enabled,yes,已实现,显式布尔优先于默认值；动态未知值不填 true,page_snapshot_component_lines
LazyRow,style.state.selected,no,不适用,RadioButton 的明确选中态；不代表任意容器都有选中样式,page_snapshot_component_lines
LazyRow,style.state.checked,no,不适用,Checkbox/Switch 的明确布尔状态；缺失或动态未解析阻断,page_snapshot_component_lines
LazyRow,style.state.clickable,yes,业务边界,只记录入口元数据；UI 渲染不产生业务 onClick，另走 behavior contract,build_target_phase_consumption_gate
LazyRow,style.content.text,no,不适用,text/value/已解析资源；Button 文本在子 Text 实际消费,page_snapshot_component_lines
LazyRow,style.content.placeholder,no,不适用,纯文字提示；复杂 slot/浮动 label 不等同 placeholder,page_snapshot_component_lines
LazyRow,style.content.content_description,yes,已实现,contentDescription; 显式 null 不设置,page_snapshot_component_lines
LazyRow,style.content.role,yes,证据,用于页面语义匹配，不代表已实现对应业务,build_target_phase_consumption_gate
LazyRow,style.content.locale,no,不适用,可存储/采集；未单独消费，非空时阻断,build_target_phase_consumption_gate
LazyRow,style.input.single_line,no,不适用,显式布尔；源码省略按 Compose 多行默认；TextInput/TextArea 原生分流,page_snapshot_component_lines
LazyRow,style.input.read_only,no,不适用,显式布尔；禁止软键盘及内容修改，保留选中；API 20+,page_snapshot_component_lines
LazyRow,style.input.password,no,不适用,标准 PasswordVisualTransformation/None；多行密码、自定义字符变换阻断,page_snapshot_component_lines
LazyRow,style.input.keyboard_type,no,不适用,Text/Number/Phone/Email/Uri/Decimal/Password/NumberPassword；不等同内容校验,page_snapshot_component_lines
LazyRow,style.input.ime_action,no,不适用,键盘动作枚举；Previous/单行 None 阻断；业务提交回调另走 contract,page_snapshot_component_lines
LazyRow,style.typography.soft_wrap,no,不适用,显式布尔；false 支持不含硬换行的单段文字，硬换行逐段渲染未支持,page_snapshot_component_lines
LazyRow,style.typography.min_lines,no,不适用,1 为原生默认；多行 Text 使用已验证字体运行时 metrics，复杂约束/输入框多行最低行数阻断,page_snapshot_component_lines
LazyRow,style.control.value,no,不适用,明确 value/progress；不使用样例数值；UI 当前态不等同业务订阅,page_snapshot_component_lines
LazyRow,style.control.minimum,no,不适用,Slider valueRange 或明确默认 0；进度固定 0..1,page_snapshot_component_lines
LazyRow,style.control.maximum,no,不适用,Slider valueRange 或明确默认 1；上限必须大于下限,page_snapshot_component_lines
LazyRow,style.control.steps,no,不适用,离散 steps 转 (max-min)/(steps+1)；连续型与小于平台最小步长阻断,page_snapshot_component_lines
LazyRow,style.control.active_color,no,不适用,显式 color 常量或刷新指示器主题色，作用于轨迹/分隔线而非文字,page_snapshot_component_lines
LazyRow,style.control.inactive_color,no,不适用,显式 trackColor 常量或刷新指示器主题背景,page_snapshot_component_lines
LazyRow,style.control.stroke_width_dp,no,不适用,常量 thickness/strokeWidth；分隔线默认1dp,page_snapshot_component_lines
Column,structure.type,yes,已实现,SourceTree/lanhu_layer,page_snapshot_component_lines
Column,structure.parent_id,yes,已实现,SourceTree/lanhu_layer,page_snapshot_component_lines
Column,structure.children_ids,yes,已实现,SourceTree/lanhu_layer,page_snapshot_component_lines
Column,structure.sibling_index,yes,已实现,SourceTree/lanhu_layer,page_snapshot_component_lines
Column,style.layout.padding_dp,yes,条件,expand_ordered_layout_modifiers 保留纯常量 padding/size/width/height 嵌套；交织绘制/重复同轴尺寸阻断,page_snapshot_component_lines
Column,style.layout.margin_dp,yes,条件,运行测量/页面事实；Compose 没有通用 margin 参数,page_snapshot_component_lines
Column,style.layout.layout_direction,yes,条件,页面事实；CompositionLocal 的上下文解析未全覆盖,page_snapshot_component_lines
Column,style.layout.z_index,yes,条件,zIndex 走 layoutRules；该字段来自运行/页面事实,page_snapshot_component_lines
Column,style.layout.alignment,yes,条件,contentAlignment/horizontalAlignment/verticalAlignment; 枚举,page_snapshot_container_alignment_lines
Column,style.layout.horizontal_arrangement,no,不适用,Arrangement + 常量 spacedBy,page_snapshot_container_alignment_lines
Column,style.layout.vertical_arrangement,yes,条件,Arrangement + 常量 spacedBy,page_snapshot_container_alignment_lines
Column,style.layout.aspect_ratio,yes,已实现,aspectRatio 常量；不猜动态表达式,page_snapshot_component_lines
Column,style.layout.width_dp,yes,条件,width/size; 无显式值使用原生测量，不用参考 frame,page_snapshot_dimension_lines
Column,style.layout.height_dp,yes,条件,height/size; 无显式值使用原生测量，不用参考 frame,page_snapshot_dimension_lines
Column,style.surface.background,yes,条件,solid/null、水平/垂直 Clamp 渐变；未知端点/径向/图片背景阻断,page_snapshot_component_lines
Column,style.surface.corner_radius_dp,yes,条件,四角事实；AbsoluteRoundedCornerShape、统一圆角；方向未知的非对称 Start/End 阻断,page_snapshot_component_lines
Column,style.surface.corner_sizes,yes,条件,带单位四角：dp/px/percent；百分比依赖原生测量的较短边；方向未知的非对称 Start/End 未解析,page_snapshot_component_lines
Column,style.surface.border,yes,条件,统一 solid/dashed/dotted/none；单边、自定义 dash 阻断,page_snapshot_component_lines
Column,style.surface.shadows,yes,近似,单阴影且 spread=0；Android elevation 转换仍是近似；多阴影阻断,page_snapshot_component_lines
Column,style.surface.alpha,yes,已实现,alpha 常量 0..1,page_snapshot_component_lines
Column,style.surface.clip,yes,条件,矩形/圆角；自定义 Path 未支持,page_snapshot_component_lines
Column,style.typography.font_size_sp,no,不适用,Text/TextStyle 常量或已解析主题；字体缩放由运行平台消费,page_snapshot_component_lines
Column,style.typography.font_weight,no,不适用,FontWeight 常量/已解析主题,page_snapshot_component_lines
Column,style.typography.font_style,no,不适用,FontStyle.Normal/Italic; 未知值 unresolved,page_snapshot_component_lines
Column,style.typography.font_family,no,不适用,仅已校验字体资产或声明的系统字体,load_page_font_faces / page_snapshot_component_lines
Column,style.typography.letter_spacing_sp,no,不适用,letterSpacing 常量 sp；支持负数,page_snapshot_component_lines
Column,style.typography.line_height_sp,no,不适用,常量/主题；自定义 LineHeightStyle、低于自然行高未证明等价,page_snapshot_component_lines
Column,style.typography.text_align,no,不适用,Start/Center/End/Justify,page_snapshot_component_lines
Column,style.typography.max_lines,no,不适用,正整数；TextInput 与多行 TextArea 不是同一控件,page_snapshot_component_lines
Column,style.typography.overflow,no,不适用,clip/ellipsis；visible 未支持并阻断；两类 ArkUI 签名分开,page_snapshot_component_lines
Column,style.typography.color,no,不适用,明确颜色或已解析主题；容器颜色需实际下传到文字,page_snapshot_component_lines
Column,style.typography.decoration,no,不适用,none/underline/line_through,page_snapshot_component_lines
Column,style.asset.resource,no,不适用,本地资源或 AsyncImage HTTP(S)；无预览图回退,page_snapshot_component_lines
Column,style.asset.sha256,no,不适用,资源提取记录；格式转换后由资源 provenance 验证，不是绘制属性,build_target_phase_consumption_gate
Column,style.asset.width_px,no,不适用,可记录源像素尺寸；单输入渲染必须有逻辑尺寸，不能直接按 px 布局,build_target_phase_consumption_gate
Column,style.asset.height_px,no,不适用,可记录源像素尺寸；不能当作 dp 使用,build_target_phase_consumption_gate
Column,style.asset.width_dp,no,不适用,资源本征尺寸，不是控件硬宽度,page_snapshot_intrinsic_image_lines
Column,style.asset.height_dp,no,不适用,资源本征尺寸，不是控件硬高度,page_snapshot_intrinsic_image_lines
Column,style.asset.content_scale,no,不适用,fit/crop/fill/inside/none; 未指定尺寸时需可验证本征测量,page_snapshot_intrinsic_image_lines / page_snapshot_component_lines
Column,style.asset.tint,no,不适用,显式 tint/ColorFilter.tint；仅支持当前颜色滤镜映射,page_snapshot_component_lines
Column,style.transform.translation_x_dp,yes,条件,运行/页面事实；源码 offset 单独走 layoutRules，混合变换阻断,page_snapshot_component_lines
Column,style.transform.translation_y_dp,yes,条件,运行/页面事实；源码 offset 单独走 layoutRules，混合变换阻断,page_snapshot_component_lines
Column,style.transform.scale_x,yes,条件,scale 常量；graphicsLayer/自定义原点/顺序组合未支持,page_snapshot_component_lines
Column,style.transform.scale_y,yes,条件,scale 常量；不推算未知表达式,page_snapshot_component_lines
Column,style.transform.rotation_degrees,yes,条件,rotate 常量；默认中心原点,page_snapshot_component_lines
Column,style.state.visible,yes,条件,显式布尔页面状态；消失不占位，不等于完整动画状态机,page_snapshot_component_lines
Column,style.state.refreshing,no,不适用,isRefreshing 固定布尔状态；Box 叠加原生 LoadingProgress，动画外观近似，不包含刷新业务回调,page_snapshot_component_lines
Column,style.state.enabled,yes,已实现,显式布尔优先于默认值；动态未知值不填 true,page_snapshot_component_lines
Column,style.state.selected,no,不适用,RadioButton 的明确选中态；不代表任意容器都有选中样式,page_snapshot_component_lines
Column,style.state.checked,no,不适用,Checkbox/Switch 的明确布尔状态；缺失或动态未解析阻断,page_snapshot_component_lines
Column,style.state.clickable,yes,业务边界,只记录入口元数据；UI 渲染不产生业务 onClick，另走 behavior contract,build_target_phase_consumption_gate
Column,style.content.text,no,不适用,text/value/已解析资源；Button 文本在子 Text 实际消费,page_snapshot_component_lines
Column,style.content.placeholder,no,不适用,纯文字提示；复杂 slot/浮动 label 不等同 placeholder,page_snapshot_component_lines
Column,style.content.content_description,yes,已实现,contentDescription; 显式 null 不设置,page_snapshot_component_lines
Column,style.content.role,yes,证据,用于页面语义匹配，不代表已实现对应业务,build_target_phase_consumption_gate
Column,style.content.locale,no,不适用,可存储/采集；未单独消费，非空时阻断,build_target_phase_consumption_gate
Column,style.input.single_line,no,不适用,显式布尔；源码省略按 Compose 多行默认；TextInput/TextArea 原生分流,page_snapshot_component_lines
Column,style.input.read_only,no,不适用,显式布尔；禁止软键盘及内容修改，保留选中；API 20+,page_snapshot_component_lines
Column,style.input.password,no,不适用,标准 PasswordVisualTransformation/None；多行密码、自定义字符变换阻断,page_snapshot_component_lines
Column,style.input.keyboard_type,no,不适用,Text/Number/Phone/Email/Uri/Decimal/Password/NumberPassword；不等同内容校验,page_snapshot_component_lines
Column,style.input.ime_action,no,不适用,键盘动作枚举；Previous/单行 None 阻断；业务提交回调另走 contract,page_snapshot_component_lines
Column,style.typography.soft_wrap,no,不适用,显式布尔；false 支持不含硬换行的单段文字，硬换行逐段渲染未支持,page_snapshot_component_lines
Column,style.typography.min_lines,no,不适用,1 为原生默认；多行 Text 使用已验证字体运行时 metrics，复杂约束/输入框多行最低行数阻断,page_snapshot_component_lines
Column,style.control.value,no,不适用,明确 value/progress；不使用样例数值；UI 当前态不等同业务订阅,page_snapshot_component_lines
Column,style.control.minimum,no,不适用,Slider valueRange 或明确默认 0；进度固定 0..1,page_snapshot_component_lines
Column,style.control.maximum,no,不适用,Slider valueRange 或明确默认 1；上限必须大于下限,page_snapshot_component_lines
Column,style.control.steps,no,不适用,离散 steps 转 (max-min)/(steps+1)；连续型与小于平台最小步长阻断,page_snapshot_component_lines
Column,style.control.active_color,no,不适用,显式 color 常量或刷新指示器主题色，作用于轨迹/分隔线而非文字,page_snapshot_component_lines
Column,style.control.inactive_color,no,不适用,显式 trackColor 常量或刷新指示器主题背景,page_snapshot_component_lines
Column,style.control.stroke_width_dp,no,不适用,常量 thickness/strokeWidth；分隔线默认1dp,page_snapshot_component_lines
LazyColumn,structure.type,yes,已实现,SourceTree/lanhu_layer,page_snapshot_component_lines
LazyColumn,structure.parent_id,yes,已实现,SourceTree/lanhu_layer,page_snapshot_component_lines
LazyColumn,structure.children_ids,yes,已实现,SourceTree/lanhu_layer,page_snapshot_component_lines
LazyColumn,structure.sibling_index,yes,已实现,SourceTree/lanhu_layer,page_snapshot_component_lines
LazyColumn,style.layout.padding_dp,yes,条件,expand_ordered_layout_modifiers 保留纯常量 padding/size/width/height 嵌套；交织绘制/重复同轴尺寸阻断,page_snapshot_component_lines
LazyColumn,style.layout.margin_dp,yes,条件,运行测量/页面事实；Compose 没有通用 margin 参数,page_snapshot_component_lines
LazyColumn,style.layout.layout_direction,yes,条件,页面事实；CompositionLocal 的上下文解析未全覆盖,page_snapshot_component_lines
LazyColumn,style.layout.z_index,yes,条件,zIndex 走 layoutRules；该字段来自运行/页面事实,page_snapshot_component_lines
LazyColumn,style.layout.alignment,yes,条件,contentAlignment/horizontalAlignment/verticalAlignment; 枚举,page_snapshot_container_alignment_lines
LazyColumn,style.layout.horizontal_arrangement,no,不适用,Arrangement + 常量 spacedBy,page_snapshot_container_alignment_lines
LazyColumn,style.layout.vertical_arrangement,yes,条件,Arrangement + 常量 spacedBy,page_snapshot_container_alignment_lines
LazyColumn,style.layout.aspect_ratio,yes,已实现,aspectRatio 常量；不猜动态表达式,page_snapshot_component_lines
LazyColumn,style.layout.width_dp,yes,条件,width/size; 无显式值使用原生测量，不用参考 frame,page_snapshot_dimension_lines
LazyColumn,style.layout.height_dp,yes,条件,height/size; 无显式值使用原生测量，不用参考 frame,page_snapshot_dimension_lines
LazyColumn,style.surface.background,yes,条件,solid/null、水平/垂直 Clamp 渐变；未知端点/径向/图片背景阻断,page_snapshot_component_lines
LazyColumn,style.surface.corner_radius_dp,yes,条件,四角事实；AbsoluteRoundedCornerShape、统一圆角；方向未知的非对称 Start/End 阻断,page_snapshot_component_lines
LazyColumn,style.surface.corner_sizes,yes,条件,带单位四角：dp/px/percent；百分比依赖原生测量的较短边；方向未知的非对称 Start/End 未解析,page_snapshot_component_lines
LazyColumn,style.surface.border,yes,条件,统一 solid/dashed/dotted/none；单边、自定义 dash 阻断,page_snapshot_component_lines
LazyColumn,style.surface.shadows,yes,近似,单阴影且 spread=0；Android elevation 转换仍是近似；多阴影阻断,page_snapshot_component_lines
LazyColumn,style.surface.alpha,yes,已实现,alpha 常量 0..1,page_snapshot_component_lines
LazyColumn,style.surface.clip,yes,条件,矩形/圆角；自定义 Path 未支持,page_snapshot_component_lines
LazyColumn,style.typography.font_size_sp,no,不适用,Text/TextStyle 常量或已解析主题；字体缩放由运行平台消费,page_snapshot_component_lines
LazyColumn,style.typography.font_weight,no,不适用,FontWeight 常量/已解析主题,page_snapshot_component_lines
LazyColumn,style.typography.font_style,no,不适用,FontStyle.Normal/Italic; 未知值 unresolved,page_snapshot_component_lines
LazyColumn,style.typography.font_family,no,不适用,仅已校验字体资产或声明的系统字体,load_page_font_faces / page_snapshot_component_lines
LazyColumn,style.typography.letter_spacing_sp,no,不适用,letterSpacing 常量 sp；支持负数,page_snapshot_component_lines
LazyColumn,style.typography.line_height_sp,no,不适用,常量/主题；自定义 LineHeightStyle、低于自然行高未证明等价,page_snapshot_component_lines
LazyColumn,style.typography.text_align,no,不适用,Start/Center/End/Justify,page_snapshot_component_lines
LazyColumn,style.typography.max_lines,no,不适用,正整数；TextInput 与多行 TextArea 不是同一控件,page_snapshot_component_lines
LazyColumn,style.typography.overflow,no,不适用,clip/ellipsis；visible 未支持并阻断；两类 ArkUI 签名分开,page_snapshot_component_lines
LazyColumn,style.typography.color,no,不适用,明确颜色或已解析主题；容器颜色需实际下传到文字,page_snapshot_component_lines
LazyColumn,style.typography.decoration,no,不适用,none/underline/line_through,page_snapshot_component_lines
LazyColumn,style.asset.resource,no,不适用,本地资源或 AsyncImage HTTP(S)；无预览图回退,page_snapshot_component_lines
LazyColumn,style.asset.sha256,no,不适用,资源提取记录；格式转换后由资源 provenance 验证，不是绘制属性,build_target_phase_consumption_gate
LazyColumn,style.asset.width_px,no,不适用,可记录源像素尺寸；单输入渲染必须有逻辑尺寸，不能直接按 px 布局,build_target_phase_consumption_gate
LazyColumn,style.asset.height_px,no,不适用,可记录源像素尺寸；不能当作 dp 使用,build_target_phase_consumption_gate
LazyColumn,style.asset.width_dp,no,不适用,资源本征尺寸，不是控件硬宽度,page_snapshot_intrinsic_image_lines
LazyColumn,style.asset.height_dp,no,不适用,资源本征尺寸，不是控件硬高度,page_snapshot_intrinsic_image_lines
LazyColumn,style.asset.content_scale,no,不适用,fit/crop/fill/inside/none; 未指定尺寸时需可验证本征测量,page_snapshot_intrinsic_image_lines / page_snapshot_component_lines
LazyColumn,style.asset.tint,no,不适用,显式 tint/ColorFilter.tint；仅支持当前颜色滤镜映射,page_snapshot_component_lines
LazyColumn,style.transform.translation_x_dp,yes,条件,运行/页面事实；源码 offset 单独走 layoutRules，混合变换阻断,page_snapshot_component_lines
LazyColumn,style.transform.translation_y_dp,yes,条件,运行/页面事实；源码 offset 单独走 layoutRules，混合变换阻断,page_snapshot_component_lines
LazyColumn,style.transform.scale_x,yes,条件,scale 常量；graphicsLayer/自定义原点/顺序组合未支持,page_snapshot_component_lines
LazyColumn,style.transform.scale_y,yes,条件,scale 常量；不推算未知表达式,page_snapshot_component_lines
LazyColumn,style.transform.rotation_degrees,yes,条件,rotate 常量；默认中心原点,page_snapshot_component_lines
LazyColumn,style.state.visible,yes,条件,显式布尔页面状态；消失不占位，不等于完整动画状态机,page_snapshot_component_lines
LazyColumn,style.state.refreshing,no,不适用,isRefreshing 固定布尔状态；Box 叠加原生 LoadingProgress，动画外观近似，不包含刷新业务回调,page_snapshot_component_lines
LazyColumn,style.state.enabled,yes,已实现,显式布尔优先于默认值；动态未知值不填 true,page_snapshot_component_lines
LazyColumn,style.state.selected,no,不适用,RadioButton 的明确选中态；不代表任意容器都有选中样式,page_snapshot_component_lines
LazyColumn,style.state.checked,no,不适用,Checkbox/Switch 的明确布尔状态；缺失或动态未解析阻断,page_snapshot_component_lines
LazyColumn,style.state.clickable,yes,业务边界,只记录入口元数据；UI 渲染不产生业务 onClick，另走 behavior contract,build_target_phase_consumption_gate
LazyColumn,style.content.text,no,不适用,text/value/已解析资源；Button 文本在子 Text 实际消费,page_snapshot_component_lines
LazyColumn,style.content.placeholder,no,不适用,纯文字提示；复杂 slot/浮动 label 不等同 placeholder,page_snapshot_component_lines
LazyColumn,style.content.content_description,yes,已实现,contentDescription; 显式 null 不设置,page_snapshot_component_lines
LazyColumn,style.content.role,yes,证据,用于页面语义匹配，不代表已实现对应业务,build_target_phase_consumption_gate
LazyColumn,style.content.locale,no,不适用,可存储/采集；未单独消费，非空时阻断,build_target_phase_consumption_gate
LazyColumn,style.input.single_line,no,不适用,显式布尔；源码省略按 Compose 多行默认；TextInput/TextArea 原生分流,page_snapshot_component_lines
LazyColumn,style.input.read_only,no,不适用,显式布尔；禁止软键盘及内容修改，保留选中；API 20+,page_snapshot_component_lines
LazyColumn,style.input.password,no,不适用,标准 PasswordVisualTransformation/None；多行密码、自定义字符变换阻断,page_snapshot_component_lines
LazyColumn,style.input.keyboard_type,no,不适用,Text/Number/Phone/Email/Uri/Decimal/Password/NumberPassword；不等同内容校验,page_snapshot_component_lines
LazyColumn,style.input.ime_action,no,不适用,键盘动作枚举；Previous/单行 None 阻断；业务提交回调另走 contract,page_snapshot_component_lines
LazyColumn,style.typography.soft_wrap,no,不适用,显式布尔；false 支持不含硬换行的单段文字，硬换行逐段渲染未支持,page_snapshot_component_lines
LazyColumn,style.typography.min_lines,no,不适用,1 为原生默认；多行 Text 使用已验证字体运行时 metrics，复杂约束/输入框多行最低行数阻断,page_snapshot_component_lines
LazyColumn,style.control.value,no,不适用,明确 value/progress；不使用样例数值；UI 当前态不等同业务订阅,page_snapshot_component_lines
LazyColumn,style.control.minimum,no,不适用,Slider valueRange 或明确默认 0；进度固定 0..1,page_snapshot_component_lines
LazyColumn,style.control.maximum,no,不适用,Slider valueRange 或明确默认 1；上限必须大于下限,page_snapshot_component_lines
LazyColumn,style.control.steps,no,不适用,离散 steps 转 (max-min)/(steps+1)；连续型与小于平台最小步长阻断,page_snapshot_component_lines
LazyColumn,style.control.active_color,no,不适用,显式 color 常量或刷新指示器主题色，作用于轨迹/分隔线而非文字,page_snapshot_component_lines
LazyColumn,style.control.inactive_color,no,不适用,显式 trackColor 常量或刷新指示器主题背景,page_snapshot_component_lines
LazyColumn,style.control.stroke_width_dp,no,不适用,常量 thickness/strokeWidth；分隔线默认1dp,page_snapshot_component_lines
Card,structure.type,yes,已实现,SourceTree/lanhu_layer,page_snapshot_component_lines
Card,structure.parent_id,yes,已实现,SourceTree/lanhu_layer,page_snapshot_component_lines
Card,structure.children_ids,yes,已实现,SourceTree/lanhu_layer,page_snapshot_component_lines
Card,structure.sibling_index,yes,已实现,SourceTree/lanhu_layer,page_snapshot_component_lines
Card,style.layout.padding_dp,yes,条件,expand_ordered_layout_modifiers 保留纯常量 padding/size/width/height 嵌套；交织绘制/重复同轴尺寸阻断,page_snapshot_component_lines
Card,style.layout.margin_dp,yes,条件,运行测量/页面事实；Compose 没有通用 margin 参数,page_snapshot_component_lines
Card,style.layout.layout_direction,yes,条件,页面事实；CompositionLocal 的上下文解析未全覆盖,page_snapshot_component_lines
Card,style.layout.z_index,yes,条件,zIndex 走 layoutRules；该字段来自运行/页面事实,page_snapshot_component_lines
Card,style.layout.alignment,no,不适用,contentAlignment/horizontalAlignment/verticalAlignment; 枚举,page_snapshot_container_alignment_lines
Card,style.layout.horizontal_arrangement,no,不适用,Arrangement + 常量 spacedBy,page_snapshot_container_alignment_lines
Card,style.layout.vertical_arrangement,no,不适用,Arrangement + 常量 spacedBy,page_snapshot_container_alignment_lines
Card,style.layout.aspect_ratio,yes,已实现,aspectRatio 常量；不猜动态表达式,page_snapshot_component_lines
Card,style.layout.width_dp,yes,条件,width/size; 无显式值使用原生测量，不用参考 frame,page_snapshot_dimension_lines
Card,style.layout.height_dp,yes,条件,height/size; 无显式值使用原生测量，不用参考 frame,page_snapshot_dimension_lines
Card,style.surface.background,yes,条件,solid/null、水平/垂直 Clamp 渐变；未知端点/径向/图片背景阻断,page_snapshot_component_lines
Card,style.surface.corner_radius_dp,yes,条件,四角事实；AbsoluteRoundedCornerShape、统一圆角；方向未知的非对称 Start/End 阻断,page_snapshot_component_lines
Card,style.surface.corner_sizes,yes,条件,带单位四角：dp/px/percent；百分比依赖原生测量的较短边；方向未知的非对称 Start/End 未解析,page_snapshot_component_lines
Card,style.surface.border,yes,条件,统一 solid/dashed/dotted/none；单边、自定义 dash 阻断,page_snapshot_component_lines
Card,style.surface.shadows,yes,近似,单阴影且 spread=0；Android elevation 转换仍是近似；多阴影阻断,page_snapshot_component_lines
Card,style.surface.alpha,yes,已实现,alpha 常量 0..1,page_snapshot_component_lines
Card,style.surface.clip,yes,条件,矩形/圆角；自定义 Path 未支持,page_snapshot_component_lines
Card,style.typography.font_size_sp,no,不适用,Text/TextStyle 常量或已解析主题；字体缩放由运行平台消费,page_snapshot_component_lines
Card,style.typography.font_weight,no,不适用,FontWeight 常量/已解析主题,page_snapshot_component_lines
Card,style.typography.font_style,no,不适用,FontStyle.Normal/Italic; 未知值 unresolved,page_snapshot_component_lines
Card,style.typography.font_family,no,不适用,仅已校验字体资产或声明的系统字体,load_page_font_faces / page_snapshot_component_lines
Card,style.typography.letter_spacing_sp,no,不适用,letterSpacing 常量 sp；支持负数,page_snapshot_component_lines
Card,style.typography.line_height_sp,no,不适用,常量/主题；自定义 LineHeightStyle、低于自然行高未证明等价,page_snapshot_component_lines
Card,style.typography.text_align,no,不适用,Start/Center/End/Justify,page_snapshot_component_lines
Card,style.typography.max_lines,no,不适用,正整数；TextInput 与多行 TextArea 不是同一控件,page_snapshot_component_lines
Card,style.typography.overflow,no,不适用,clip/ellipsis；visible 未支持并阻断；两类 ArkUI 签名分开,page_snapshot_component_lines
Card,style.typography.color,no,不适用,明确颜色或已解析主题；容器颜色需实际下传到文字,page_snapshot_component_lines
Card,style.typography.decoration,no,不适用,none/underline/line_through,page_snapshot_component_lines
Card,style.asset.resource,no,不适用,本地资源或 AsyncImage HTTP(S)；无预览图回退,page_snapshot_component_lines
Card,style.asset.sha256,no,不适用,资源提取记录；格式转换后由资源 provenance 验证，不是绘制属性,build_target_phase_consumption_gate
Card,style.asset.width_px,no,不适用,可记录源像素尺寸；单输入渲染必须有逻辑尺寸，不能直接按 px 布局,build_target_phase_consumption_gate
Card,style.asset.height_px,no,不适用,可记录源像素尺寸；不能当作 dp 使用,build_target_phase_consumption_gate
Card,style.asset.width_dp,no,不适用,资源本征尺寸，不是控件硬宽度,page_snapshot_intrinsic_image_lines
Card,style.asset.height_dp,no,不适用,资源本征尺寸，不是控件硬高度,page_snapshot_intrinsic_image_lines
Card,style.asset.content_scale,no,不适用,fit/crop/fill/inside/none; 未指定尺寸时需可验证本征测量,page_snapshot_intrinsic_image_lines / page_snapshot_component_lines
Card,style.asset.tint,no,不适用,显式 tint/ColorFilter.tint；仅支持当前颜色滤镜映射,page_snapshot_component_lines
Card,style.transform.translation_x_dp,yes,条件,运行/页面事实；源码 offset 单独走 layoutRules，混合变换阻断,page_snapshot_component_lines
Card,style.transform.translation_y_dp,yes,条件,运行/页面事实；源码 offset 单独走 layoutRules，混合变换阻断,page_snapshot_component_lines
Card,style.transform.scale_x,yes,条件,scale 常量；graphicsLayer/自定义原点/顺序组合未支持,page_snapshot_component_lines
Card,style.transform.scale_y,yes,条件,scale 常量；不推算未知表达式,page_snapshot_component_lines
Card,style.transform.rotation_degrees,yes,条件,rotate 常量；默认中心原点,page_snapshot_component_lines
Card,style.state.visible,yes,条件,显式布尔页面状态；消失不占位，不等于完整动画状态机,page_snapshot_component_lines
Card,style.state.refreshing,no,不适用,isRefreshing 固定布尔状态；Box 叠加原生 LoadingProgress，动画外观近似，不包含刷新业务回调,page_snapshot_component_lines
Card,style.state.enabled,yes,已实现,显式布尔优先于默认值；动态未知值不填 true,page_snapshot_component_lines
Card,style.state.selected,no,不适用,RadioButton 的明确选中态；不代表任意容器都有选中样式,page_snapshot_component_lines
Card,style.state.checked,no,不适用,Checkbox/Switch 的明确布尔状态；缺失或动态未解析阻断,page_snapshot_component_lines
Card,style.state.clickable,yes,业务边界,只记录入口元数据；UI 渲染不产生业务 onClick，另走 behavior contract,build_target_phase_consumption_gate
Card,style.content.text,no,不适用,text/value/已解析资源；Button 文本在子 Text 实际消费,page_snapshot_component_lines
Card,style.content.placeholder,no,不适用,纯文字提示；复杂 slot/浮动 label 不等同 placeholder,page_snapshot_component_lines
Card,style.content.content_description,yes,已实现,contentDescription; 显式 null 不设置,page_snapshot_component_lines
Card,style.content.role,yes,证据,用于页面语义匹配，不代表已实现对应业务,build_target_phase_consumption_gate
Card,style.content.locale,no,不适用,可存储/采集；未单独消费，非空时阻断,build_target_phase_consumption_gate
Card,style.input.single_line,no,不适用,显式布尔；源码省略按 Compose 多行默认；TextInput/TextArea 原生分流,page_snapshot_component_lines
Card,style.input.read_only,no,不适用,显式布尔；禁止软键盘及内容修改，保留选中；API 20+,page_snapshot_component_lines
Card,style.input.password,no,不适用,标准 PasswordVisualTransformation/None；多行密码、自定义字符变换阻断,page_snapshot_component_lines
Card,style.input.keyboard_type,no,不适用,Text/Number/Phone/Email/Uri/Decimal/Password/NumberPassword；不等同内容校验,page_snapshot_component_lines
Card,style.input.ime_action,no,不适用,键盘动作枚举；Previous/单行 None 阻断；业务提交回调另走 contract,page_snapshot_component_lines
Card,style.typography.soft_wrap,no,不适用,显式布尔；false 支持不含硬换行的单段文字，硬换行逐段渲染未支持,page_snapshot_component_lines
Card,style.typography.min_lines,no,不适用,1 为原生默认；多行 Text 使用已验证字体运行时 metrics，复杂约束/输入框多行最低行数阻断,page_snapshot_component_lines
Card,style.control.value,no,不适用,明确 value/progress；不使用样例数值；UI 当前态不等同业务订阅,page_snapshot_component_lines
Card,style.control.minimum,no,不适用,Slider valueRange 或明确默认 0；进度固定 0..1,page_snapshot_component_lines
Card,style.control.maximum,no,不适用,Slider valueRange 或明确默认 1；上限必须大于下限,page_snapshot_component_lines
Card,style.control.steps,no,不适用,离散 steps 转 (max-min)/(steps+1)；连续型与小于平台最小步长阻断,page_snapshot_component_lines
Card,style.control.active_color,no,不适用,显式 color 常量或刷新指示器主题色，作用于轨迹/分隔线而非文字,page_snapshot_component_lines
Card,style.control.inactive_color,no,不适用,显式 trackColor 常量或刷新指示器主题背景,page_snapshot_component_lines
Card,style.control.stroke_width_dp,no,不适用,常量 thickness/strokeWidth；分隔线默认1dp,page_snapshot_component_lines
Box,structure.type,yes,已实现,SourceTree/lanhu_layer,page_snapshot_component_lines
Box,structure.parent_id,yes,已实现,SourceTree/lanhu_layer,page_snapshot_component_lines
Box,structure.children_ids,yes,已实现,SourceTree/lanhu_layer,page_snapshot_component_lines
Box,structure.sibling_index,yes,已实现,SourceTree/lanhu_layer,page_snapshot_component_lines
Box,style.layout.padding_dp,yes,条件,expand_ordered_layout_modifiers 保留纯常量 padding/size/width/height 嵌套；交织绘制/重复同轴尺寸阻断,page_snapshot_component_lines
Box,style.layout.margin_dp,yes,条件,运行测量/页面事实；Compose 没有通用 margin 参数,page_snapshot_component_lines
Box,style.layout.layout_direction,yes,条件,页面事实；CompositionLocal 的上下文解析未全覆盖,page_snapshot_component_lines
Box,style.layout.z_index,yes,条件,zIndex 走 layoutRules；该字段来自运行/页面事实,page_snapshot_component_lines
Box,style.layout.alignment,yes,条件,contentAlignment/horizontalAlignment/verticalAlignment; 枚举,page_snapshot_container_alignment_lines
Box,style.layout.horizontal_arrangement,no,不适用,Arrangement + 常量 spacedBy,page_snapshot_container_alignment_lines
Box,style.layout.vertical_arrangement,no,不适用,Arrangement + 常量 spacedBy,page_snapshot_container_alignment_lines
Box,style.layout.aspect_ratio,yes,已实现,aspectRatio 常量；不猜动态表达式,page_snapshot_component_lines
Box,style.layout.width_dp,yes,条件,width/size; 无显式值使用原生测量，不用参考 frame,page_snapshot_dimension_lines
Box,style.layout.height_dp,yes,条件,height/size; 无显式值使用原生测量，不用参考 frame,page_snapshot_dimension_lines
Box,style.surface.background,yes,条件,solid/null、水平/垂直 Clamp 渐变；未知端点/径向/图片背景阻断,page_snapshot_component_lines
Box,style.surface.corner_radius_dp,yes,条件,四角事实；AbsoluteRoundedCornerShape、统一圆角；方向未知的非对称 Start/End 阻断,page_snapshot_component_lines
Box,style.surface.corner_sizes,yes,条件,带单位四角：dp/px/percent；百分比依赖原生测量的较短边；方向未知的非对称 Start/End 未解析,page_snapshot_component_lines
Box,style.surface.border,yes,条件,统一 solid/dashed/dotted/none；单边、自定义 dash 阻断,page_snapshot_component_lines
Box,style.surface.shadows,yes,近似,单阴影且 spread=0；Android elevation 转换仍是近似；多阴影阻断,page_snapshot_component_lines
Box,style.surface.alpha,yes,已实现,alpha 常量 0..1,page_snapshot_component_lines
Box,style.surface.clip,yes,条件,矩形/圆角；自定义 Path 未支持,page_snapshot_component_lines
Box,style.typography.font_size_sp,no,不适用,Text/TextStyle 常量或已解析主题；字体缩放由运行平台消费,page_snapshot_component_lines
Box,style.typography.font_weight,no,不适用,FontWeight 常量/已解析主题,page_snapshot_component_lines
Box,style.typography.font_style,no,不适用,FontStyle.Normal/Italic; 未知值 unresolved,page_snapshot_component_lines
Box,style.typography.font_family,no,不适用,仅已校验字体资产或声明的系统字体,load_page_font_faces / page_snapshot_component_lines
Box,style.typography.letter_spacing_sp,no,不适用,letterSpacing 常量 sp；支持负数,page_snapshot_component_lines
Box,style.typography.line_height_sp,no,不适用,常量/主题；自定义 LineHeightStyle、低于自然行高未证明等价,page_snapshot_component_lines
Box,style.typography.text_align,no,不适用,Start/Center/End/Justify,page_snapshot_component_lines
Box,style.typography.max_lines,no,不适用,正整数；TextInput 与多行 TextArea 不是同一控件,page_snapshot_component_lines
Box,style.typography.overflow,no,不适用,clip/ellipsis；visible 未支持并阻断；两类 ArkUI 签名分开,page_snapshot_component_lines
Box,style.typography.color,no,不适用,明确颜色或已解析主题；容器颜色需实际下传到文字,page_snapshot_component_lines
Box,style.typography.decoration,no,不适用,none/underline/line_through,page_snapshot_component_lines
Box,style.asset.resource,no,不适用,本地资源或 AsyncImage HTTP(S)；无预览图回退,page_snapshot_component_lines
Box,style.asset.sha256,no,不适用,资源提取记录；格式转换后由资源 provenance 验证，不是绘制属性,build_target_phase_consumption_gate
Box,style.asset.width_px,no,不适用,可记录源像素尺寸；单输入渲染必须有逻辑尺寸，不能直接按 px 布局,build_target_phase_consumption_gate
Box,style.asset.height_px,no,不适用,可记录源像素尺寸；不能当作 dp 使用,build_target_phase_consumption_gate
Box,style.asset.width_dp,no,不适用,资源本征尺寸，不是控件硬宽度,page_snapshot_intrinsic_image_lines
Box,style.asset.height_dp,no,不适用,资源本征尺寸，不是控件硬高度,page_snapshot_intrinsic_image_lines
Box,style.asset.content_scale,no,不适用,fit/crop/fill/inside/none; 未指定尺寸时需可验证本征测量,page_snapshot_intrinsic_image_lines / page_snapshot_component_lines
Box,style.asset.tint,no,不适用,显式 tint/ColorFilter.tint；仅支持当前颜色滤镜映射,page_snapshot_component_lines
Box,style.transform.translation_x_dp,yes,条件,运行/页面事实；源码 offset 单独走 layoutRules，混合变换阻断,page_snapshot_component_lines
Box,style.transform.translation_y_dp,yes,条件,运行/页面事实；源码 offset 单独走 layoutRules，混合变换阻断,page_snapshot_component_lines
Box,style.transform.scale_x,yes,条件,scale 常量；graphicsLayer/自定义原点/顺序组合未支持,page_snapshot_component_lines
Box,style.transform.scale_y,yes,条件,scale 常量；不推算未知表达式,page_snapshot_component_lines
Box,style.transform.rotation_degrees,yes,条件,rotate 常量；默认中心原点,page_snapshot_component_lines
Box,style.state.visible,yes,条件,显式布尔页面状态；消失不占位，不等于完整动画状态机,page_snapshot_component_lines
Box,style.state.refreshing,no,不适用,isRefreshing 固定布尔状态；Box 叠加原生 LoadingProgress，动画外观近似，不包含刷新业务回调,page_snapshot_component_lines
Box,style.state.enabled,yes,已实现,显式布尔优先于默认值；动态未知值不填 true,page_snapshot_component_lines
Box,style.state.selected,no,不适用,RadioButton 的明确选中态；不代表任意容器都有选中样式,page_snapshot_component_lines
Box,style.state.checked,no,不适用,Checkbox/Switch 的明确布尔状态；缺失或动态未解析阻断,page_snapshot_component_lines
Box,style.state.clickable,yes,业务边界,只记录入口元数据；UI 渲染不产生业务 onClick，另走 behavior contract,build_target_phase_consumption_gate
Box,style.content.text,no,不适用,text/value/已解析资源；Button 文本在子 Text 实际消费,page_snapshot_component_lines
Box,style.content.placeholder,no,不适用,纯文字提示；复杂 slot/浮动 label 不等同 placeholder,page_snapshot_component_lines
Box,style.content.content_description,yes,已实现,contentDescription; 显式 null 不设置,page_snapshot_component_lines
Box,style.content.role,yes,证据,用于页面语义匹配，不代表已实现对应业务,build_target_phase_consumption_gate
Box,style.content.locale,no,不适用,可存储/采集；未单独消费，非空时阻断,build_target_phase_consumption_gate
Box,style.input.single_line,no,不适用,显式布尔；源码省略按 Compose 多行默认；TextInput/TextArea 原生分流,page_snapshot_component_lines
Box,style.input.read_only,no,不适用,显式布尔；禁止软键盘及内容修改，保留选中；API 20+,page_snapshot_component_lines
Box,style.input.password,no,不适用,标准 PasswordVisualTransformation/None；多行密码、自定义字符变换阻断,page_snapshot_component_lines
Box,style.input.keyboard_type,no,不适用,Text/Number/Phone/Email/Uri/Decimal/Password/NumberPassword；不等同内容校验,page_snapshot_component_lines
Box,style.input.ime_action,no,不适用,键盘动作枚举；Previous/单行 None 阻断；业务提交回调另走 contract,page_snapshot_component_lines
Box,style.typography.soft_wrap,no,不适用,显式布尔；false 支持不含硬换行的单段文字，硬换行逐段渲染未支持,page_snapshot_component_lines
Box,style.typography.min_lines,no,不适用,1 为原生默认；多行 Text 使用已验证字体运行时 metrics，复杂约束/输入框多行最低行数阻断,page_snapshot_component_lines
Box,style.control.value,no,不适用,明确 value/progress；不使用样例数值；UI 当前态不等同业务订阅,page_snapshot_component_lines
Box,style.control.minimum,no,不适用,Slider valueRange 或明确默认 0；进度固定 0..1,page_snapshot_component_lines
Box,style.control.maximum,no,不适用,Slider valueRange 或明确默认 1；上限必须大于下限,page_snapshot_component_lines
Box,style.control.steps,no,不适用,离散 steps 转 (max-min)/(steps+1)；连续型与小于平台最小步长阻断,page_snapshot_component_lines
Box,style.control.active_color,no,不适用,显式 color 常量或刷新指示器主题色，作用于轨迹/分隔线而非文字,page_snapshot_component_lines
Box,style.control.inactive_color,no,不适用,显式 trackColor 常量或刷新指示器主题背景,page_snapshot_component_lines
Box,style.control.stroke_width_dp,no,不适用,常量 thickness/strokeWidth；分隔线默认1dp,page_snapshot_component_lines
BoxWithConstraints,structure.type,yes,已实现,SourceTree/lanhu_layer,page_snapshot_component_lines
BoxWithConstraints,structure.parent_id,yes,已实现,SourceTree/lanhu_layer,page_snapshot_component_lines
BoxWithConstraints,structure.children_ids,yes,已实现,SourceTree/lanhu_layer,page_snapshot_component_lines
BoxWithConstraints,structure.sibling_index,yes,已实现,SourceTree/lanhu_layer,page_snapshot_component_lines
BoxWithConstraints,style.layout.padding_dp,yes,条件,expand_ordered_layout_modifiers 保留纯常量 padding/size/width/height 嵌套；交织绘制/重复同轴尺寸阻断,page_snapshot_component_lines
BoxWithConstraints,style.layout.margin_dp,yes,条件,运行测量/页面事实；Compose 没有通用 margin 参数,page_snapshot_component_lines
BoxWithConstraints,style.layout.layout_direction,yes,条件,页面事实；CompositionLocal 的上下文解析未全覆盖,page_snapshot_component_lines
BoxWithConstraints,style.layout.z_index,yes,条件,zIndex 走 layoutRules；该字段来自运行/页面事实,page_snapshot_component_lines
BoxWithConstraints,style.layout.alignment,yes,条件,contentAlignment/horizontalAlignment/verticalAlignment; 枚举,page_snapshot_container_alignment_lines
BoxWithConstraints,style.layout.horizontal_arrangement,no,不适用,Arrangement + 常量 spacedBy,page_snapshot_container_alignment_lines
BoxWithConstraints,style.layout.vertical_arrangement,no,不适用,Arrangement + 常量 spacedBy,page_snapshot_container_alignment_lines
BoxWithConstraints,style.layout.aspect_ratio,yes,已实现,aspectRatio 常量；不猜动态表达式,page_snapshot_component_lines
BoxWithConstraints,style.layout.width_dp,yes,条件,width/size; 无显式值使用原生测量，不用参考 frame,page_snapshot_dimension_lines
BoxWithConstraints,style.layout.height_dp,yes,条件,height/size; 无显式值使用原生测量，不用参考 frame,page_snapshot_dimension_lines
BoxWithConstraints,style.surface.background,yes,条件,solid/null、水平/垂直 Clamp 渐变；未知端点/径向/图片背景阻断,page_snapshot_component_lines
BoxWithConstraints,style.surface.corner_radius_dp,yes,条件,四角事实；AbsoluteRoundedCornerShape、统一圆角；方向未知的非对称 Start/End 阻断,page_snapshot_component_lines
BoxWithConstraints,style.surface.corner_sizes,yes,条件,带单位四角：dp/px/percent；百分比依赖原生测量的较短边；方向未知的非对称 Start/End 未解析,page_snapshot_component_lines
BoxWithConstraints,style.surface.border,yes,条件,统一 solid/dashed/dotted/none；单边、自定义 dash 阻断,page_snapshot_component_lines
BoxWithConstraints,style.surface.shadows,yes,近似,单阴影且 spread=0；Android elevation 转换仍是近似；多阴影阻断,page_snapshot_component_lines
BoxWithConstraints,style.surface.alpha,yes,已实现,alpha 常量 0..1,page_snapshot_component_lines
BoxWithConstraints,style.surface.clip,yes,条件,矩形/圆角；自定义 Path 未支持,page_snapshot_component_lines
BoxWithConstraints,style.typography.font_size_sp,no,不适用,Text/TextStyle 常量或已解析主题；字体缩放由运行平台消费,page_snapshot_component_lines
BoxWithConstraints,style.typography.font_weight,no,不适用,FontWeight 常量/已解析主题,page_snapshot_component_lines
BoxWithConstraints,style.typography.font_style,no,不适用,FontStyle.Normal/Italic; 未知值 unresolved,page_snapshot_component_lines
BoxWithConstraints,style.typography.font_family,no,不适用,仅已校验字体资产或声明的系统字体,load_page_font_faces / page_snapshot_component_lines
BoxWithConstraints,style.typography.letter_spacing_sp,no,不适用,letterSpacing 常量 sp；支持负数,page_snapshot_component_lines
BoxWithConstraints,style.typography.line_height_sp,no,不适用,常量/主题；自定义 LineHeightStyle、低于自然行高未证明等价,page_snapshot_component_lines
BoxWithConstraints,style.typography.text_align,no,不适用,Start/Center/End/Justify,page_snapshot_component_lines
BoxWithConstraints,style.typography.max_lines,no,不适用,正整数；TextInput 与多行 TextArea 不是同一控件,page_snapshot_component_lines
BoxWithConstraints,style.typography.overflow,no,不适用,clip/ellipsis；visible 未支持并阻断；两类 ArkUI 签名分开,page_snapshot_component_lines
BoxWithConstraints,style.typography.color,no,不适用,明确颜色或已解析主题；容器颜色需实际下传到文字,page_snapshot_component_lines
BoxWithConstraints,style.typography.decoration,no,不适用,none/underline/line_through,page_snapshot_component_lines
BoxWithConstraints,style.asset.resource,no,不适用,本地资源或 AsyncImage HTTP(S)；无预览图回退,page_snapshot_component_lines
BoxWithConstraints,style.asset.sha256,no,不适用,资源提取记录；格式转换后由资源 provenance 验证，不是绘制属性,build_target_phase_consumption_gate
BoxWithConstraints,style.asset.width_px,no,不适用,可记录源像素尺寸；单输入渲染必须有逻辑尺寸，不能直接按 px 布局,build_target_phase_consumption_gate
BoxWithConstraints,style.asset.height_px,no,不适用,可记录源像素尺寸；不能当作 dp 使用,build_target_phase_consumption_gate
BoxWithConstraints,style.asset.width_dp,no,不适用,资源本征尺寸，不是控件硬宽度,page_snapshot_intrinsic_image_lines
BoxWithConstraints,style.asset.height_dp,no,不适用,资源本征尺寸，不是控件硬高度,page_snapshot_intrinsic_image_lines
BoxWithConstraints,style.asset.content_scale,no,不适用,fit/crop/fill/inside/none; 未指定尺寸时需可验证本征测量,page_snapshot_intrinsic_image_lines / page_snapshot_component_lines
BoxWithConstraints,style.asset.tint,no,不适用,显式 tint/ColorFilter.tint；仅支持当前颜色滤镜映射,page_snapshot_component_lines
BoxWithConstraints,style.transform.translation_x_dp,yes,条件,运行/页面事实；源码 offset 单独走 layoutRules，混合变换阻断,page_snapshot_component_lines
BoxWithConstraints,style.transform.translation_y_dp,yes,条件,运行/页面事实；源码 offset 单独走 layoutRules，混合变换阻断,page_snapshot_component_lines
BoxWithConstraints,style.transform.scale_x,yes,条件,scale 常量；graphicsLayer/自定义原点/顺序组合未支持,page_snapshot_component_lines
BoxWithConstraints,style.transform.scale_y,yes,条件,scale 常量；不推算未知表达式,page_snapshot_component_lines
BoxWithConstraints,style.transform.rotation_degrees,yes,条件,rotate 常量；默认中心原点,page_snapshot_component_lines
BoxWithConstraints,style.state.visible,yes,条件,显式布尔页面状态；消失不占位，不等于完整动画状态机,page_snapshot_component_lines
BoxWithConstraints,style.state.refreshing,no,不适用,isRefreshing 固定布尔状态；Box 叠加原生 LoadingProgress，动画外观近似，不包含刷新业务回调,page_snapshot_component_lines
BoxWithConstraints,style.state.enabled,yes,已实现,显式布尔优先于默认值；动态未知值不填 true,page_snapshot_component_lines
BoxWithConstraints,style.state.selected,no,不适用,RadioButton 的明确选中态；不代表任意容器都有选中样式,page_snapshot_component_lines
BoxWithConstraints,style.state.checked,no,不适用,Checkbox/Switch 的明确布尔状态；缺失或动态未解析阻断,page_snapshot_component_lines
BoxWithConstraints,style.state.clickable,yes,业务边界,只记录入口元数据；UI 渲染不产生业务 onClick，另走 behavior contract,build_target_phase_consumption_gate
BoxWithConstraints,style.content.text,no,不适用,text/value/已解析资源；Button 文本在子 Text 实际消费,page_snapshot_component_lines
BoxWithConstraints,style.content.placeholder,no,不适用,纯文字提示；复杂 slot/浮动 label 不等同 placeholder,page_snapshot_component_lines
BoxWithConstraints,style.content.content_description,yes,已实现,contentDescription; 显式 null 不设置,page_snapshot_component_lines
BoxWithConstraints,style.content.role,yes,证据,用于页面语义匹配，不代表已实现对应业务,build_target_phase_consumption_gate
BoxWithConstraints,style.content.locale,no,不适用,可存储/采集；未单独消费，非空时阻断,build_target_phase_consumption_gate
BoxWithConstraints,style.input.single_line,no,不适用,显式布尔；源码省略按 Compose 多行默认；TextInput/TextArea 原生分流,page_snapshot_component_lines
BoxWithConstraints,style.input.read_only,no,不适用,显式布尔；禁止软键盘及内容修改，保留选中；API 20+,page_snapshot_component_lines
BoxWithConstraints,style.input.password,no,不适用,标准 PasswordVisualTransformation/None；多行密码、自定义字符变换阻断,page_snapshot_component_lines
BoxWithConstraints,style.input.keyboard_type,no,不适用,Text/Number/Phone/Email/Uri/Decimal/Password/NumberPassword；不等同内容校验,page_snapshot_component_lines
BoxWithConstraints,style.input.ime_action,no,不适用,键盘动作枚举；Previous/单行 None 阻断；业务提交回调另走 contract,page_snapshot_component_lines
BoxWithConstraints,style.typography.soft_wrap,no,不适用,显式布尔；false 支持不含硬换行的单段文字，硬换行逐段渲染未支持,page_snapshot_component_lines
BoxWithConstraints,style.typography.min_lines,no,不适用,1 为原生默认；多行 Text 使用已验证字体运行时 metrics，复杂约束/输入框多行最低行数阻断,page_snapshot_component_lines
BoxWithConstraints,style.control.value,no,不适用,明确 value/progress；不使用样例数值；UI 当前态不等同业务订阅,page_snapshot_component_lines
BoxWithConstraints,style.control.minimum,no,不适用,Slider valueRange 或明确默认 0；进度固定 0..1,page_snapshot_component_lines
BoxWithConstraints,style.control.maximum,no,不适用,Slider valueRange 或明确默认 1；上限必须大于下限,page_snapshot_component_lines
BoxWithConstraints,style.control.steps,no,不适用,离散 steps 转 (max-min)/(steps+1)；连续型与小于平台最小步长阻断,page_snapshot_component_lines
BoxWithConstraints,style.control.active_color,no,不适用,显式 color 常量或刷新指示器主题色，作用于轨迹/分隔线而非文字,page_snapshot_component_lines
BoxWithConstraints,style.control.inactive_color,no,不适用,显式 trackColor 常量或刷新指示器主题背景,page_snapshot_component_lines
BoxWithConstraints,style.control.stroke_width_dp,no,不适用,常量 thickness/strokeWidth；分隔线默认1dp,page_snapshot_component_lines
Surface,structure.type,yes,已实现,SourceTree/lanhu_layer,page_snapshot_component_lines
Surface,structure.parent_id,yes,已实现,SourceTree/lanhu_layer,page_snapshot_component_lines
Surface,structure.children_ids,yes,已实现,SourceTree/lanhu_layer,page_snapshot_component_lines
Surface,structure.sibling_index,yes,已实现,SourceTree/lanhu_layer,page_snapshot_component_lines
Surface,style.layout.padding_dp,yes,条件,expand_ordered_layout_modifiers 保留纯常量 padding/size/width/height 嵌套；交织绘制/重复同轴尺寸阻断,page_snapshot_component_lines
Surface,style.layout.margin_dp,yes,条件,运行测量/页面事实；Compose 没有通用 margin 参数,page_snapshot_component_lines
Surface,style.layout.layout_direction,yes,条件,页面事实；CompositionLocal 的上下文解析未全覆盖,page_snapshot_component_lines
Surface,style.layout.z_index,yes,条件,zIndex 走 layoutRules；该字段来自运行/页面事实,page_snapshot_component_lines
Surface,style.layout.alignment,yes,条件,contentAlignment/horizontalAlignment/verticalAlignment; 枚举,page_snapshot_container_alignment_lines
Surface,style.layout.horizontal_arrangement,no,不适用,Arrangement + 常量 spacedBy,page_snapshot_container_alignment_lines
Surface,style.layout.vertical_arrangement,no,不适用,Arrangement + 常量 spacedBy,page_snapshot_container_alignment_lines
Surface,style.layout.aspect_ratio,yes,已实现,aspectRatio 常量；不猜动态表达式,page_snapshot_component_lines
Surface,style.layout.width_dp,yes,条件,width/size; 无显式值使用原生测量，不用参考 frame,page_snapshot_dimension_lines
Surface,style.layout.height_dp,yes,条件,height/size; 无显式值使用原生测量，不用参考 frame,page_snapshot_dimension_lines
Surface,style.surface.background,yes,条件,solid/null、水平/垂直 Clamp 渐变；未知端点/径向/图片背景阻断,page_snapshot_component_lines
Surface,style.surface.corner_radius_dp,yes,条件,四角事实；AbsoluteRoundedCornerShape、统一圆角；方向未知的非对称 Start/End 阻断,page_snapshot_component_lines
Surface,style.surface.corner_sizes,yes,条件,带单位四角：dp/px/percent；百分比依赖原生测量的较短边；方向未知的非对称 Start/End 未解析,page_snapshot_component_lines
Surface,style.surface.border,yes,条件,统一 solid/dashed/dotted/none；单边、自定义 dash 阻断,page_snapshot_component_lines
Surface,style.surface.shadows,yes,近似,单阴影且 spread=0；Android elevation 转换仍是近似；多阴影阻断,page_snapshot_component_lines
Surface,style.surface.alpha,yes,已实现,alpha 常量 0..1,page_snapshot_component_lines
Surface,style.surface.clip,yes,条件,矩形/圆角；自定义 Path 未支持,page_snapshot_component_lines
Surface,style.typography.font_size_sp,no,不适用,Text/TextStyle 常量或已解析主题；字体缩放由运行平台消费,page_snapshot_component_lines
Surface,style.typography.font_weight,no,不适用,FontWeight 常量/已解析主题,page_snapshot_component_lines
Surface,style.typography.font_style,no,不适用,FontStyle.Normal/Italic; 未知值 unresolved,page_snapshot_component_lines
Surface,style.typography.font_family,no,不适用,仅已校验字体资产或声明的系统字体,load_page_font_faces / page_snapshot_component_lines
Surface,style.typography.letter_spacing_sp,no,不适用,letterSpacing 常量 sp；支持负数,page_snapshot_component_lines
Surface,style.typography.line_height_sp,no,不适用,常量/主题；自定义 LineHeightStyle、低于自然行高未证明等价,page_snapshot_component_lines
Surface,style.typography.text_align,no,不适用,Start/Center/End/Justify,page_snapshot_component_lines
Surface,style.typography.max_lines,no,不适用,正整数；TextInput 与多行 TextArea 不是同一控件,page_snapshot_component_lines
Surface,style.typography.overflow,no,不适用,clip/ellipsis；visible 未支持并阻断；两类 ArkUI 签名分开,page_snapshot_component_lines
Surface,style.typography.color,no,不适用,明确颜色或已解析主题；容器颜色需实际下传到文字,page_snapshot_component_lines
Surface,style.typography.decoration,no,不适用,none/underline/line_through,page_snapshot_component_lines
Surface,style.asset.resource,no,不适用,本地资源或 AsyncImage HTTP(S)；无预览图回退,page_snapshot_component_lines
Surface,style.asset.sha256,no,不适用,资源提取记录；格式转换后由资源 provenance 验证，不是绘制属性,build_target_phase_consumption_gate
Surface,style.asset.width_px,no,不适用,可记录源像素尺寸；单输入渲染必须有逻辑尺寸，不能直接按 px 布局,build_target_phase_consumption_gate
Surface,style.asset.height_px,no,不适用,可记录源像素尺寸；不能当作 dp 使用,build_target_phase_consumption_gate
Surface,style.asset.width_dp,no,不适用,资源本征尺寸，不是控件硬宽度,page_snapshot_intrinsic_image_lines
Surface,style.asset.height_dp,no,不适用,资源本征尺寸，不是控件硬高度,page_snapshot_intrinsic_image_lines
Surface,style.asset.content_scale,no,不适用,fit/crop/fill/inside/none; 未指定尺寸时需可验证本征测量,page_snapshot_intrinsic_image_lines / page_snapshot_component_lines
Surface,style.asset.tint,no,不适用,显式 tint/ColorFilter.tint；仅支持当前颜色滤镜映射,page_snapshot_component_lines
Surface,style.transform.translation_x_dp,yes,条件,运行/页面事实；源码 offset 单独走 layoutRules，混合变换阻断,page_snapshot_component_lines
Surface,style.transform.translation_y_dp,yes,条件,运行/页面事实；源码 offset 单独走 layoutRules，混合变换阻断,page_snapshot_component_lines
Surface,style.transform.scale_x,yes,条件,scale 常量；graphicsLayer/自定义原点/顺序组合未支持,page_snapshot_component_lines
Surface,style.transform.scale_y,yes,条件,scale 常量；不推算未知表达式,page_snapshot_component_lines
Surface,style.transform.rotation_degrees,yes,条件,rotate 常量；默认中心原点,page_snapshot_component_lines
Surface,style.state.visible,yes,条件,显式布尔页面状态；消失不占位，不等于完整动画状态机,page_snapshot_component_lines
Surface,style.state.refreshing,no,不适用,isRefreshing 固定布尔状态；Box 叠加原生 LoadingProgress，动画外观近似，不包含刷新业务回调,page_snapshot_component_lines
Surface,style.state.enabled,yes,已实现,显式布尔优先于默认值；动态未知值不填 true,page_snapshot_component_lines
Surface,style.state.selected,no,不适用,RadioButton 的明确选中态；不代表任意容器都有选中样式,page_snapshot_component_lines
Surface,style.state.checked,no,不适用,Checkbox/Switch 的明确布尔状态；缺失或动态未解析阻断,page_snapshot_component_lines
Surface,style.state.clickable,yes,业务边界,只记录入口元数据；UI 渲染不产生业务 onClick，另走 behavior contract,build_target_phase_consumption_gate
Surface,style.content.text,no,不适用,text/value/已解析资源；Button 文本在子 Text 实际消费,page_snapshot_component_lines
Surface,style.content.placeholder,no,不适用,纯文字提示；复杂 slot/浮动 label 不等同 placeholder,page_snapshot_component_lines
Surface,style.content.content_description,yes,已实现,contentDescription; 显式 null 不设置,page_snapshot_component_lines
Surface,style.content.role,yes,证据,用于页面语义匹配，不代表已实现对应业务,build_target_phase_consumption_gate
Surface,style.content.locale,no,不适用,可存储/采集；未单独消费，非空时阻断,build_target_phase_consumption_gate
Surface,style.input.single_line,no,不适用,显式布尔；源码省略按 Compose 多行默认；TextInput/TextArea 原生分流,page_snapshot_component_lines
Surface,style.input.read_only,no,不适用,显式布尔；禁止软键盘及内容修改，保留选中；API 20+,page_snapshot_component_lines
Surface,style.input.password,no,不适用,标准 PasswordVisualTransformation/None；多行密码、自定义字符变换阻断,page_snapshot_component_lines
Surface,style.input.keyboard_type,no,不适用,Text/Number/Phone/Email/Uri/Decimal/Password/NumberPassword；不等同内容校验,page_snapshot_component_lines
Surface,style.input.ime_action,no,不适用,键盘动作枚举；Previous/单行 None 阻断；业务提交回调另走 contract,page_snapshot_component_lines
Surface,style.typography.soft_wrap,no,不适用,显式布尔；false 支持不含硬换行的单段文字，硬换行逐段渲染未支持,page_snapshot_component_lines
Surface,style.typography.min_lines,no,不适用,1 为原生默认；多行 Text 使用已验证字体运行时 metrics，复杂约束/输入框多行最低行数阻断,page_snapshot_component_lines
Surface,style.control.value,no,不适用,明确 value/progress；不使用样例数值；UI 当前态不等同业务订阅,page_snapshot_component_lines
Surface,style.control.minimum,no,不适用,Slider valueRange 或明确默认 0；进度固定 0..1,page_snapshot_component_lines
Surface,style.control.maximum,no,不适用,Slider valueRange 或明确默认 1；上限必须大于下限,page_snapshot_component_lines
Surface,style.control.steps,no,不适用,离散 steps 转 (max-min)/(steps+1)；连续型与小于平台最小步长阻断,page_snapshot_component_lines
Surface,style.control.active_color,no,不适用,显式 color 常量或刷新指示器主题色，作用于轨迹/分隔线而非文字,page_snapshot_component_lines
Surface,style.control.inactive_color,no,不适用,显式 trackColor 常量或刷新指示器主题背景,page_snapshot_component_lines
Surface,style.control.stroke_width_dp,no,不适用,常量 thickness/strokeWidth；分隔线默认1dp,page_snapshot_component_lines
AnimatedVisibility,structure.type,yes,已实现,SourceTree/lanhu_layer,page_snapshot_component_lines
AnimatedVisibility,structure.parent_id,yes,已实现,SourceTree/lanhu_layer,page_snapshot_component_lines
AnimatedVisibility,structure.children_ids,yes,已实现,SourceTree/lanhu_layer,page_snapshot_component_lines
AnimatedVisibility,structure.sibling_index,yes,已实现,SourceTree/lanhu_layer,page_snapshot_component_lines
AnimatedVisibility,style.layout.padding_dp,yes,条件,expand_ordered_layout_modifiers 保留纯常量 padding/size/width/height 嵌套；交织绘制/重复同轴尺寸阻断,page_snapshot_component_lines
AnimatedVisibility,style.layout.margin_dp,yes,条件,运行测量/页面事实；Compose 没有通用 margin 参数,page_snapshot_component_lines
AnimatedVisibility,style.layout.layout_direction,yes,条件,页面事实；CompositionLocal 的上下文解析未全覆盖,page_snapshot_component_lines
AnimatedVisibility,style.layout.z_index,yes,条件,zIndex 走 layoutRules；该字段来自运行/页面事实,page_snapshot_component_lines
AnimatedVisibility,style.layout.alignment,yes,条件,contentAlignment/horizontalAlignment/verticalAlignment; 枚举,page_snapshot_container_alignment_lines
AnimatedVisibility,style.layout.horizontal_arrangement,no,不适用,Arrangement + 常量 spacedBy,page_snapshot_container_alignment_lines
AnimatedVisibility,style.layout.vertical_arrangement,no,不适用,Arrangement + 常量 spacedBy,page_snapshot_container_alignment_lines
AnimatedVisibility,style.layout.aspect_ratio,yes,已实现,aspectRatio 常量；不猜动态表达式,page_snapshot_component_lines
AnimatedVisibility,style.layout.width_dp,yes,条件,width/size; 无显式值使用原生测量，不用参考 frame,page_snapshot_dimension_lines
AnimatedVisibility,style.layout.height_dp,yes,条件,height/size; 无显式值使用原生测量，不用参考 frame,page_snapshot_dimension_lines
AnimatedVisibility,style.surface.background,yes,条件,solid/null、水平/垂直 Clamp 渐变；未知端点/径向/图片背景阻断,page_snapshot_component_lines
AnimatedVisibility,style.surface.corner_radius_dp,yes,条件,四角事实；AbsoluteRoundedCornerShape、统一圆角；方向未知的非对称 Start/End 阻断,page_snapshot_component_lines
AnimatedVisibility,style.surface.corner_sizes,yes,条件,带单位四角：dp/px/percent；百分比依赖原生测量的较短边；方向未知的非对称 Start/End 未解析,page_snapshot_component_lines
AnimatedVisibility,style.surface.border,yes,条件,统一 solid/dashed/dotted/none；单边、自定义 dash 阻断,page_snapshot_component_lines
AnimatedVisibility,style.surface.shadows,yes,近似,单阴影且 spread=0；Android elevation 转换仍是近似；多阴影阻断,page_snapshot_component_lines
AnimatedVisibility,style.surface.alpha,yes,已实现,alpha 常量 0..1,page_snapshot_component_lines
AnimatedVisibility,style.surface.clip,yes,条件,矩形/圆角；自定义 Path 未支持,page_snapshot_component_lines
AnimatedVisibility,style.typography.font_size_sp,no,不适用,Text/TextStyle 常量或已解析主题；字体缩放由运行平台消费,page_snapshot_component_lines
AnimatedVisibility,style.typography.font_weight,no,不适用,FontWeight 常量/已解析主题,page_snapshot_component_lines
AnimatedVisibility,style.typography.font_style,no,不适用,FontStyle.Normal/Italic; 未知值 unresolved,page_snapshot_component_lines
AnimatedVisibility,style.typography.font_family,no,不适用,仅已校验字体资产或声明的系统字体,load_page_font_faces / page_snapshot_component_lines
AnimatedVisibility,style.typography.letter_spacing_sp,no,不适用,letterSpacing 常量 sp；支持负数,page_snapshot_component_lines
AnimatedVisibility,style.typography.line_height_sp,no,不适用,常量/主题；自定义 LineHeightStyle、低于自然行高未证明等价,page_snapshot_component_lines
AnimatedVisibility,style.typography.text_align,no,不适用,Start/Center/End/Justify,page_snapshot_component_lines
AnimatedVisibility,style.typography.max_lines,no,不适用,正整数；TextInput 与多行 TextArea 不是同一控件,page_snapshot_component_lines
AnimatedVisibility,style.typography.overflow,no,不适用,clip/ellipsis；visible 未支持并阻断；两类 ArkUI 签名分开,page_snapshot_component_lines
AnimatedVisibility,style.typography.color,no,不适用,明确颜色或已解析主题；容器颜色需实际下传到文字,page_snapshot_component_lines
AnimatedVisibility,style.typography.decoration,no,不适用,none/underline/line_through,page_snapshot_component_lines
AnimatedVisibility,style.asset.resource,no,不适用,本地资源或 AsyncImage HTTP(S)；无预览图回退,page_snapshot_component_lines
AnimatedVisibility,style.asset.sha256,no,不适用,资源提取记录；格式转换后由资源 provenance 验证，不是绘制属性,build_target_phase_consumption_gate
AnimatedVisibility,style.asset.width_px,no,不适用,可记录源像素尺寸；单输入渲染必须有逻辑尺寸，不能直接按 px 布局,build_target_phase_consumption_gate
AnimatedVisibility,style.asset.height_px,no,不适用,可记录源像素尺寸；不能当作 dp 使用,build_target_phase_consumption_gate
AnimatedVisibility,style.asset.width_dp,no,不适用,资源本征尺寸，不是控件硬宽度,page_snapshot_intrinsic_image_lines
AnimatedVisibility,style.asset.height_dp,no,不适用,资源本征尺寸，不是控件硬高度,page_snapshot_intrinsic_image_lines
AnimatedVisibility,style.asset.content_scale,no,不适用,fit/crop/fill/inside/none; 未指定尺寸时需可验证本征测量,page_snapshot_intrinsic_image_lines / page_snapshot_component_lines
AnimatedVisibility,style.asset.tint,no,不适用,显式 tint/ColorFilter.tint；仅支持当前颜色滤镜映射,page_snapshot_component_lines
AnimatedVisibility,style.transform.translation_x_dp,yes,条件,运行/页面事实；源码 offset 单独走 layoutRules，混合变换阻断,page_snapshot_component_lines
AnimatedVisibility,style.transform.translation_y_dp,yes,条件,运行/页面事实；源码 offset 单独走 layoutRules，混合变换阻断,page_snapshot_component_lines
AnimatedVisibility,style.transform.scale_x,yes,条件,scale 常量；graphicsLayer/自定义原点/顺序组合未支持,page_snapshot_component_lines
AnimatedVisibility,style.transform.scale_y,yes,条件,scale 常量；不推算未知表达式,page_snapshot_component_lines
AnimatedVisibility,style.transform.rotation_degrees,yes,条件,rotate 常量；默认中心原点,page_snapshot_component_lines
AnimatedVisibility,style.state.visible,yes,条件,显式布尔页面状态；消失不占位，不等于完整动画状态机,page_snapshot_component_lines
AnimatedVisibility,style.state.refreshing,no,不适用,isRefreshing 固定布尔状态；Box 叠加原生 LoadingProgress，动画外观近似，不包含刷新业务回调,page_snapshot_component_lines
AnimatedVisibility,style.state.enabled,yes,已实现,显式布尔优先于默认值；动态未知值不填 true,page_snapshot_component_lines
AnimatedVisibility,style.state.selected,no,不适用,RadioButton 的明确选中态；不代表任意容器都有选中样式,page_snapshot_component_lines
AnimatedVisibility,style.state.checked,no,不适用,Checkbox/Switch 的明确布尔状态；缺失或动态未解析阻断,page_snapshot_component_lines
AnimatedVisibility,style.state.clickable,yes,业务边界,只记录入口元数据；UI 渲染不产生业务 onClick，另走 behavior contract,build_target_phase_consumption_gate
AnimatedVisibility,style.content.text,no,不适用,text/value/已解析资源；Button 文本在子 Text 实际消费,page_snapshot_component_lines
AnimatedVisibility,style.content.placeholder,no,不适用,纯文字提示；复杂 slot/浮动 label 不等同 placeholder,page_snapshot_component_lines
AnimatedVisibility,style.content.content_description,yes,已实现,contentDescription; 显式 null 不设置,page_snapshot_component_lines
AnimatedVisibility,style.content.role,yes,证据,用于页面语义匹配，不代表已实现对应业务,build_target_phase_consumption_gate
AnimatedVisibility,style.content.locale,no,不适用,可存储/采集；未单独消费，非空时阻断,build_target_phase_consumption_gate
AnimatedVisibility,style.input.single_line,no,不适用,显式布尔；源码省略按 Compose 多行默认；TextInput/TextArea 原生分流,page_snapshot_component_lines
AnimatedVisibility,style.input.read_only,no,不适用,显式布尔；禁止软键盘及内容修改，保留选中；API 20+,page_snapshot_component_lines
AnimatedVisibility,style.input.password,no,不适用,标准 PasswordVisualTransformation/None；多行密码、自定义字符变换阻断,page_snapshot_component_lines
AnimatedVisibility,style.input.keyboard_type,no,不适用,Text/Number/Phone/Email/Uri/Decimal/Password/NumberPassword；不等同内容校验,page_snapshot_component_lines
AnimatedVisibility,style.input.ime_action,no,不适用,键盘动作枚举；Previous/单行 None 阻断；业务提交回调另走 contract,page_snapshot_component_lines
AnimatedVisibility,style.typography.soft_wrap,no,不适用,显式布尔；false 支持不含硬换行的单段文字，硬换行逐段渲染未支持,page_snapshot_component_lines
AnimatedVisibility,style.typography.min_lines,no,不适用,1 为原生默认；多行 Text 使用已验证字体运行时 metrics，复杂约束/输入框多行最低行数阻断,page_snapshot_component_lines
AnimatedVisibility,style.control.value,no,不适用,明确 value/progress；不使用样例数值；UI 当前态不等同业务订阅,page_snapshot_component_lines
AnimatedVisibility,style.control.minimum,no,不适用,Slider valueRange 或明确默认 0；进度固定 0..1,page_snapshot_component_lines
AnimatedVisibility,style.control.maximum,no,不适用,Slider valueRange 或明确默认 1；上限必须大于下限,page_snapshot_component_lines
AnimatedVisibility,style.control.steps,no,不适用,离散 steps 转 (max-min)/(steps+1)；连续型与小于平台最小步长阻断,page_snapshot_component_lines
AnimatedVisibility,style.control.active_color,no,不适用,显式 color 常量或刷新指示器主题色，作用于轨迹/分隔线而非文字,page_snapshot_component_lines
AnimatedVisibility,style.control.inactive_color,no,不适用,显式 trackColor 常量或刷新指示器主题背景,page_snapshot_component_lines
AnimatedVisibility,style.control.stroke_width_dp,no,不适用,常量 thickness/strokeWidth；分隔线默认1dp,page_snapshot_component_lines
PullToRefreshBox,structure.type,yes,已实现,SourceTree/lanhu_layer,page_snapshot_component_lines
PullToRefreshBox,structure.parent_id,yes,已实现,SourceTree/lanhu_layer,page_snapshot_component_lines
PullToRefreshBox,structure.children_ids,yes,已实现,SourceTree/lanhu_layer,page_snapshot_component_lines
PullToRefreshBox,structure.sibling_index,yes,已实现,SourceTree/lanhu_layer,page_snapshot_component_lines
PullToRefreshBox,style.layout.padding_dp,yes,条件,expand_ordered_layout_modifiers 保留纯常量 padding/size/width/height 嵌套；交织绘制/重复同轴尺寸阻断,page_snapshot_component_lines
PullToRefreshBox,style.layout.margin_dp,yes,条件,运行测量/页面事实；Compose 没有通用 margin 参数,page_snapshot_component_lines
PullToRefreshBox,style.layout.layout_direction,yes,条件,页面事实；CompositionLocal 的上下文解析未全覆盖,page_snapshot_component_lines
PullToRefreshBox,style.layout.z_index,yes,条件,zIndex 走 layoutRules；该字段来自运行/页面事实,page_snapshot_component_lines
PullToRefreshBox,style.layout.alignment,yes,条件,contentAlignment/horizontalAlignment/verticalAlignment; 枚举,page_snapshot_container_alignment_lines
PullToRefreshBox,style.layout.horizontal_arrangement,no,不适用,Arrangement + 常量 spacedBy,page_snapshot_container_alignment_lines
PullToRefreshBox,style.layout.vertical_arrangement,no,不适用,Arrangement + 常量 spacedBy,page_snapshot_container_alignment_lines
PullToRefreshBox,style.layout.aspect_ratio,yes,已实现,aspectRatio 常量；不猜动态表达式,page_snapshot_component_lines
PullToRefreshBox,style.layout.width_dp,yes,条件,width/size; 无显式值使用原生测量，不用参考 frame,page_snapshot_dimension_lines
PullToRefreshBox,style.layout.height_dp,yes,条件,height/size; 无显式值使用原生测量，不用参考 frame,page_snapshot_dimension_lines
PullToRefreshBox,style.surface.background,yes,条件,solid/null、水平/垂直 Clamp 渐变；未知端点/径向/图片背景阻断,page_snapshot_component_lines
PullToRefreshBox,style.surface.corner_radius_dp,yes,条件,四角事实；AbsoluteRoundedCornerShape、统一圆角；方向未知的非对称 Start/End 阻断,page_snapshot_component_lines
PullToRefreshBox,style.surface.corner_sizes,yes,条件,带单位四角：dp/px/percent；百分比依赖原生测量的较短边；方向未知的非对称 Start/End 未解析,page_snapshot_component_lines
PullToRefreshBox,style.surface.border,yes,条件,统一 solid/dashed/dotted/none；单边、自定义 dash 阻断,page_snapshot_component_lines
PullToRefreshBox,style.surface.shadows,yes,近似,单阴影且 spread=0；Android elevation 转换仍是近似；多阴影阻断,page_snapshot_component_lines
PullToRefreshBox,style.surface.alpha,yes,已实现,alpha 常量 0..1,page_snapshot_component_lines
PullToRefreshBox,style.surface.clip,yes,条件,矩形/圆角；自定义 Path 未支持,page_snapshot_component_lines
PullToRefreshBox,style.typography.font_size_sp,no,不适用,Text/TextStyle 常量或已解析主题；字体缩放由运行平台消费,page_snapshot_component_lines
PullToRefreshBox,style.typography.font_weight,no,不适用,FontWeight 常量/已解析主题,page_snapshot_component_lines
PullToRefreshBox,style.typography.font_style,no,不适用,FontStyle.Normal/Italic; 未知值 unresolved,page_snapshot_component_lines
PullToRefreshBox,style.typography.font_family,no,不适用,仅已校验字体资产或声明的系统字体,load_page_font_faces / page_snapshot_component_lines
PullToRefreshBox,style.typography.letter_spacing_sp,no,不适用,letterSpacing 常量 sp；支持负数,page_snapshot_component_lines
PullToRefreshBox,style.typography.line_height_sp,no,不适用,常量/主题；自定义 LineHeightStyle、低于自然行高未证明等价,page_snapshot_component_lines
PullToRefreshBox,style.typography.text_align,no,不适用,Start/Center/End/Justify,page_snapshot_component_lines
PullToRefreshBox,style.typography.max_lines,no,不适用,正整数；TextInput 与多行 TextArea 不是同一控件,page_snapshot_component_lines
PullToRefreshBox,style.typography.overflow,no,不适用,clip/ellipsis；visible 未支持并阻断；两类 ArkUI 签名分开,page_snapshot_component_lines
PullToRefreshBox,style.typography.color,no,不适用,明确颜色或已解析主题；容器颜色需实际下传到文字,page_snapshot_component_lines
PullToRefreshBox,style.typography.decoration,no,不适用,none/underline/line_through,page_snapshot_component_lines
PullToRefreshBox,style.asset.resource,no,不适用,本地资源或 AsyncImage HTTP(S)；无预览图回退,page_snapshot_component_lines
PullToRefreshBox,style.asset.sha256,no,不适用,资源提取记录；格式转换后由资源 provenance 验证，不是绘制属性,build_target_phase_consumption_gate
PullToRefreshBox,style.asset.width_px,no,不适用,可记录源像素尺寸；单输入渲染必须有逻辑尺寸，不能直接按 px 布局,build_target_phase_consumption_gate
PullToRefreshBox,style.asset.height_px,no,不适用,可记录源像素尺寸；不能当作 dp 使用,build_target_phase_consumption_gate
PullToRefreshBox,style.asset.width_dp,no,不适用,资源本征尺寸，不是控件硬宽度,page_snapshot_intrinsic_image_lines
PullToRefreshBox,style.asset.height_dp,no,不适用,资源本征尺寸，不是控件硬高度,page_snapshot_intrinsic_image_lines
PullToRefreshBox,style.asset.content_scale,no,不适用,fit/crop/fill/inside/none; 未指定尺寸时需可验证本征测量,page_snapshot_intrinsic_image_lines / page_snapshot_component_lines
PullToRefreshBox,style.asset.tint,no,不适用,显式 tint/ColorFilter.tint；仅支持当前颜色滤镜映射,page_snapshot_component_lines
PullToRefreshBox,style.transform.translation_x_dp,yes,条件,运行/页面事实；源码 offset 单独走 layoutRules，混合变换阻断,page_snapshot_component_lines
PullToRefreshBox,style.transform.translation_y_dp,yes,条件,运行/页面事实；源码 offset 单独走 layoutRules，混合变换阻断,page_snapshot_component_lines
PullToRefreshBox,style.transform.scale_x,yes,条件,scale 常量；graphicsLayer/自定义原点/顺序组合未支持,page_snapshot_component_lines
PullToRefreshBox,style.transform.scale_y,yes,条件,scale 常量；不推算未知表达式,page_snapshot_component_lines
PullToRefreshBox,style.transform.rotation_degrees,yes,条件,rotate 常量；默认中心原点,page_snapshot_component_lines
PullToRefreshBox,style.state.visible,yes,条件,显式布尔页面状态；消失不占位，不等于完整动画状态机,page_snapshot_component_lines
PullToRefreshBox,style.state.refreshing,yes,条件,isRefreshing 固定布尔状态；Box 叠加原生 LoadingProgress，动画外观近似，不包含刷新业务回调,page_snapshot_component_lines
PullToRefreshBox,style.state.enabled,yes,已实现,显式布尔优先于默认值；动态未知值不填 true,page_snapshot_component_lines
PullToRefreshBox,style.state.selected,no,不适用,RadioButton 的明确选中态；不代表任意容器都有选中样式,page_snapshot_component_lines
PullToRefreshBox,style.state.checked,no,不适用,Checkbox/Switch 的明确布尔状态；缺失或动态未解析阻断,page_snapshot_component_lines
PullToRefreshBox,style.state.clickable,yes,业务边界,只记录入口元数据；UI 渲染不产生业务 onClick，另走 behavior contract,build_target_phase_consumption_gate
PullToRefreshBox,style.content.text,no,不适用,text/value/已解析资源；Button 文本在子 Text 实际消费,page_snapshot_component_lines
PullToRefreshBox,style.content.placeholder,no,不适用,纯文字提示；复杂 slot/浮动 label 不等同 placeholder,page_snapshot_component_lines
PullToRefreshBox,style.content.content_description,yes,已实现,contentDescription; 显式 null 不设置,page_snapshot_component_lines
PullToRefreshBox,style.content.role,yes,证据,用于页面语义匹配，不代表已实现对应业务,build_target_phase_consumption_gate
PullToRefreshBox,style.content.locale,no,不适用,可存储/采集；未单独消费，非空时阻断,build_target_phase_consumption_gate
PullToRefreshBox,style.input.single_line,no,不适用,显式布尔；源码省略按 Compose 多行默认；TextInput/TextArea 原生分流,page_snapshot_component_lines
PullToRefreshBox,style.input.read_only,no,不适用,显式布尔；禁止软键盘及内容修改，保留选中；API 20+,page_snapshot_component_lines
PullToRefreshBox,style.input.password,no,不适用,标准 PasswordVisualTransformation/None；多行密码、自定义字符变换阻断,page_snapshot_component_lines
PullToRefreshBox,style.input.keyboard_type,no,不适用,Text/Number/Phone/Email/Uri/Decimal/Password/NumberPassword；不等同内容校验,page_snapshot_component_lines
PullToRefreshBox,style.input.ime_action,no,不适用,键盘动作枚举；Previous/单行 None 阻断；业务提交回调另走 contract,page_snapshot_component_lines
PullToRefreshBox,style.typography.soft_wrap,no,不适用,显式布尔；false 支持不含硬换行的单段文字，硬换行逐段渲染未支持,page_snapshot_component_lines
PullToRefreshBox,style.typography.min_lines,no,不适用,1 为原生默认；多行 Text 使用已验证字体运行时 metrics，复杂约束/输入框多行最低行数阻断,page_snapshot_component_lines
PullToRefreshBox,style.control.value,no,不适用,明确 value/progress；不使用样例数值；UI 当前态不等同业务订阅,page_snapshot_component_lines
PullToRefreshBox,style.control.minimum,no,不适用,Slider valueRange 或明确默认 0；进度固定 0..1,page_snapshot_component_lines
PullToRefreshBox,style.control.maximum,no,不适用,Slider valueRange 或明确默认 1；上限必须大于下限,page_snapshot_component_lines
PullToRefreshBox,style.control.steps,no,不适用,离散 steps 转 (max-min)/(steps+1)；连续型与小于平台最小步长阻断,page_snapshot_component_lines
PullToRefreshBox,style.control.active_color,yes,条件,显式 color 常量或刷新指示器主题色，作用于轨迹/分隔线而非文字,page_snapshot_component_lines
PullToRefreshBox,style.control.inactive_color,yes,条件,显式 trackColor 常量或刷新指示器主题背景,page_snapshot_component_lines
PullToRefreshBox,style.control.stroke_width_dp,no,不适用,常量 thickness/strokeWidth；分隔线默认1dp,page_snapshot_component_lines
ConstraintLayout,structure.type,yes,已实现,SourceTree/lanhu_layer,page_snapshot_component_lines
ConstraintLayout,structure.parent_id,yes,已实现,SourceTree/lanhu_layer,page_snapshot_component_lines
ConstraintLayout,structure.children_ids,yes,已实现,SourceTree/lanhu_layer,page_snapshot_component_lines
ConstraintLayout,structure.sibling_index,yes,已实现,SourceTree/lanhu_layer,page_snapshot_component_lines
ConstraintLayout,style.layout.padding_dp,yes,条件,expand_ordered_layout_modifiers 保留纯常量 padding/size/width/height 嵌套；交织绘制/重复同轴尺寸阻断,page_snapshot_component_lines
ConstraintLayout,style.layout.margin_dp,yes,条件,运行测量/页面事实；Compose 没有通用 margin 参数,page_snapshot_component_lines
ConstraintLayout,style.layout.layout_direction,yes,条件,页面事实；CompositionLocal 的上下文解析未全覆盖,page_snapshot_component_lines
ConstraintLayout,style.layout.z_index,yes,条件,zIndex 走 layoutRules；该字段来自运行/页面事实,page_snapshot_component_lines
ConstraintLayout,style.layout.alignment,no,不适用,contentAlignment/horizontalAlignment/verticalAlignment; 枚举,page_snapshot_container_alignment_lines
ConstraintLayout,style.layout.horizontal_arrangement,no,不适用,Arrangement + 常量 spacedBy,page_snapshot_container_alignment_lines
ConstraintLayout,style.layout.vertical_arrangement,no,不适用,Arrangement + 常量 spacedBy,page_snapshot_container_alignment_lines
ConstraintLayout,style.layout.aspect_ratio,yes,已实现,aspectRatio 常量；不猜动态表达式,page_snapshot_component_lines
ConstraintLayout,style.layout.width_dp,yes,条件,width/size; 无显式值使用原生测量，不用参考 frame,page_snapshot_dimension_lines
ConstraintLayout,style.layout.height_dp,yes,条件,height/size; 无显式值使用原生测量，不用参考 frame,page_snapshot_dimension_lines
ConstraintLayout,style.surface.background,yes,条件,solid/null、水平/垂直 Clamp 渐变；未知端点/径向/图片背景阻断,page_snapshot_component_lines
ConstraintLayout,style.surface.corner_radius_dp,yes,条件,四角事实；AbsoluteRoundedCornerShape、统一圆角；方向未知的非对称 Start/End 阻断,page_snapshot_component_lines
ConstraintLayout,style.surface.corner_sizes,yes,条件,带单位四角：dp/px/percent；百分比依赖原生测量的较短边；方向未知的非对称 Start/End 未解析,page_snapshot_component_lines
ConstraintLayout,style.surface.border,yes,条件,统一 solid/dashed/dotted/none；单边、自定义 dash 阻断,page_snapshot_component_lines
ConstraintLayout,style.surface.shadows,yes,近似,单阴影且 spread=0；Android elevation 转换仍是近似；多阴影阻断,page_snapshot_component_lines
ConstraintLayout,style.surface.alpha,yes,已实现,alpha 常量 0..1,page_snapshot_component_lines
ConstraintLayout,style.surface.clip,yes,条件,矩形/圆角；自定义 Path 未支持,page_snapshot_component_lines
ConstraintLayout,style.typography.font_size_sp,no,不适用,Text/TextStyle 常量或已解析主题；字体缩放由运行平台消费,page_snapshot_component_lines
ConstraintLayout,style.typography.font_weight,no,不适用,FontWeight 常量/已解析主题,page_snapshot_component_lines
ConstraintLayout,style.typography.font_style,no,不适用,FontStyle.Normal/Italic; 未知值 unresolved,page_snapshot_component_lines
ConstraintLayout,style.typography.font_family,no,不适用,仅已校验字体资产或声明的系统字体,load_page_font_faces / page_snapshot_component_lines
ConstraintLayout,style.typography.letter_spacing_sp,no,不适用,letterSpacing 常量 sp；支持负数,page_snapshot_component_lines
ConstraintLayout,style.typography.line_height_sp,no,不适用,常量/主题；自定义 LineHeightStyle、低于自然行高未证明等价,page_snapshot_component_lines
ConstraintLayout,style.typography.text_align,no,不适用,Start/Center/End/Justify,page_snapshot_component_lines
ConstraintLayout,style.typography.max_lines,no,不适用,正整数；TextInput 与多行 TextArea 不是同一控件,page_snapshot_component_lines
ConstraintLayout,style.typography.overflow,no,不适用,clip/ellipsis；visible 未支持并阻断；两类 ArkUI 签名分开,page_snapshot_component_lines
ConstraintLayout,style.typography.color,no,不适用,明确颜色或已解析主题；容器颜色需实际下传到文字,page_snapshot_component_lines
ConstraintLayout,style.typography.decoration,no,不适用,none/underline/line_through,page_snapshot_component_lines
ConstraintLayout,style.asset.resource,no,不适用,本地资源或 AsyncImage HTTP(S)；无预览图回退,page_snapshot_component_lines
ConstraintLayout,style.asset.sha256,no,不适用,资源提取记录；格式转换后由资源 provenance 验证，不是绘制属性,build_target_phase_consumption_gate
ConstraintLayout,style.asset.width_px,no,不适用,可记录源像素尺寸；单输入渲染必须有逻辑尺寸，不能直接按 px 布局,build_target_phase_consumption_gate
ConstraintLayout,style.asset.height_px,no,不适用,可记录源像素尺寸；不能当作 dp 使用,build_target_phase_consumption_gate
ConstraintLayout,style.asset.width_dp,no,不适用,资源本征尺寸，不是控件硬宽度,page_snapshot_intrinsic_image_lines
ConstraintLayout,style.asset.height_dp,no,不适用,资源本征尺寸，不是控件硬高度,page_snapshot_intrinsic_image_lines
ConstraintLayout,style.asset.content_scale,no,不适用,fit/crop/fill/inside/none; 未指定尺寸时需可验证本征测量,page_snapshot_intrinsic_image_lines / page_snapshot_component_lines
ConstraintLayout,style.asset.tint,no,不适用,显式 tint/ColorFilter.tint；仅支持当前颜色滤镜映射,page_snapshot_component_lines
ConstraintLayout,style.transform.translation_x_dp,yes,条件,运行/页面事实；源码 offset 单独走 layoutRules，混合变换阻断,page_snapshot_component_lines
ConstraintLayout,style.transform.translation_y_dp,yes,条件,运行/页面事实；源码 offset 单独走 layoutRules，混合变换阻断,page_snapshot_component_lines
ConstraintLayout,style.transform.scale_x,yes,条件,scale 常量；graphicsLayer/自定义原点/顺序组合未支持,page_snapshot_component_lines
ConstraintLayout,style.transform.scale_y,yes,条件,scale 常量；不推算未知表达式,page_snapshot_component_lines
ConstraintLayout,style.transform.rotation_degrees,yes,条件,rotate 常量；默认中心原点,page_snapshot_component_lines
ConstraintLayout,style.state.visible,yes,条件,显式布尔页面状态；消失不占位，不等于完整动画状态机,page_snapshot_component_lines
ConstraintLayout,style.state.refreshing,no,不适用,isRefreshing 固定布尔状态；Box 叠加原生 LoadingProgress，动画外观近似，不包含刷新业务回调,page_snapshot_component_lines
ConstraintLayout,style.state.enabled,yes,已实现,显式布尔优先于默认值；动态未知值不填 true,page_snapshot_component_lines
ConstraintLayout,style.state.selected,no,不适用,RadioButton 的明确选中态；不代表任意容器都有选中样式,page_snapshot_component_lines
ConstraintLayout,style.state.checked,no,不适用,Checkbox/Switch 的明确布尔状态；缺失或动态未解析阻断,page_snapshot_component_lines
ConstraintLayout,style.state.clickable,yes,业务边界,只记录入口元数据；UI 渲染不产生业务 onClick，另走 behavior contract,build_target_phase_consumption_gate
ConstraintLayout,style.content.text,no,不适用,text/value/已解析资源；Button 文本在子 Text 实际消费,page_snapshot_component_lines
ConstraintLayout,style.content.placeholder,no,不适用,纯文字提示；复杂 slot/浮动 label 不等同 placeholder,page_snapshot_component_lines
ConstraintLayout,style.content.content_description,yes,已实现,contentDescription; 显式 null 不设置,page_snapshot_component_lines
ConstraintLayout,style.content.role,yes,证据,用于页面语义匹配，不代表已实现对应业务,build_target_phase_consumption_gate
ConstraintLayout,style.content.locale,no,不适用,可存储/采集；未单独消费，非空时阻断,build_target_phase_consumption_gate
ConstraintLayout,style.input.single_line,no,不适用,显式布尔；源码省略按 Compose 多行默认；TextInput/TextArea 原生分流,page_snapshot_component_lines
ConstraintLayout,style.input.read_only,no,不适用,显式布尔；禁止软键盘及内容修改，保留选中；API 20+,page_snapshot_component_lines
ConstraintLayout,style.input.password,no,不适用,标准 PasswordVisualTransformation/None；多行密码、自定义字符变换阻断,page_snapshot_component_lines
ConstraintLayout,style.input.keyboard_type,no,不适用,Text/Number/Phone/Email/Uri/Decimal/Password/NumberPassword；不等同内容校验,page_snapshot_component_lines
ConstraintLayout,style.input.ime_action,no,不适用,键盘动作枚举；Previous/单行 None 阻断；业务提交回调另走 contract,page_snapshot_component_lines
ConstraintLayout,style.typography.soft_wrap,no,不适用,显式布尔；false 支持不含硬换行的单段文字，硬换行逐段渲染未支持,page_snapshot_component_lines
ConstraintLayout,style.typography.min_lines,no,不适用,1 为原生默认；多行 Text 使用已验证字体运行时 metrics，复杂约束/输入框多行最低行数阻断,page_snapshot_component_lines
ConstraintLayout,style.control.value,no,不适用,明确 value/progress；不使用样例数值；UI 当前态不等同业务订阅,page_snapshot_component_lines
ConstraintLayout,style.control.minimum,no,不适用,Slider valueRange 或明确默认 0；进度固定 0..1,page_snapshot_component_lines
ConstraintLayout,style.control.maximum,no,不适用,Slider valueRange 或明确默认 1；上限必须大于下限,page_snapshot_component_lines
ConstraintLayout,style.control.steps,no,不适用,离散 steps 转 (max-min)/(steps+1)；连续型与小于平台最小步长阻断,page_snapshot_component_lines
ConstraintLayout,style.control.active_color,no,不适用,显式 color 常量或刷新指示器主题色，作用于轨迹/分隔线而非文字,page_snapshot_component_lines
ConstraintLayout,style.control.inactive_color,no,不适用,显式 trackColor 常量或刷新指示器主题背景,page_snapshot_component_lines
ConstraintLayout,style.control.stroke_width_dp,no,不适用,常量 thickness/strokeWidth；分隔线默认1dp,page_snapshot_component_lines
TopAppBar,structure.type,yes,已实现,SourceTree/lanhu_layer,page_snapshot_component_lines
TopAppBar,structure.parent_id,yes,已实现,SourceTree/lanhu_layer,page_snapshot_component_lines
TopAppBar,structure.children_ids,yes,已实现,SourceTree/lanhu_layer,page_snapshot_component_lines
TopAppBar,structure.sibling_index,yes,已实现,SourceTree/lanhu_layer,page_snapshot_component_lines
TopAppBar,style.layout.padding_dp,yes,条件,expand_ordered_layout_modifiers 保留纯常量 padding/size/width/height 嵌套；交织绘制/重复同轴尺寸阻断,page_snapshot_component_lines
TopAppBar,style.layout.margin_dp,yes,条件,运行测量/页面事实；Compose 没有通用 margin 参数,page_snapshot_component_lines
TopAppBar,style.layout.layout_direction,yes,条件,页面事实；CompositionLocal 的上下文解析未全覆盖,page_snapshot_component_lines
TopAppBar,style.layout.z_index,yes,条件,zIndex 走 layoutRules；该字段来自运行/页面事实,page_snapshot_component_lines
TopAppBar,style.layout.alignment,yes,条件,contentAlignment/horizontalAlignment/verticalAlignment; 枚举,page_snapshot_container_alignment_lines
TopAppBar,style.layout.horizontal_arrangement,no,不适用,Arrangement + 常量 spacedBy,page_snapshot_container_alignment_lines
TopAppBar,style.layout.vertical_arrangement,no,不适用,Arrangement + 常量 spacedBy,page_snapshot_container_alignment_lines
TopAppBar,style.layout.aspect_ratio,yes,已实现,aspectRatio 常量；不猜动态表达式,page_snapshot_component_lines
TopAppBar,style.layout.width_dp,yes,条件,width/size; 无显式值使用原生测量，不用参考 frame,page_snapshot_dimension_lines
TopAppBar,style.layout.height_dp,yes,条件,height/size; 无显式值使用原生测量，不用参考 frame,page_snapshot_dimension_lines
TopAppBar,style.surface.background,yes,条件,solid/null、水平/垂直 Clamp 渐变；未知端点/径向/图片背景阻断,page_snapshot_component_lines
TopAppBar,style.surface.corner_radius_dp,yes,条件,四角事实；AbsoluteRoundedCornerShape、统一圆角；方向未知的非对称 Start/End 阻断,page_snapshot_component_lines
TopAppBar,style.surface.corner_sizes,yes,条件,带单位四角：dp/px/percent；百分比依赖原生测量的较短边；方向未知的非对称 Start/End 未解析,page_snapshot_component_lines
TopAppBar,style.surface.border,yes,条件,统一 solid/dashed/dotted/none；单边、自定义 dash 阻断,page_snapshot_component_lines
TopAppBar,style.surface.shadows,yes,近似,单阴影且 spread=0；Android elevation 转换仍是近似；多阴影阻断,page_snapshot_component_lines
TopAppBar,style.surface.alpha,yes,已实现,alpha 常量 0..1,page_snapshot_component_lines
TopAppBar,style.surface.clip,yes,条件,矩形/圆角；自定义 Path 未支持,page_snapshot_component_lines
TopAppBar,style.typography.font_size_sp,no,不适用,Text/TextStyle 常量或已解析主题；字体缩放由运行平台消费,page_snapshot_component_lines
TopAppBar,style.typography.font_weight,no,不适用,FontWeight 常量/已解析主题,page_snapshot_component_lines
TopAppBar,style.typography.font_style,no,不适用,FontStyle.Normal/Italic; 未知值 unresolved,page_snapshot_component_lines
TopAppBar,style.typography.font_family,no,不适用,仅已校验字体资产或声明的系统字体,load_page_font_faces / page_snapshot_component_lines
TopAppBar,style.typography.letter_spacing_sp,no,不适用,letterSpacing 常量 sp；支持负数,page_snapshot_component_lines
TopAppBar,style.typography.line_height_sp,no,不适用,常量/主题；自定义 LineHeightStyle、低于自然行高未证明等价,page_snapshot_component_lines
TopAppBar,style.typography.text_align,no,不适用,Start/Center/End/Justify,page_snapshot_component_lines
TopAppBar,style.typography.max_lines,no,不适用,正整数；TextInput 与多行 TextArea 不是同一控件,page_snapshot_component_lines
TopAppBar,style.typography.overflow,no,不适用,clip/ellipsis；visible 未支持并阻断；两类 ArkUI 签名分开,page_snapshot_component_lines
TopAppBar,style.typography.color,no,不适用,明确颜色或已解析主题；容器颜色需实际下传到文字,page_snapshot_component_lines
TopAppBar,style.typography.decoration,no,不适用,none/underline/line_through,page_snapshot_component_lines
TopAppBar,style.asset.resource,no,不适用,本地资源或 AsyncImage HTTP(S)；无预览图回退,page_snapshot_component_lines
TopAppBar,style.asset.sha256,no,不适用,资源提取记录；格式转换后由资源 provenance 验证，不是绘制属性,build_target_phase_consumption_gate
TopAppBar,style.asset.width_px,no,不适用,可记录源像素尺寸；单输入渲染必须有逻辑尺寸，不能直接按 px 布局,build_target_phase_consumption_gate
TopAppBar,style.asset.height_px,no,不适用,可记录源像素尺寸；不能当作 dp 使用,build_target_phase_consumption_gate
TopAppBar,style.asset.width_dp,no,不适用,资源本征尺寸，不是控件硬宽度,page_snapshot_intrinsic_image_lines
TopAppBar,style.asset.height_dp,no,不适用,资源本征尺寸，不是控件硬高度,page_snapshot_intrinsic_image_lines
TopAppBar,style.asset.content_scale,no,不适用,fit/crop/fill/inside/none; 未指定尺寸时需可验证本征测量,page_snapshot_intrinsic_image_lines / page_snapshot_component_lines
TopAppBar,style.asset.tint,no,不适用,显式 tint/ColorFilter.tint；仅支持当前颜色滤镜映射,page_snapshot_component_lines
TopAppBar,style.transform.translation_x_dp,yes,条件,运行/页面事实；源码 offset 单独走 layoutRules，混合变换阻断,page_snapshot_component_lines
TopAppBar,style.transform.translation_y_dp,yes,条件,运行/页面事实；源码 offset 单独走 layoutRules，混合变换阻断,page_snapshot_component_lines
TopAppBar,style.transform.scale_x,yes,条件,scale 常量；graphicsLayer/自定义原点/顺序组合未支持,page_snapshot_component_lines
TopAppBar,style.transform.scale_y,yes,条件,scale 常量；不推算未知表达式,page_snapshot_component_lines
TopAppBar,style.transform.rotation_degrees,yes,条件,rotate 常量；默认中心原点,page_snapshot_component_lines
TopAppBar,style.state.visible,yes,条件,显式布尔页面状态；消失不占位，不等于完整动画状态机,page_snapshot_component_lines
TopAppBar,style.state.refreshing,no,不适用,isRefreshing 固定布尔状态；Box 叠加原生 LoadingProgress，动画外观近似，不包含刷新业务回调,page_snapshot_component_lines
TopAppBar,style.state.enabled,yes,已实现,显式布尔优先于默认值；动态未知值不填 true,page_snapshot_component_lines
TopAppBar,style.state.selected,no,不适用,RadioButton 的明确选中态；不代表任意容器都有选中样式,page_snapshot_component_lines
TopAppBar,style.state.checked,no,不适用,Checkbox/Switch 的明确布尔状态；缺失或动态未解析阻断,page_snapshot_component_lines
TopAppBar,style.state.clickable,yes,业务边界,只记录入口元数据；UI 渲染不产生业务 onClick，另走 behavior contract,build_target_phase_consumption_gate
TopAppBar,style.content.text,no,不适用,text/value/已解析资源；Button 文本在子 Text 实际消费,page_snapshot_component_lines
TopAppBar,style.content.placeholder,no,不适用,纯文字提示；复杂 slot/浮动 label 不等同 placeholder,page_snapshot_component_lines
TopAppBar,style.content.content_description,yes,已实现,contentDescription; 显式 null 不设置,page_snapshot_component_lines
TopAppBar,style.content.role,yes,证据,用于页面语义匹配，不代表已实现对应业务,build_target_phase_consumption_gate
TopAppBar,style.content.locale,no,不适用,可存储/采集；未单独消费，非空时阻断,build_target_phase_consumption_gate
TopAppBar,style.input.single_line,no,不适用,显式布尔；源码省略按 Compose 多行默认；TextInput/TextArea 原生分流,page_snapshot_component_lines
TopAppBar,style.input.read_only,no,不适用,显式布尔；禁止软键盘及内容修改，保留选中；API 20+,page_snapshot_component_lines
TopAppBar,style.input.password,no,不适用,标准 PasswordVisualTransformation/None；多行密码、自定义字符变换阻断,page_snapshot_component_lines
TopAppBar,style.input.keyboard_type,no,不适用,Text/Number/Phone/Email/Uri/Decimal/Password/NumberPassword；不等同内容校验,page_snapshot_component_lines
TopAppBar,style.input.ime_action,no,不适用,键盘动作枚举；Previous/单行 None 阻断；业务提交回调另走 contract,page_snapshot_component_lines
TopAppBar,style.typography.soft_wrap,no,不适用,显式布尔；false 支持不含硬换行的单段文字，硬换行逐段渲染未支持,page_snapshot_component_lines
TopAppBar,style.typography.min_lines,no,不适用,1 为原生默认；多行 Text 使用已验证字体运行时 metrics，复杂约束/输入框多行最低行数阻断,page_snapshot_component_lines
TopAppBar,style.control.value,no,不适用,明确 value/progress；不使用样例数值；UI 当前态不等同业务订阅,page_snapshot_component_lines
TopAppBar,style.control.minimum,no,不适用,Slider valueRange 或明确默认 0；进度固定 0..1,page_snapshot_component_lines
TopAppBar,style.control.maximum,no,不适用,Slider valueRange 或明确默认 1；上限必须大于下限,page_snapshot_component_lines
TopAppBar,style.control.steps,no,不适用,离散 steps 转 (max-min)/(steps+1)；连续型与小于平台最小步长阻断,page_snapshot_component_lines
TopAppBar,style.control.active_color,no,不适用,显式 color 常量或刷新指示器主题色，作用于轨迹/分隔线而非文字,page_snapshot_component_lines
TopAppBar,style.control.inactive_color,no,不适用,显式 trackColor 常量或刷新指示器主题背景,page_snapshot_component_lines
TopAppBar,style.control.stroke_width_dp,no,不适用,常量 thickness/strokeWidth；分隔线默认1dp,page_snapshot_component_lines
CenterAlignedTopAppBar,structure.type,yes,已实现,SourceTree/lanhu_layer,page_snapshot_component_lines
CenterAlignedTopAppBar,structure.parent_id,yes,已实现,SourceTree/lanhu_layer,page_snapshot_component_lines
CenterAlignedTopAppBar,structure.children_ids,yes,已实现,SourceTree/lanhu_layer,page_snapshot_component_lines
CenterAlignedTopAppBar,structure.sibling_index,yes,已实现,SourceTree/lanhu_layer,page_snapshot_component_lines
CenterAlignedTopAppBar,style.layout.padding_dp,yes,条件,expand_ordered_layout_modifiers 保留纯常量 padding/size/width/height 嵌套；交织绘制/重复同轴尺寸阻断,page_snapshot_component_lines
CenterAlignedTopAppBar,style.layout.margin_dp,yes,条件,运行测量/页面事实；Compose 没有通用 margin 参数,page_snapshot_component_lines
CenterAlignedTopAppBar,style.layout.layout_direction,yes,条件,页面事实；CompositionLocal 的上下文解析未全覆盖,page_snapshot_component_lines
CenterAlignedTopAppBar,style.layout.z_index,yes,条件,zIndex 走 layoutRules；该字段来自运行/页面事实,page_snapshot_component_lines
CenterAlignedTopAppBar,style.layout.alignment,yes,条件,contentAlignment/horizontalAlignment/verticalAlignment; 枚举,page_snapshot_container_alignment_lines
CenterAlignedTopAppBar,style.layout.horizontal_arrangement,no,不适用,Arrangement + 常量 spacedBy,page_snapshot_container_alignment_lines
CenterAlignedTopAppBar,style.layout.vertical_arrangement,no,不适用,Arrangement + 常量 spacedBy,page_snapshot_container_alignment_lines
CenterAlignedTopAppBar,style.layout.aspect_ratio,yes,已实现,aspectRatio 常量；不猜动态表达式,page_snapshot_component_lines
CenterAlignedTopAppBar,style.layout.width_dp,yes,条件,width/size; 无显式值使用原生测量，不用参考 frame,page_snapshot_dimension_lines
CenterAlignedTopAppBar,style.layout.height_dp,yes,条件,height/size; 无显式值使用原生测量，不用参考 frame,page_snapshot_dimension_lines
CenterAlignedTopAppBar,style.surface.background,yes,条件,solid/null、水平/垂直 Clamp 渐变；未知端点/径向/图片背景阻断,page_snapshot_component_lines
CenterAlignedTopAppBar,style.surface.corner_radius_dp,yes,条件,四角事实；AbsoluteRoundedCornerShape、统一圆角；方向未知的非对称 Start/End 阻断,page_snapshot_component_lines
CenterAlignedTopAppBar,style.surface.corner_sizes,yes,条件,带单位四角：dp/px/percent；百分比依赖原生测量的较短边；方向未知的非对称 Start/End 未解析,page_snapshot_component_lines
CenterAlignedTopAppBar,style.surface.border,yes,条件,统一 solid/dashed/dotted/none；单边、自定义 dash 阻断,page_snapshot_component_lines
CenterAlignedTopAppBar,style.surface.shadows,yes,近似,单阴影且 spread=0；Android elevation 转换仍是近似；多阴影阻断,page_snapshot_component_lines
CenterAlignedTopAppBar,style.surface.alpha,yes,已实现,alpha 常量 0..1,page_snapshot_component_lines
CenterAlignedTopAppBar,style.surface.clip,yes,条件,矩形/圆角；自定义 Path 未支持,page_snapshot_component_lines
CenterAlignedTopAppBar,style.typography.font_size_sp,no,不适用,Text/TextStyle 常量或已解析主题；字体缩放由运行平台消费,page_snapshot_component_lines
CenterAlignedTopAppBar,style.typography.font_weight,no,不适用,FontWeight 常量/已解析主题,page_snapshot_component_lines
CenterAlignedTopAppBar,style.typography.font_style,no,不适用,FontStyle.Normal/Italic; 未知值 unresolved,page_snapshot_component_lines
CenterAlignedTopAppBar,style.typography.font_family,no,不适用,仅已校验字体资产或声明的系统字体,load_page_font_faces / page_snapshot_component_lines
CenterAlignedTopAppBar,style.typography.letter_spacing_sp,no,不适用,letterSpacing 常量 sp；支持负数,page_snapshot_component_lines
CenterAlignedTopAppBar,style.typography.line_height_sp,no,不适用,常量/主题；自定义 LineHeightStyle、低于自然行高未证明等价,page_snapshot_component_lines
CenterAlignedTopAppBar,style.typography.text_align,no,不适用,Start/Center/End/Justify,page_snapshot_component_lines
CenterAlignedTopAppBar,style.typography.max_lines,no,不适用,正整数；TextInput 与多行 TextArea 不是同一控件,page_snapshot_component_lines
CenterAlignedTopAppBar,style.typography.overflow,no,不适用,clip/ellipsis；visible 未支持并阻断；两类 ArkUI 签名分开,page_snapshot_component_lines
CenterAlignedTopAppBar,style.typography.color,no,不适用,明确颜色或已解析主题；容器颜色需实际下传到文字,page_snapshot_component_lines
CenterAlignedTopAppBar,style.typography.decoration,no,不适用,none/underline/line_through,page_snapshot_component_lines
CenterAlignedTopAppBar,style.asset.resource,no,不适用,本地资源或 AsyncImage HTTP(S)；无预览图回退,page_snapshot_component_lines
CenterAlignedTopAppBar,style.asset.sha256,no,不适用,资源提取记录；格式转换后由资源 provenance 验证，不是绘制属性,build_target_phase_consumption_gate
CenterAlignedTopAppBar,style.asset.width_px,no,不适用,可记录源像素尺寸；单输入渲染必须有逻辑尺寸，不能直接按 px 布局,build_target_phase_consumption_gate
CenterAlignedTopAppBar,style.asset.height_px,no,不适用,可记录源像素尺寸；不能当作 dp 使用,build_target_phase_consumption_gate
CenterAlignedTopAppBar,style.asset.width_dp,no,不适用,资源本征尺寸，不是控件硬宽度,page_snapshot_intrinsic_image_lines
CenterAlignedTopAppBar,style.asset.height_dp,no,不适用,资源本征尺寸，不是控件硬高度,page_snapshot_intrinsic_image_lines
CenterAlignedTopAppBar,style.asset.content_scale,no,不适用,fit/crop/fill/inside/none; 未指定尺寸时需可验证本征测量,page_snapshot_intrinsic_image_lines / page_snapshot_component_lines
CenterAlignedTopAppBar,style.asset.tint,no,不适用,显式 tint/ColorFilter.tint；仅支持当前颜色滤镜映射,page_snapshot_component_lines
CenterAlignedTopAppBar,style.transform.translation_x_dp,yes,条件,运行/页面事实；源码 offset 单独走 layoutRules，混合变换阻断,page_snapshot_component_lines
CenterAlignedTopAppBar,style.transform.translation_y_dp,yes,条件,运行/页面事实；源码 offset 单独走 layoutRules，混合变换阻断,page_snapshot_component_lines
CenterAlignedTopAppBar,style.transform.scale_x,yes,条件,scale 常量；graphicsLayer/自定义原点/顺序组合未支持,page_snapshot_component_lines
CenterAlignedTopAppBar,style.transform.scale_y,yes,条件,scale 常量；不推算未知表达式,page_snapshot_component_lines
CenterAlignedTopAppBar,style.transform.rotation_degrees,yes,条件,rotate 常量；默认中心原点,page_snapshot_component_lines
CenterAlignedTopAppBar,style.state.visible,yes,条件,显式布尔页面状态；消失不占位，不等于完整动画状态机,page_snapshot_component_lines
CenterAlignedTopAppBar,style.state.refreshing,no,不适用,isRefreshing 固定布尔状态；Box 叠加原生 LoadingProgress，动画外观近似，不包含刷新业务回调,page_snapshot_component_lines
CenterAlignedTopAppBar,style.state.enabled,yes,已实现,显式布尔优先于默认值；动态未知值不填 true,page_snapshot_component_lines
CenterAlignedTopAppBar,style.state.selected,no,不适用,RadioButton 的明确选中态；不代表任意容器都有选中样式,page_snapshot_component_lines
CenterAlignedTopAppBar,style.state.checked,no,不适用,Checkbox/Switch 的明确布尔状态；缺失或动态未解析阻断,page_snapshot_component_lines
CenterAlignedTopAppBar,style.state.clickable,yes,业务边界,只记录入口元数据；UI 渲染不产生业务 onClick，另走 behavior contract,build_target_phase_consumption_gate
CenterAlignedTopAppBar,style.content.text,no,不适用,text/value/已解析资源；Button 文本在子 Text 实际消费,page_snapshot_component_lines
CenterAlignedTopAppBar,style.content.placeholder,no,不适用,纯文字提示；复杂 slot/浮动 label 不等同 placeholder,page_snapshot_component_lines
CenterAlignedTopAppBar,style.content.content_description,yes,已实现,contentDescription; 显式 null 不设置,page_snapshot_component_lines
CenterAlignedTopAppBar,style.content.role,yes,证据,用于页面语义匹配，不代表已实现对应业务,build_target_phase_consumption_gate
CenterAlignedTopAppBar,style.content.locale,no,不适用,可存储/采集；未单独消费，非空时阻断,build_target_phase_consumption_gate
CenterAlignedTopAppBar,style.input.single_line,no,不适用,显式布尔；源码省略按 Compose 多行默认；TextInput/TextArea 原生分流,page_snapshot_component_lines
CenterAlignedTopAppBar,style.input.read_only,no,不适用,显式布尔；禁止软键盘及内容修改，保留选中；API 20+,page_snapshot_component_lines
CenterAlignedTopAppBar,style.input.password,no,不适用,标准 PasswordVisualTransformation/None；多行密码、自定义字符变换阻断,page_snapshot_component_lines
CenterAlignedTopAppBar,style.input.keyboard_type,no,不适用,Text/Number/Phone/Email/Uri/Decimal/Password/NumberPassword；不等同内容校验,page_snapshot_component_lines
CenterAlignedTopAppBar,style.input.ime_action,no,不适用,键盘动作枚举；Previous/单行 None 阻断；业务提交回调另走 contract,page_snapshot_component_lines
CenterAlignedTopAppBar,style.typography.soft_wrap,no,不适用,显式布尔；false 支持不含硬换行的单段文字，硬换行逐段渲染未支持,page_snapshot_component_lines
CenterAlignedTopAppBar,style.typography.min_lines,no,不适用,1 为原生默认；多行 Text 使用已验证字体运行时 metrics，复杂约束/输入框多行最低行数阻断,page_snapshot_component_lines
CenterAlignedTopAppBar,style.control.value,no,不适用,明确 value/progress；不使用样例数值；UI 当前态不等同业务订阅,page_snapshot_component_lines
CenterAlignedTopAppBar,style.control.minimum,no,不适用,Slider valueRange 或明确默认 0；进度固定 0..1,page_snapshot_component_lines
CenterAlignedTopAppBar,style.control.maximum,no,不适用,Slider valueRange 或明确默认 1；上限必须大于下限,page_snapshot_component_lines
CenterAlignedTopAppBar,style.control.steps,no,不适用,离散 steps 转 (max-min)/(steps+1)；连续型与小于平台最小步长阻断,page_snapshot_component_lines
CenterAlignedTopAppBar,style.control.active_color,no,不适用,显式 color 常量或刷新指示器主题色，作用于轨迹/分隔线而非文字,page_snapshot_component_lines
CenterAlignedTopAppBar,style.control.inactive_color,no,不适用,显式 trackColor 常量或刷新指示器主题背景,page_snapshot_component_lines
CenterAlignedTopAppBar,style.control.stroke_width_dp,no,不适用,常量 thickness/strokeWidth；分隔线默认1dp,page_snapshot_component_lines
Scaffold,structure.type,yes,已实现,SourceTree/lanhu_layer,page_snapshot_component_lines
Scaffold,structure.parent_id,yes,已实现,SourceTree/lanhu_layer,page_snapshot_component_lines
Scaffold,structure.children_ids,yes,已实现,SourceTree/lanhu_layer,page_snapshot_component_lines
Scaffold,structure.sibling_index,yes,已实现,SourceTree/lanhu_layer,page_snapshot_component_lines
Scaffold,style.layout.padding_dp,yes,条件,expand_ordered_layout_modifiers 保留纯常量 padding/size/width/height 嵌套；交织绘制/重复同轴尺寸阻断,page_snapshot_component_lines
Scaffold,style.layout.margin_dp,yes,条件,运行测量/页面事实；Compose 没有通用 margin 参数,page_snapshot_component_lines
Scaffold,style.layout.layout_direction,yes,条件,页面事实；CompositionLocal 的上下文解析未全覆盖,page_snapshot_component_lines
Scaffold,style.layout.z_index,yes,条件,zIndex 走 layoutRules；该字段来自运行/页面事实,page_snapshot_component_lines
Scaffold,style.layout.alignment,no,不适用,contentAlignment/horizontalAlignment/verticalAlignment; 枚举,page_snapshot_container_alignment_lines
Scaffold,style.layout.horizontal_arrangement,no,不适用,Arrangement + 常量 spacedBy,page_snapshot_container_alignment_lines
Scaffold,style.layout.vertical_arrangement,no,不适用,Arrangement + 常量 spacedBy,page_snapshot_container_alignment_lines
Scaffold,style.layout.aspect_ratio,yes,已实现,aspectRatio 常量；不猜动态表达式,page_snapshot_component_lines
Scaffold,style.layout.width_dp,yes,条件,width/size; 无显式值使用原生测量，不用参考 frame,page_snapshot_dimension_lines
Scaffold,style.layout.height_dp,yes,条件,height/size; 无显式值使用原生测量，不用参考 frame,page_snapshot_dimension_lines
Scaffold,style.surface.background,yes,条件,solid/null、水平/垂直 Clamp 渐变；未知端点/径向/图片背景阻断,page_snapshot_component_lines
Scaffold,style.surface.corner_radius_dp,yes,条件,四角事实；AbsoluteRoundedCornerShape、统一圆角；方向未知的非对称 Start/End 阻断,page_snapshot_component_lines
Scaffold,style.surface.corner_sizes,yes,条件,带单位四角：dp/px/percent；百分比依赖原生测量的较短边；方向未知的非对称 Start/End 未解析,page_snapshot_component_lines
Scaffold,style.surface.border,yes,条件,统一 solid/dashed/dotted/none；单边、自定义 dash 阻断,page_snapshot_component_lines
Scaffold,style.surface.shadows,yes,近似,单阴影且 spread=0；Android elevation 转换仍是近似；多阴影阻断,page_snapshot_component_lines
Scaffold,style.surface.alpha,yes,已实现,alpha 常量 0..1,page_snapshot_component_lines
Scaffold,style.surface.clip,yes,条件,矩形/圆角；自定义 Path 未支持,page_snapshot_component_lines
Scaffold,style.typography.font_size_sp,no,不适用,Text/TextStyle 常量或已解析主题；字体缩放由运行平台消费,page_snapshot_component_lines
Scaffold,style.typography.font_weight,no,不适用,FontWeight 常量/已解析主题,page_snapshot_component_lines
Scaffold,style.typography.font_style,no,不适用,FontStyle.Normal/Italic; 未知值 unresolved,page_snapshot_component_lines
Scaffold,style.typography.font_family,no,不适用,仅已校验字体资产或声明的系统字体,load_page_font_faces / page_snapshot_component_lines
Scaffold,style.typography.letter_spacing_sp,no,不适用,letterSpacing 常量 sp；支持负数,page_snapshot_component_lines
Scaffold,style.typography.line_height_sp,no,不适用,常量/主题；自定义 LineHeightStyle、低于自然行高未证明等价,page_snapshot_component_lines
Scaffold,style.typography.text_align,no,不适用,Start/Center/End/Justify,page_snapshot_component_lines
Scaffold,style.typography.max_lines,no,不适用,正整数；TextInput 与多行 TextArea 不是同一控件,page_snapshot_component_lines
Scaffold,style.typography.overflow,no,不适用,clip/ellipsis；visible 未支持并阻断；两类 ArkUI 签名分开,page_snapshot_component_lines
Scaffold,style.typography.color,no,不适用,明确颜色或已解析主题；容器颜色需实际下传到文字,page_snapshot_component_lines
Scaffold,style.typography.decoration,no,不适用,none/underline/line_through,page_snapshot_component_lines
Scaffold,style.asset.resource,no,不适用,本地资源或 AsyncImage HTTP(S)；无预览图回退,page_snapshot_component_lines
Scaffold,style.asset.sha256,no,不适用,资源提取记录；格式转换后由资源 provenance 验证，不是绘制属性,build_target_phase_consumption_gate
Scaffold,style.asset.width_px,no,不适用,可记录源像素尺寸；单输入渲染必须有逻辑尺寸，不能直接按 px 布局,build_target_phase_consumption_gate
Scaffold,style.asset.height_px,no,不适用,可记录源像素尺寸；不能当作 dp 使用,build_target_phase_consumption_gate
Scaffold,style.asset.width_dp,no,不适用,资源本征尺寸，不是控件硬宽度,page_snapshot_intrinsic_image_lines
Scaffold,style.asset.height_dp,no,不适用,资源本征尺寸，不是控件硬高度,page_snapshot_intrinsic_image_lines
Scaffold,style.asset.content_scale,no,不适用,fit/crop/fill/inside/none; 未指定尺寸时需可验证本征测量,page_snapshot_intrinsic_image_lines / page_snapshot_component_lines
Scaffold,style.asset.tint,no,不适用,显式 tint/ColorFilter.tint；仅支持当前颜色滤镜映射,page_snapshot_component_lines
Scaffold,style.transform.translation_x_dp,yes,条件,运行/页面事实；源码 offset 单独走 layoutRules，混合变换阻断,page_snapshot_component_lines
Scaffold,style.transform.translation_y_dp,yes,条件,运行/页面事实；源码 offset 单独走 layoutRules，混合变换阻断,page_snapshot_component_lines
Scaffold,style.transform.scale_x,yes,条件,scale 常量；graphicsLayer/自定义原点/顺序组合未支持,page_snapshot_component_lines
Scaffold,style.transform.scale_y,yes,条件,scale 常量；不推算未知表达式,page_snapshot_component_lines
Scaffold,style.transform.rotation_degrees,yes,条件,rotate 常量；默认中心原点,page_snapshot_component_lines
Scaffold,style.state.visible,yes,条件,显式布尔页面状态；消失不占位，不等于完整动画状态机,page_snapshot_component_lines
Scaffold,style.state.refreshing,no,不适用,isRefreshing 固定布尔状态；Box 叠加原生 LoadingProgress，动画外观近似，不包含刷新业务回调,page_snapshot_component_lines
Scaffold,style.state.enabled,yes,已实现,显式布尔优先于默认值；动态未知值不填 true,page_snapshot_component_lines
Scaffold,style.state.selected,no,不适用,RadioButton 的明确选中态；不代表任意容器都有选中样式,page_snapshot_component_lines
Scaffold,style.state.checked,no,不适用,Checkbox/Switch 的明确布尔状态；缺失或动态未解析阻断,page_snapshot_component_lines
Scaffold,style.state.clickable,yes,业务边界,只记录入口元数据；UI 渲染不产生业务 onClick，另走 behavior contract,build_target_phase_consumption_gate
Scaffold,style.content.text,no,不适用,text/value/已解析资源；Button 文本在子 Text 实际消费,page_snapshot_component_lines
Scaffold,style.content.placeholder,no,不适用,纯文字提示；复杂 slot/浮动 label 不等同 placeholder,page_snapshot_component_lines
Scaffold,style.content.content_description,yes,已实现,contentDescription; 显式 null 不设置,page_snapshot_component_lines
Scaffold,style.content.role,yes,证据,用于页面语义匹配，不代表已实现对应业务,build_target_phase_consumption_gate
Scaffold,style.content.locale,no,不适用,可存储/采集；未单独消费，非空时阻断,build_target_phase_consumption_gate
Scaffold,style.input.single_line,no,不适用,显式布尔；源码省略按 Compose 多行默认；TextInput/TextArea 原生分流,page_snapshot_component_lines
Scaffold,style.input.read_only,no,不适用,显式布尔；禁止软键盘及内容修改，保留选中；API 20+,page_snapshot_component_lines
Scaffold,style.input.password,no,不适用,标准 PasswordVisualTransformation/None；多行密码、自定义字符变换阻断,page_snapshot_component_lines
Scaffold,style.input.keyboard_type,no,不适用,Text/Number/Phone/Email/Uri/Decimal/Password/NumberPassword；不等同内容校验,page_snapshot_component_lines
Scaffold,style.input.ime_action,no,不适用,键盘动作枚举；Previous/单行 None 阻断；业务提交回调另走 contract,page_snapshot_component_lines
Scaffold,style.typography.soft_wrap,no,不适用,显式布尔；false 支持不含硬换行的单段文字，硬换行逐段渲染未支持,page_snapshot_component_lines
Scaffold,style.typography.min_lines,no,不适用,1 为原生默认；多行 Text 使用已验证字体运行时 metrics，复杂约束/输入框多行最低行数阻断,page_snapshot_component_lines
Scaffold,style.control.value,no,不适用,明确 value/progress；不使用样例数值；UI 当前态不等同业务订阅,page_snapshot_component_lines
Scaffold,style.control.minimum,no,不适用,Slider valueRange 或明确默认 0；进度固定 0..1,page_snapshot_component_lines
Scaffold,style.control.maximum,no,不适用,Slider valueRange 或明确默认 1；上限必须大于下限,page_snapshot_component_lines
Scaffold,style.control.steps,no,不适用,离散 steps 转 (max-min)/(steps+1)；连续型与小于平台最小步长阻断,page_snapshot_component_lines
Scaffold,style.control.active_color,no,不适用,显式 color 常量或刷新指示器主题色，作用于轨迹/分隔线而非文字,page_snapshot_component_lines
Scaffold,style.control.inactive_color,no,不适用,显式 trackColor 常量或刷新指示器主题背景,page_snapshot_component_lines
Scaffold,style.control.stroke_width_dp,no,不适用,常量 thickness/strokeWidth；分隔线默认1dp,page_snapshot_component_lines
Button,structure.type,yes,已实现,SourceTree/lanhu_layer,page_snapshot_component_lines
Button,structure.parent_id,yes,已实现,SourceTree/lanhu_layer,page_snapshot_component_lines
Button,structure.children_ids,yes,已实现,SourceTree/lanhu_layer,page_snapshot_component_lines
Button,structure.sibling_index,yes,已实现,SourceTree/lanhu_layer,page_snapshot_component_lines
Button,style.layout.padding_dp,yes,条件,expand_ordered_layout_modifiers 保留纯常量 padding/size/width/height 嵌套；交织绘制/重复同轴尺寸阻断,page_snapshot_component_lines
Button,style.layout.margin_dp,yes,条件,运行测量/页面事实；Compose 没有通用 margin 参数,page_snapshot_component_lines
Button,style.layout.layout_direction,yes,条件,页面事实；CompositionLocal 的上下文解析未全覆盖,page_snapshot_component_lines
Button,style.layout.z_index,yes,条件,zIndex 走 layoutRules；该字段来自运行/页面事实,page_snapshot_component_lines
Button,style.layout.alignment,no,不适用,contentAlignment/horizontalAlignment/verticalAlignment; 枚举,page_snapshot_container_alignment_lines
Button,style.layout.horizontal_arrangement,no,不适用,Arrangement + 常量 spacedBy,page_snapshot_container_alignment_lines
Button,style.layout.vertical_arrangement,no,不适用,Arrangement + 常量 spacedBy,page_snapshot_container_alignment_lines
Button,style.layout.aspect_ratio,yes,已实现,aspectRatio 常量；不猜动态表达式,page_snapshot_component_lines
Button,style.layout.width_dp,yes,条件,width/size; 无显式值使用原生测量，不用参考 frame,page_snapshot_dimension_lines
Button,style.layout.height_dp,yes,条件,height/size; 无显式值使用原生测量，不用参考 frame,page_snapshot_dimension_lines
Button,style.surface.background,yes,条件,solid/null、水平/垂直 Clamp 渐变；未知端点/径向/图片背景阻断,page_snapshot_component_lines
Button,style.surface.corner_radius_dp,yes,条件,四角事实；AbsoluteRoundedCornerShape、统一圆角；方向未知的非对称 Start/End 阻断,page_snapshot_component_lines
Button,style.surface.corner_sizes,yes,条件,带单位四角：dp/px/percent；百分比依赖原生测量的较短边；方向未知的非对称 Start/End 未解析,page_snapshot_component_lines
Button,style.surface.border,yes,条件,统一 solid/dashed/dotted/none；单边、自定义 dash 阻断,page_snapshot_component_lines
Button,style.surface.shadows,yes,近似,单阴影且 spread=0；Android elevation 转换仍是近似；多阴影阻断,page_snapshot_component_lines
Button,style.surface.alpha,yes,已实现,alpha 常量 0..1,page_snapshot_component_lines
Button,style.surface.clip,yes,条件,矩形/圆角；自定义 Path 未支持,page_snapshot_component_lines
Button,style.typography.font_size_sp,no,不适用,Text/TextStyle 常量或已解析主题；字体缩放由运行平台消费,page_snapshot_component_lines
Button,style.typography.font_weight,no,不适用,FontWeight 常量/已解析主题,page_snapshot_component_lines
Button,style.typography.font_style,no,不适用,FontStyle.Normal/Italic; 未知值 unresolved,page_snapshot_component_lines
Button,style.typography.font_family,no,不适用,仅已校验字体资产或声明的系统字体,load_page_font_faces / page_snapshot_component_lines
Button,style.typography.letter_spacing_sp,no,不适用,letterSpacing 常量 sp；支持负数,page_snapshot_component_lines
Button,style.typography.line_height_sp,no,不适用,常量/主题；自定义 LineHeightStyle、低于自然行高未证明等价,page_snapshot_component_lines
Button,style.typography.text_align,no,不适用,Start/Center/End/Justify,page_snapshot_component_lines
Button,style.typography.max_lines,no,不适用,正整数；TextInput 与多行 TextArea 不是同一控件,page_snapshot_component_lines
Button,style.typography.overflow,no,不适用,clip/ellipsis；visible 未支持并阻断；两类 ArkUI 签名分开,page_snapshot_component_lines
Button,style.typography.color,yes,条件,明确颜色或已解析主题；容器颜色需实际下传到文字,page_snapshot_component_lines
Button,style.typography.decoration,no,不适用,none/underline/line_through,page_snapshot_component_lines
Button,style.asset.resource,no,不适用,本地资源或 AsyncImage HTTP(S)；无预览图回退,page_snapshot_component_lines
Button,style.asset.sha256,no,不适用,资源提取记录；格式转换后由资源 provenance 验证，不是绘制属性,build_target_phase_consumption_gate
Button,style.asset.width_px,no,不适用,可记录源像素尺寸；单输入渲染必须有逻辑尺寸，不能直接按 px 布局,build_target_phase_consumption_gate
Button,style.asset.height_px,no,不适用,可记录源像素尺寸；不能当作 dp 使用,build_target_phase_consumption_gate
Button,style.asset.width_dp,no,不适用,资源本征尺寸，不是控件硬宽度,page_snapshot_intrinsic_image_lines
Button,style.asset.height_dp,no,不适用,资源本征尺寸，不是控件硬高度,page_snapshot_intrinsic_image_lines
Button,style.asset.content_scale,no,不适用,fit/crop/fill/inside/none; 未指定尺寸时需可验证本征测量,page_snapshot_intrinsic_image_lines / page_snapshot_component_lines
Button,style.asset.tint,no,不适用,显式 tint/ColorFilter.tint；仅支持当前颜色滤镜映射,page_snapshot_component_lines
Button,style.transform.translation_x_dp,yes,条件,运行/页面事实；源码 offset 单独走 layoutRules，混合变换阻断,page_snapshot_component_lines
Button,style.transform.translation_y_dp,yes,条件,运行/页面事实；源码 offset 单独走 layoutRules，混合变换阻断,page_snapshot_component_lines
Button,style.transform.scale_x,yes,条件,scale 常量；graphicsLayer/自定义原点/顺序组合未支持,page_snapshot_component_lines
Button,style.transform.scale_y,yes,条件,scale 常量；不推算未知表达式,page_snapshot_component_lines
Button,style.transform.rotation_degrees,yes,条件,rotate 常量；默认中心原点,page_snapshot_component_lines
Button,style.state.visible,yes,条件,显式布尔页面状态；消失不占位，不等于完整动画状态机,page_snapshot_component_lines
Button,style.state.refreshing,no,不适用,isRefreshing 固定布尔状态；Box 叠加原生 LoadingProgress，动画外观近似，不包含刷新业务回调,page_snapshot_component_lines
Button,style.state.enabled,yes,已实现,显式布尔优先于默认值；动态未知值不填 true,page_snapshot_component_lines
Button,style.state.selected,no,不适用,RadioButton 的明确选中态；不代表任意容器都有选中样式,page_snapshot_component_lines
Button,style.state.checked,no,不适用,Checkbox/Switch 的明确布尔状态；缺失或动态未解析阻断,page_snapshot_component_lines
Button,style.state.clickable,yes,业务边界,只记录入口元数据；UI 渲染不产生业务 onClick，另走 behavior contract,build_target_phase_consumption_gate
Button,style.content.text,yes,条件,text/value/已解析资源；Button 文本在子 Text 实际消费,page_snapshot_component_lines
Button,style.content.placeholder,no,不适用,纯文字提示；复杂 slot/浮动 label 不等同 placeholder,page_snapshot_component_lines
Button,style.content.content_description,yes,已实现,contentDescription; 显式 null 不设置,page_snapshot_component_lines
Button,style.content.role,yes,证据,用于页面语义匹配，不代表已实现对应业务,build_target_phase_consumption_gate
Button,style.content.locale,no,不适用,可存储/采集；未单独消费，非空时阻断,build_target_phase_consumption_gate
Button,style.input.single_line,no,不适用,显式布尔；源码省略按 Compose 多行默认；TextInput/TextArea 原生分流,page_snapshot_component_lines
Button,style.input.read_only,no,不适用,显式布尔；禁止软键盘及内容修改，保留选中；API 20+,page_snapshot_component_lines
Button,style.input.password,no,不适用,标准 PasswordVisualTransformation/None；多行密码、自定义字符变换阻断,page_snapshot_component_lines
Button,style.input.keyboard_type,no,不适用,Text/Number/Phone/Email/Uri/Decimal/Password/NumberPassword；不等同内容校验,page_snapshot_component_lines
Button,style.input.ime_action,no,不适用,键盘动作枚举；Previous/单行 None 阻断；业务提交回调另走 contract,page_snapshot_component_lines
Button,style.typography.soft_wrap,no,不适用,显式布尔；false 支持不含硬换行的单段文字，硬换行逐段渲染未支持,page_snapshot_component_lines
Button,style.typography.min_lines,no,不适用,1 为原生默认；多行 Text 使用已验证字体运行时 metrics，复杂约束/输入框多行最低行数阻断,page_snapshot_component_lines
Button,style.control.value,no,不适用,明确 value/progress；不使用样例数值；UI 当前态不等同业务订阅,page_snapshot_component_lines
Button,style.control.minimum,no,不适用,Slider valueRange 或明确默认 0；进度固定 0..1,page_snapshot_component_lines
Button,style.control.maximum,no,不适用,Slider valueRange 或明确默认 1；上限必须大于下限,page_snapshot_component_lines
Button,style.control.steps,no,不适用,离散 steps 转 (max-min)/(steps+1)；连续型与小于平台最小步长阻断,page_snapshot_component_lines
Button,style.control.active_color,no,不适用,显式 color 常量或刷新指示器主题色，作用于轨迹/分隔线而非文字,page_snapshot_component_lines
Button,style.control.inactive_color,no,不适用,显式 trackColor 常量或刷新指示器主题背景,page_snapshot_component_lines
Button,style.control.stroke_width_dp,no,不适用,常量 thickness/strokeWidth；分隔线默认1dp,page_snapshot_component_lines
TextButton,structure.type,yes,已实现,SourceTree/lanhu_layer,page_snapshot_component_lines
TextButton,structure.parent_id,yes,已实现,SourceTree/lanhu_layer,page_snapshot_component_lines
TextButton,structure.children_ids,yes,已实现,SourceTree/lanhu_layer,page_snapshot_component_lines
TextButton,structure.sibling_index,yes,已实现,SourceTree/lanhu_layer,page_snapshot_component_lines
TextButton,style.layout.padding_dp,yes,条件,expand_ordered_layout_modifiers 保留纯常量 padding/size/width/height 嵌套；交织绘制/重复同轴尺寸阻断,page_snapshot_component_lines
TextButton,style.layout.margin_dp,yes,条件,运行测量/页面事实；Compose 没有通用 margin 参数,page_snapshot_component_lines
TextButton,style.layout.layout_direction,yes,条件,页面事实；CompositionLocal 的上下文解析未全覆盖,page_snapshot_component_lines
TextButton,style.layout.z_index,yes,条件,zIndex 走 layoutRules；该字段来自运行/页面事实,page_snapshot_component_lines
TextButton,style.layout.alignment,no,不适用,contentAlignment/horizontalAlignment/verticalAlignment; 枚举,page_snapshot_container_alignment_lines
TextButton,style.layout.horizontal_arrangement,no,不适用,Arrangement + 常量 spacedBy,page_snapshot_container_alignment_lines
TextButton,style.layout.vertical_arrangement,no,不适用,Arrangement + 常量 spacedBy,page_snapshot_container_alignment_lines
TextButton,style.layout.aspect_ratio,yes,已实现,aspectRatio 常量；不猜动态表达式,page_snapshot_component_lines
TextButton,style.layout.width_dp,yes,条件,width/size; 无显式值使用原生测量，不用参考 frame,page_snapshot_dimension_lines
TextButton,style.layout.height_dp,yes,条件,height/size; 无显式值使用原生测量，不用参考 frame,page_snapshot_dimension_lines
TextButton,style.surface.background,yes,条件,solid/null、水平/垂直 Clamp 渐变；未知端点/径向/图片背景阻断,page_snapshot_component_lines
TextButton,style.surface.corner_radius_dp,yes,条件,四角事实；AbsoluteRoundedCornerShape、统一圆角；方向未知的非对称 Start/End 阻断,page_snapshot_component_lines
TextButton,style.surface.corner_sizes,yes,条件,带单位四角：dp/px/percent；百分比依赖原生测量的较短边；方向未知的非对称 Start/End 未解析,page_snapshot_component_lines
TextButton,style.surface.border,yes,条件,统一 solid/dashed/dotted/none；单边、自定义 dash 阻断,page_snapshot_component_lines
TextButton,style.surface.shadows,yes,近似,单阴影且 spread=0；Android elevation 转换仍是近似；多阴影阻断,page_snapshot_component_lines
TextButton,style.surface.alpha,yes,已实现,alpha 常量 0..1,page_snapshot_component_lines
TextButton,style.surface.clip,yes,条件,矩形/圆角；自定义 Path 未支持,page_snapshot_component_lines
TextButton,style.typography.font_size_sp,no,不适用,Text/TextStyle 常量或已解析主题；字体缩放由运行平台消费,page_snapshot_component_lines
TextButton,style.typography.font_weight,no,不适用,FontWeight 常量/已解析主题,page_snapshot_component_lines
TextButton,style.typography.font_style,no,不适用,FontStyle.Normal/Italic; 未知值 unresolved,page_snapshot_component_lines
TextButton,style.typography.font_family,no,不适用,仅已校验字体资产或声明的系统字体,load_page_font_faces / page_snapshot_component_lines
TextButton,style.typography.letter_spacing_sp,no,不适用,letterSpacing 常量 sp；支持负数,page_snapshot_component_lines
TextButton,style.typography.line_height_sp,no,不适用,常量/主题；自定义 LineHeightStyle、低于自然行高未证明等价,page_snapshot_component_lines
TextButton,style.typography.text_align,no,不适用,Start/Center/End/Justify,page_snapshot_component_lines
TextButton,style.typography.max_lines,no,不适用,正整数；TextInput 与多行 TextArea 不是同一控件,page_snapshot_component_lines
TextButton,style.typography.overflow,no,不适用,clip/ellipsis；visible 未支持并阻断；两类 ArkUI 签名分开,page_snapshot_component_lines
TextButton,style.typography.color,yes,条件,明确颜色或已解析主题；容器颜色需实际下传到文字,page_snapshot_component_lines
TextButton,style.typography.decoration,no,不适用,none/underline/line_through,page_snapshot_component_lines
TextButton,style.asset.resource,no,不适用,本地资源或 AsyncImage HTTP(S)；无预览图回退,page_snapshot_component_lines
TextButton,style.asset.sha256,no,不适用,资源提取记录；格式转换后由资源 provenance 验证，不是绘制属性,build_target_phase_consumption_gate
TextButton,style.asset.width_px,no,不适用,可记录源像素尺寸；单输入渲染必须有逻辑尺寸，不能直接按 px 布局,build_target_phase_consumption_gate
TextButton,style.asset.height_px,no,不适用,可记录源像素尺寸；不能当作 dp 使用,build_target_phase_consumption_gate
TextButton,style.asset.width_dp,no,不适用,资源本征尺寸，不是控件硬宽度,page_snapshot_intrinsic_image_lines
TextButton,style.asset.height_dp,no,不适用,资源本征尺寸，不是控件硬高度,page_snapshot_intrinsic_image_lines
TextButton,style.asset.content_scale,no,不适用,fit/crop/fill/inside/none; 未指定尺寸时需可验证本征测量,page_snapshot_intrinsic_image_lines / page_snapshot_component_lines
TextButton,style.asset.tint,no,不适用,显式 tint/ColorFilter.tint；仅支持当前颜色滤镜映射,page_snapshot_component_lines
TextButton,style.transform.translation_x_dp,yes,条件,运行/页面事实；源码 offset 单独走 layoutRules，混合变换阻断,page_snapshot_component_lines
TextButton,style.transform.translation_y_dp,yes,条件,运行/页面事实；源码 offset 单独走 layoutRules，混合变换阻断,page_snapshot_component_lines
TextButton,style.transform.scale_x,yes,条件,scale 常量；graphicsLayer/自定义原点/顺序组合未支持,page_snapshot_component_lines
TextButton,style.transform.scale_y,yes,条件,scale 常量；不推算未知表达式,page_snapshot_component_lines
TextButton,style.transform.rotation_degrees,yes,条件,rotate 常量；默认中心原点,page_snapshot_component_lines
TextButton,style.state.visible,yes,条件,显式布尔页面状态；消失不占位，不等于完整动画状态机,page_snapshot_component_lines
TextButton,style.state.refreshing,no,不适用,isRefreshing 固定布尔状态；Box 叠加原生 LoadingProgress，动画外观近似，不包含刷新业务回调,page_snapshot_component_lines
TextButton,style.state.enabled,yes,已实现,显式布尔优先于默认值；动态未知值不填 true,page_snapshot_component_lines
TextButton,style.state.selected,no,不适用,RadioButton 的明确选中态；不代表任意容器都有选中样式,page_snapshot_component_lines
TextButton,style.state.checked,no,不适用,Checkbox/Switch 的明确布尔状态；缺失或动态未解析阻断,page_snapshot_component_lines
TextButton,style.state.clickable,yes,业务边界,只记录入口元数据；UI 渲染不产生业务 onClick，另走 behavior contract,build_target_phase_consumption_gate
TextButton,style.content.text,yes,条件,text/value/已解析资源；Button 文本在子 Text 实际消费,page_snapshot_component_lines
TextButton,style.content.placeholder,no,不适用,纯文字提示；复杂 slot/浮动 label 不等同 placeholder,page_snapshot_component_lines
TextButton,style.content.content_description,yes,已实现,contentDescription; 显式 null 不设置,page_snapshot_component_lines
TextButton,style.content.role,yes,证据,用于页面语义匹配，不代表已实现对应业务,build_target_phase_consumption_gate
TextButton,style.content.locale,no,不适用,可存储/采集；未单独消费，非空时阻断,build_target_phase_consumption_gate
TextButton,style.input.single_line,no,不适用,显式布尔；源码省略按 Compose 多行默认；TextInput/TextArea 原生分流,page_snapshot_component_lines
TextButton,style.input.read_only,no,不适用,显式布尔；禁止软键盘及内容修改，保留选中；API 20+,page_snapshot_component_lines
TextButton,style.input.password,no,不适用,标准 PasswordVisualTransformation/None；多行密码、自定义字符变换阻断,page_snapshot_component_lines
TextButton,style.input.keyboard_type,no,不适用,Text/Number/Phone/Email/Uri/Decimal/Password/NumberPassword；不等同内容校验,page_snapshot_component_lines
TextButton,style.input.ime_action,no,不适用,键盘动作枚举；Previous/单行 None 阻断；业务提交回调另走 contract,page_snapshot_component_lines
TextButton,style.typography.soft_wrap,no,不适用,显式布尔；false 支持不含硬换行的单段文字，硬换行逐段渲染未支持,page_snapshot_component_lines
TextButton,style.typography.min_lines,no,不适用,1 为原生默认；多行 Text 使用已验证字体运行时 metrics，复杂约束/输入框多行最低行数阻断,page_snapshot_component_lines
TextButton,style.control.value,no,不适用,明确 value/progress；不使用样例数值；UI 当前态不等同业务订阅,page_snapshot_component_lines
TextButton,style.control.minimum,no,不适用,Slider valueRange 或明确默认 0；进度固定 0..1,page_snapshot_component_lines
TextButton,style.control.maximum,no,不适用,Slider valueRange 或明确默认 1；上限必须大于下限,page_snapshot_component_lines
TextButton,style.control.steps,no,不适用,离散 steps 转 (max-min)/(steps+1)；连续型与小于平台最小步长阻断,page_snapshot_component_lines
TextButton,style.control.active_color,no,不适用,显式 color 常量或刷新指示器主题色，作用于轨迹/分隔线而非文字,page_snapshot_component_lines
TextButton,style.control.inactive_color,no,不适用,显式 trackColor 常量或刷新指示器主题背景,page_snapshot_component_lines
TextButton,style.control.stroke_width_dp,no,不适用,常量 thickness/strokeWidth；分隔线默认1dp,page_snapshot_component_lines
OutlinedButton,structure.type,yes,已实现,SourceTree/lanhu_layer,page_snapshot_component_lines
OutlinedButton,structure.parent_id,yes,已实现,SourceTree/lanhu_layer,page_snapshot_component_lines
OutlinedButton,structure.children_ids,yes,已实现,SourceTree/lanhu_layer,page_snapshot_component_lines
OutlinedButton,structure.sibling_index,yes,已实现,SourceTree/lanhu_layer,page_snapshot_component_lines
OutlinedButton,style.layout.padding_dp,yes,条件,expand_ordered_layout_modifiers 保留纯常量 padding/size/width/height 嵌套；交织绘制/重复同轴尺寸阻断,page_snapshot_component_lines
OutlinedButton,style.layout.margin_dp,yes,条件,运行测量/页面事实；Compose 没有通用 margin 参数,page_snapshot_component_lines
OutlinedButton,style.layout.layout_direction,yes,条件,页面事实；CompositionLocal 的上下文解析未全覆盖,page_snapshot_component_lines
OutlinedButton,style.layout.z_index,yes,条件,zIndex 走 layoutRules；该字段来自运行/页面事实,page_snapshot_component_lines
OutlinedButton,style.layout.alignment,no,不适用,contentAlignment/horizontalAlignment/verticalAlignment; 枚举,page_snapshot_container_alignment_lines
OutlinedButton,style.layout.horizontal_arrangement,no,不适用,Arrangement + 常量 spacedBy,page_snapshot_container_alignment_lines
OutlinedButton,style.layout.vertical_arrangement,no,不适用,Arrangement + 常量 spacedBy,page_snapshot_container_alignment_lines
OutlinedButton,style.layout.aspect_ratio,yes,已实现,aspectRatio 常量；不猜动态表达式,page_snapshot_component_lines
OutlinedButton,style.layout.width_dp,yes,条件,width/size; 无显式值使用原生测量，不用参考 frame,page_snapshot_dimension_lines
OutlinedButton,style.layout.height_dp,yes,条件,height/size; 无显式值使用原生测量，不用参考 frame,page_snapshot_dimension_lines
OutlinedButton,style.surface.background,yes,条件,solid/null、水平/垂直 Clamp 渐变；未知端点/径向/图片背景阻断,page_snapshot_component_lines
OutlinedButton,style.surface.corner_radius_dp,yes,条件,四角事实；AbsoluteRoundedCornerShape、统一圆角；方向未知的非对称 Start/End 阻断,page_snapshot_component_lines
OutlinedButton,style.surface.corner_sizes,yes,条件,带单位四角：dp/px/percent；百分比依赖原生测量的较短边；方向未知的非对称 Start/End 未解析,page_snapshot_component_lines
OutlinedButton,style.surface.border,yes,条件,统一 solid/dashed/dotted/none；单边、自定义 dash 阻断,page_snapshot_component_lines
OutlinedButton,style.surface.shadows,yes,近似,单阴影且 spread=0；Android elevation 转换仍是近似；多阴影阻断,page_snapshot_component_lines
OutlinedButton,style.surface.alpha,yes,已实现,alpha 常量 0..1,page_snapshot_component_lines
OutlinedButton,style.surface.clip,yes,条件,矩形/圆角；自定义 Path 未支持,page_snapshot_component_lines
OutlinedButton,style.typography.font_size_sp,no,不适用,Text/TextStyle 常量或已解析主题；字体缩放由运行平台消费,page_snapshot_component_lines
OutlinedButton,style.typography.font_weight,no,不适用,FontWeight 常量/已解析主题,page_snapshot_component_lines
OutlinedButton,style.typography.font_style,no,不适用,FontStyle.Normal/Italic; 未知值 unresolved,page_snapshot_component_lines
OutlinedButton,style.typography.font_family,no,不适用,仅已校验字体资产或声明的系统字体,load_page_font_faces / page_snapshot_component_lines
OutlinedButton,style.typography.letter_spacing_sp,no,不适用,letterSpacing 常量 sp；支持负数,page_snapshot_component_lines
OutlinedButton,style.typography.line_height_sp,no,不适用,常量/主题；自定义 LineHeightStyle、低于自然行高未证明等价,page_snapshot_component_lines
OutlinedButton,style.typography.text_align,no,不适用,Start/Center/End/Justify,page_snapshot_component_lines
OutlinedButton,style.typography.max_lines,no,不适用,正整数；TextInput 与多行 TextArea 不是同一控件,page_snapshot_component_lines
OutlinedButton,style.typography.overflow,no,不适用,clip/ellipsis；visible 未支持并阻断；两类 ArkUI 签名分开,page_snapshot_component_lines
OutlinedButton,style.typography.color,yes,条件,明确颜色或已解析主题；容器颜色需实际下传到文字,page_snapshot_component_lines
OutlinedButton,style.typography.decoration,no,不适用,none/underline/line_through,page_snapshot_component_lines
OutlinedButton,style.asset.resource,no,不适用,本地资源或 AsyncImage HTTP(S)；无预览图回退,page_snapshot_component_lines
OutlinedButton,style.asset.sha256,no,不适用,资源提取记录；格式转换后由资源 provenance 验证，不是绘制属性,build_target_phase_consumption_gate
OutlinedButton,style.asset.width_px,no,不适用,可记录源像素尺寸；单输入渲染必须有逻辑尺寸，不能直接按 px 布局,build_target_phase_consumption_gate
OutlinedButton,style.asset.height_px,no,不适用,可记录源像素尺寸；不能当作 dp 使用,build_target_phase_consumption_gate
OutlinedButton,style.asset.width_dp,no,不适用,资源本征尺寸，不是控件硬宽度,page_snapshot_intrinsic_image_lines
OutlinedButton,style.asset.height_dp,no,不适用,资源本征尺寸，不是控件硬高度,page_snapshot_intrinsic_image_lines
OutlinedButton,style.asset.content_scale,no,不适用,fit/crop/fill/inside/none; 未指定尺寸时需可验证本征测量,page_snapshot_intrinsic_image_lines / page_snapshot_component_lines
OutlinedButton,style.asset.tint,no,不适用,显式 tint/ColorFilter.tint；仅支持当前颜色滤镜映射,page_snapshot_component_lines
OutlinedButton,style.transform.translation_x_dp,yes,条件,运行/页面事实；源码 offset 单独走 layoutRules，混合变换阻断,page_snapshot_component_lines
OutlinedButton,style.transform.translation_y_dp,yes,条件,运行/页面事实；源码 offset 单独走 layoutRules，混合变换阻断,page_snapshot_component_lines
OutlinedButton,style.transform.scale_x,yes,条件,scale 常量；graphicsLayer/自定义原点/顺序组合未支持,page_snapshot_component_lines
OutlinedButton,style.transform.scale_y,yes,条件,scale 常量；不推算未知表达式,page_snapshot_component_lines
OutlinedButton,style.transform.rotation_degrees,yes,条件,rotate 常量；默认中心原点,page_snapshot_component_lines
OutlinedButton,style.state.visible,yes,条件,显式布尔页面状态；消失不占位，不等于完整动画状态机,page_snapshot_component_lines
OutlinedButton,style.state.refreshing,no,不适用,isRefreshing 固定布尔状态；Box 叠加原生 LoadingProgress，动画外观近似，不包含刷新业务回调,page_snapshot_component_lines
OutlinedButton,style.state.enabled,yes,已实现,显式布尔优先于默认值；动态未知值不填 true,page_snapshot_component_lines
OutlinedButton,style.state.selected,no,不适用,RadioButton 的明确选中态；不代表任意容器都有选中样式,page_snapshot_component_lines
OutlinedButton,style.state.checked,no,不适用,Checkbox/Switch 的明确布尔状态；缺失或动态未解析阻断,page_snapshot_component_lines
OutlinedButton,style.state.clickable,yes,业务边界,只记录入口元数据；UI 渲染不产生业务 onClick，另走 behavior contract,build_target_phase_consumption_gate
OutlinedButton,style.content.text,yes,条件,text/value/已解析资源；Button 文本在子 Text 实际消费,page_snapshot_component_lines
OutlinedButton,style.content.placeholder,no,不适用,纯文字提示；复杂 slot/浮动 label 不等同 placeholder,page_snapshot_component_lines
OutlinedButton,style.content.content_description,yes,已实现,contentDescription; 显式 null 不设置,page_snapshot_component_lines
OutlinedButton,style.content.role,yes,证据,用于页面语义匹配，不代表已实现对应业务,build_target_phase_consumption_gate
OutlinedButton,style.content.locale,no,不适用,可存储/采集；未单独消费，非空时阻断,build_target_phase_consumption_gate
OutlinedButton,style.input.single_line,no,不适用,显式布尔；源码省略按 Compose 多行默认；TextInput/TextArea 原生分流,page_snapshot_component_lines
OutlinedButton,style.input.read_only,no,不适用,显式布尔；禁止软键盘及内容修改，保留选中；API 20+,page_snapshot_component_lines
OutlinedButton,style.input.password,no,不适用,标准 PasswordVisualTransformation/None；多行密码、自定义字符变换阻断,page_snapshot_component_lines
OutlinedButton,style.input.keyboard_type,no,不适用,Text/Number/Phone/Email/Uri/Decimal/Password/NumberPassword；不等同内容校验,page_snapshot_component_lines
OutlinedButton,style.input.ime_action,no,不适用,键盘动作枚举；Previous/单行 None 阻断；业务提交回调另走 contract,page_snapshot_component_lines
OutlinedButton,style.typography.soft_wrap,no,不适用,显式布尔；false 支持不含硬换行的单段文字，硬换行逐段渲染未支持,page_snapshot_component_lines
OutlinedButton,style.typography.min_lines,no,不适用,1 为原生默认；多行 Text 使用已验证字体运行时 metrics，复杂约束/输入框多行最低行数阻断,page_snapshot_component_lines
OutlinedButton,style.control.value,no,不适用,明确 value/progress；不使用样例数值；UI 当前态不等同业务订阅,page_snapshot_component_lines
OutlinedButton,style.control.minimum,no,不适用,Slider valueRange 或明确默认 0；进度固定 0..1,page_snapshot_component_lines
OutlinedButton,style.control.maximum,no,不适用,Slider valueRange 或明确默认 1；上限必须大于下限,page_snapshot_component_lines
OutlinedButton,style.control.steps,no,不适用,离散 steps 转 (max-min)/(steps+1)；连续型与小于平台最小步长阻断,page_snapshot_component_lines
OutlinedButton,style.control.active_color,no,不适用,显式 color 常量或刷新指示器主题色，作用于轨迹/分隔线而非文字,page_snapshot_component_lines
OutlinedButton,style.control.inactive_color,no,不适用,显式 trackColor 常量或刷新指示器主题背景,page_snapshot_component_lines
OutlinedButton,style.control.stroke_width_dp,no,不适用,常量 thickness/strokeWidth；分隔线默认1dp,page_snapshot_component_lines
IconButton,structure.type,yes,已实现,SourceTree/lanhu_layer,page_snapshot_component_lines
IconButton,structure.parent_id,yes,已实现,SourceTree/lanhu_layer,page_snapshot_component_lines
IconButton,structure.children_ids,yes,已实现,SourceTree/lanhu_layer,page_snapshot_component_lines
IconButton,structure.sibling_index,yes,已实现,SourceTree/lanhu_layer,page_snapshot_component_lines
IconButton,style.layout.padding_dp,yes,条件,expand_ordered_layout_modifiers 保留纯常量 padding/size/width/height 嵌套；交织绘制/重复同轴尺寸阻断,page_snapshot_component_lines
IconButton,style.layout.margin_dp,yes,条件,运行测量/页面事实；Compose 没有通用 margin 参数,page_snapshot_component_lines
IconButton,style.layout.layout_direction,yes,条件,页面事实；CompositionLocal 的上下文解析未全覆盖,page_snapshot_component_lines
IconButton,style.layout.z_index,yes,条件,zIndex 走 layoutRules；该字段来自运行/页面事实,page_snapshot_component_lines
IconButton,style.layout.alignment,no,不适用,contentAlignment/horizontalAlignment/verticalAlignment; 枚举,page_snapshot_container_alignment_lines
IconButton,style.layout.horizontal_arrangement,no,不适用,Arrangement + 常量 spacedBy,page_snapshot_container_alignment_lines
IconButton,style.layout.vertical_arrangement,no,不适用,Arrangement + 常量 spacedBy,page_snapshot_container_alignment_lines
IconButton,style.layout.aspect_ratio,yes,已实现,aspectRatio 常量；不猜动态表达式,page_snapshot_component_lines
IconButton,style.layout.width_dp,yes,条件,width/size; 无显式值使用原生测量，不用参考 frame,page_snapshot_dimension_lines
IconButton,style.layout.height_dp,yes,条件,height/size; 无显式值使用原生测量，不用参考 frame,page_snapshot_dimension_lines
IconButton,style.surface.background,yes,条件,solid/null、水平/垂直 Clamp 渐变；未知端点/径向/图片背景阻断,page_snapshot_component_lines
IconButton,style.surface.corner_radius_dp,yes,条件,四角事实；AbsoluteRoundedCornerShape、统一圆角；方向未知的非对称 Start/End 阻断,page_snapshot_component_lines
IconButton,style.surface.corner_sizes,yes,条件,带单位四角：dp/px/percent；百分比依赖原生测量的较短边；方向未知的非对称 Start/End 未解析,page_snapshot_component_lines
IconButton,style.surface.border,yes,条件,统一 solid/dashed/dotted/none；单边、自定义 dash 阻断,page_snapshot_component_lines
IconButton,style.surface.shadows,yes,近似,单阴影且 spread=0；Android elevation 转换仍是近似；多阴影阻断,page_snapshot_component_lines
IconButton,style.surface.alpha,yes,已实现,alpha 常量 0..1,page_snapshot_component_lines
IconButton,style.surface.clip,yes,条件,矩形/圆角；自定义 Path 未支持,page_snapshot_component_lines
IconButton,style.typography.font_size_sp,no,不适用,Text/TextStyle 常量或已解析主题；字体缩放由运行平台消费,page_snapshot_component_lines
IconButton,style.typography.font_weight,no,不适用,FontWeight 常量/已解析主题,page_snapshot_component_lines
IconButton,style.typography.font_style,no,不适用,FontStyle.Normal/Italic; 未知值 unresolved,page_snapshot_component_lines
IconButton,style.typography.font_family,no,不适用,仅已校验字体资产或声明的系统字体,load_page_font_faces / page_snapshot_component_lines
IconButton,style.typography.letter_spacing_sp,no,不适用,letterSpacing 常量 sp；支持负数,page_snapshot_component_lines
IconButton,style.typography.line_height_sp,no,不适用,常量/主题；自定义 LineHeightStyle、低于自然行高未证明等价,page_snapshot_component_lines
IconButton,style.typography.text_align,no,不适用,Start/Center/End/Justify,page_snapshot_component_lines
IconButton,style.typography.max_lines,no,不适用,正整数；TextInput 与多行 TextArea 不是同一控件,page_snapshot_component_lines
IconButton,style.typography.overflow,no,不适用,clip/ellipsis；visible 未支持并阻断；两类 ArkUI 签名分开,page_snapshot_component_lines
IconButton,style.typography.color,yes,条件,明确颜色或已解析主题；容器颜色需实际下传到文字,page_snapshot_component_lines
IconButton,style.typography.decoration,no,不适用,none/underline/line_through,page_snapshot_component_lines
IconButton,style.asset.resource,no,不适用,本地资源或 AsyncImage HTTP(S)；无预览图回退,page_snapshot_component_lines
IconButton,style.asset.sha256,no,不适用,资源提取记录；格式转换后由资源 provenance 验证，不是绘制属性,build_target_phase_consumption_gate
IconButton,style.asset.width_px,no,不适用,可记录源像素尺寸；单输入渲染必须有逻辑尺寸，不能直接按 px 布局,build_target_phase_consumption_gate
IconButton,style.asset.height_px,no,不适用,可记录源像素尺寸；不能当作 dp 使用,build_target_phase_consumption_gate
IconButton,style.asset.width_dp,no,不适用,资源本征尺寸，不是控件硬宽度,page_snapshot_intrinsic_image_lines
IconButton,style.asset.height_dp,no,不适用,资源本征尺寸，不是控件硬高度,page_snapshot_intrinsic_image_lines
IconButton,style.asset.content_scale,no,不适用,fit/crop/fill/inside/none; 未指定尺寸时需可验证本征测量,page_snapshot_intrinsic_image_lines / page_snapshot_component_lines
IconButton,style.asset.tint,no,不适用,显式 tint/ColorFilter.tint；仅支持当前颜色滤镜映射,page_snapshot_component_lines
IconButton,style.transform.translation_x_dp,yes,条件,运行/页面事实；源码 offset 单独走 layoutRules，混合变换阻断,page_snapshot_component_lines
IconButton,style.transform.translation_y_dp,yes,条件,运行/页面事实；源码 offset 单独走 layoutRules，混合变换阻断,page_snapshot_component_lines
IconButton,style.transform.scale_x,yes,条件,scale 常量；graphicsLayer/自定义原点/顺序组合未支持,page_snapshot_component_lines
IconButton,style.transform.scale_y,yes,条件,scale 常量；不推算未知表达式,page_snapshot_component_lines
IconButton,style.transform.rotation_degrees,yes,条件,rotate 常量；默认中心原点,page_snapshot_component_lines
IconButton,style.state.visible,yes,条件,显式布尔页面状态；消失不占位，不等于完整动画状态机,page_snapshot_component_lines
IconButton,style.state.refreshing,no,不适用,isRefreshing 固定布尔状态；Box 叠加原生 LoadingProgress，动画外观近似，不包含刷新业务回调,page_snapshot_component_lines
IconButton,style.state.enabled,yes,已实现,显式布尔优先于默认值；动态未知值不填 true,page_snapshot_component_lines
IconButton,style.state.selected,no,不适用,RadioButton 的明确选中态；不代表任意容器都有选中样式,page_snapshot_component_lines
IconButton,style.state.checked,no,不适用,Checkbox/Switch 的明确布尔状态；缺失或动态未解析阻断,page_snapshot_component_lines
IconButton,style.state.clickable,yes,业务边界,只记录入口元数据；UI 渲染不产生业务 onClick，另走 behavior contract,build_target_phase_consumption_gate
IconButton,style.content.text,yes,条件,text/value/已解析资源；Button 文本在子 Text 实际消费,page_snapshot_component_lines
IconButton,style.content.placeholder,no,不适用,纯文字提示；复杂 slot/浮动 label 不等同 placeholder,page_snapshot_component_lines
IconButton,style.content.content_description,yes,已实现,contentDescription; 显式 null 不设置,page_snapshot_component_lines
IconButton,style.content.role,yes,证据,用于页面语义匹配，不代表已实现对应业务,build_target_phase_consumption_gate
IconButton,style.content.locale,no,不适用,可存储/采集；未单独消费，非空时阻断,build_target_phase_consumption_gate
IconButton,style.input.single_line,no,不适用,显式布尔；源码省略按 Compose 多行默认；TextInput/TextArea 原生分流,page_snapshot_component_lines
IconButton,style.input.read_only,no,不适用,显式布尔；禁止软键盘及内容修改，保留选中；API 20+,page_snapshot_component_lines
IconButton,style.input.password,no,不适用,标准 PasswordVisualTransformation/None；多行密码、自定义字符变换阻断,page_snapshot_component_lines
IconButton,style.input.keyboard_type,no,不适用,Text/Number/Phone/Email/Uri/Decimal/Password/NumberPassword；不等同内容校验,page_snapshot_component_lines
IconButton,style.input.ime_action,no,不适用,键盘动作枚举；Previous/单行 None 阻断；业务提交回调另走 contract,page_snapshot_component_lines
IconButton,style.typography.soft_wrap,no,不适用,显式布尔；false 支持不含硬换行的单段文字，硬换行逐段渲染未支持,page_snapshot_component_lines
IconButton,style.typography.min_lines,no,不适用,1 为原生默认；多行 Text 使用已验证字体运行时 metrics，复杂约束/输入框多行最低行数阻断,page_snapshot_component_lines
IconButton,style.control.value,no,不适用,明确 value/progress；不使用样例数值；UI 当前态不等同业务订阅,page_snapshot_component_lines
IconButton,style.control.minimum,no,不适用,Slider valueRange 或明确默认 0；进度固定 0..1,page_snapshot_component_lines
IconButton,style.control.maximum,no,不适用,Slider valueRange 或明确默认 1；上限必须大于下限,page_snapshot_component_lines
IconButton,style.control.steps,no,不适用,离散 steps 转 (max-min)/(steps+1)；连续型与小于平台最小步长阻断,page_snapshot_component_lines
IconButton,style.control.active_color,no,不适用,显式 color 常量或刷新指示器主题色，作用于轨迹/分隔线而非文字,page_snapshot_component_lines
IconButton,style.control.inactive_color,no,不适用,显式 trackColor 常量或刷新指示器主题背景,page_snapshot_component_lines
IconButton,style.control.stroke_width_dp,no,不适用,常量 thickness/strokeWidth；分隔线默认1dp,page_snapshot_component_lines
FloatingActionButton,structure.type,yes,已实现,SourceTree/lanhu_layer,page_snapshot_component_lines
FloatingActionButton,structure.parent_id,yes,已实现,SourceTree/lanhu_layer,page_snapshot_component_lines
FloatingActionButton,structure.children_ids,yes,已实现,SourceTree/lanhu_layer,page_snapshot_component_lines
FloatingActionButton,structure.sibling_index,yes,已实现,SourceTree/lanhu_layer,page_snapshot_component_lines
FloatingActionButton,style.layout.padding_dp,yes,条件,expand_ordered_layout_modifiers 保留纯常量 padding/size/width/height 嵌套；交织绘制/重复同轴尺寸阻断,page_snapshot_component_lines
FloatingActionButton,style.layout.margin_dp,yes,条件,运行测量/页面事实；Compose 没有通用 margin 参数,page_snapshot_component_lines
FloatingActionButton,style.layout.layout_direction,yes,条件,页面事实；CompositionLocal 的上下文解析未全覆盖,page_snapshot_component_lines
FloatingActionButton,style.layout.z_index,yes,条件,zIndex 走 layoutRules；该字段来自运行/页面事实,page_snapshot_component_lines
FloatingActionButton,style.layout.alignment,no,不适用,contentAlignment/horizontalAlignment/verticalAlignment; 枚举,page_snapshot_container_alignment_lines
FloatingActionButton,style.layout.horizontal_arrangement,no,不适用,Arrangement + 常量 spacedBy,page_snapshot_container_alignment_lines
FloatingActionButton,style.layout.vertical_arrangement,no,不适用,Arrangement + 常量 spacedBy,page_snapshot_container_alignment_lines
FloatingActionButton,style.layout.aspect_ratio,yes,已实现,aspectRatio 常量；不猜动态表达式,page_snapshot_component_lines
FloatingActionButton,style.layout.width_dp,yes,条件,width/size; 无显式值使用原生测量，不用参考 frame,page_snapshot_dimension_lines
FloatingActionButton,style.layout.height_dp,yes,条件,height/size; 无显式值使用原生测量，不用参考 frame,page_snapshot_dimension_lines
FloatingActionButton,style.surface.background,yes,条件,solid/null、水平/垂直 Clamp 渐变；未知端点/径向/图片背景阻断,page_snapshot_component_lines
FloatingActionButton,style.surface.corner_radius_dp,yes,条件,四角事实；AbsoluteRoundedCornerShape、统一圆角；方向未知的非对称 Start/End 阻断,page_snapshot_component_lines
FloatingActionButton,style.surface.corner_sizes,yes,条件,带单位四角：dp/px/percent；百分比依赖原生测量的较短边；方向未知的非对称 Start/End 未解析,page_snapshot_component_lines
FloatingActionButton,style.surface.border,yes,条件,统一 solid/dashed/dotted/none；单边、自定义 dash 阻断,page_snapshot_component_lines
FloatingActionButton,style.surface.shadows,yes,近似,单阴影且 spread=0；Android elevation 转换仍是近似；多阴影阻断,page_snapshot_component_lines
FloatingActionButton,style.surface.alpha,yes,已实现,alpha 常量 0..1,page_snapshot_component_lines
FloatingActionButton,style.surface.clip,yes,条件,矩形/圆角；自定义 Path 未支持,page_snapshot_component_lines
FloatingActionButton,style.typography.font_size_sp,no,不适用,Text/TextStyle 常量或已解析主题；字体缩放由运行平台消费,page_snapshot_component_lines
FloatingActionButton,style.typography.font_weight,no,不适用,FontWeight 常量/已解析主题,page_snapshot_component_lines
FloatingActionButton,style.typography.font_style,no,不适用,FontStyle.Normal/Italic; 未知值 unresolved,page_snapshot_component_lines
FloatingActionButton,style.typography.font_family,no,不适用,仅已校验字体资产或声明的系统字体,load_page_font_faces / page_snapshot_component_lines
FloatingActionButton,style.typography.letter_spacing_sp,no,不适用,letterSpacing 常量 sp；支持负数,page_snapshot_component_lines
FloatingActionButton,style.typography.line_height_sp,no,不适用,常量/主题；自定义 LineHeightStyle、低于自然行高未证明等价,page_snapshot_component_lines
FloatingActionButton,style.typography.text_align,no,不适用,Start/Center/End/Justify,page_snapshot_component_lines
FloatingActionButton,style.typography.max_lines,no,不适用,正整数；TextInput 与多行 TextArea 不是同一控件,page_snapshot_component_lines
FloatingActionButton,style.typography.overflow,no,不适用,clip/ellipsis；visible 未支持并阻断；两类 ArkUI 签名分开,page_snapshot_component_lines
FloatingActionButton,style.typography.color,yes,条件,明确颜色或已解析主题；容器颜色需实际下传到文字,page_snapshot_component_lines
FloatingActionButton,style.typography.decoration,no,不适用,none/underline/line_through,page_snapshot_component_lines
FloatingActionButton,style.asset.resource,no,不适用,本地资源或 AsyncImage HTTP(S)；无预览图回退,page_snapshot_component_lines
FloatingActionButton,style.asset.sha256,no,不适用,资源提取记录；格式转换后由资源 provenance 验证，不是绘制属性,build_target_phase_consumption_gate
FloatingActionButton,style.asset.width_px,no,不适用,可记录源像素尺寸；单输入渲染必须有逻辑尺寸，不能直接按 px 布局,build_target_phase_consumption_gate
FloatingActionButton,style.asset.height_px,no,不适用,可记录源像素尺寸；不能当作 dp 使用,build_target_phase_consumption_gate
FloatingActionButton,style.asset.width_dp,no,不适用,资源本征尺寸，不是控件硬宽度,page_snapshot_intrinsic_image_lines
FloatingActionButton,style.asset.height_dp,no,不适用,资源本征尺寸，不是控件硬高度,page_snapshot_intrinsic_image_lines
FloatingActionButton,style.asset.content_scale,no,不适用,fit/crop/fill/inside/none; 未指定尺寸时需可验证本征测量,page_snapshot_intrinsic_image_lines / page_snapshot_component_lines
FloatingActionButton,style.asset.tint,no,不适用,显式 tint/ColorFilter.tint；仅支持当前颜色滤镜映射,page_snapshot_component_lines
FloatingActionButton,style.transform.translation_x_dp,yes,条件,运行/页面事实；源码 offset 单独走 layoutRules，混合变换阻断,page_snapshot_component_lines
FloatingActionButton,style.transform.translation_y_dp,yes,条件,运行/页面事实；源码 offset 单独走 layoutRules，混合变换阻断,page_snapshot_component_lines
FloatingActionButton,style.transform.scale_x,yes,条件,scale 常量；graphicsLayer/自定义原点/顺序组合未支持,page_snapshot_component_lines
FloatingActionButton,style.transform.scale_y,yes,条件,scale 常量；不推算未知表达式,page_snapshot_component_lines
FloatingActionButton,style.transform.rotation_degrees,yes,条件,rotate 常量；默认中心原点,page_snapshot_component_lines
FloatingActionButton,style.state.visible,yes,条件,显式布尔页面状态；消失不占位，不等于完整动画状态机,page_snapshot_component_lines
FloatingActionButton,style.state.refreshing,no,不适用,isRefreshing 固定布尔状态；Box 叠加原生 LoadingProgress，动画外观近似，不包含刷新业务回调,page_snapshot_component_lines
FloatingActionButton,style.state.enabled,yes,已实现,显式布尔优先于默认值；动态未知值不填 true,page_snapshot_component_lines
FloatingActionButton,style.state.selected,no,不适用,RadioButton 的明确选中态；不代表任意容器都有选中样式,page_snapshot_component_lines
FloatingActionButton,style.state.checked,no,不适用,Checkbox/Switch 的明确布尔状态；缺失或动态未解析阻断,page_snapshot_component_lines
FloatingActionButton,style.state.clickable,yes,业务边界,只记录入口元数据；UI 渲染不产生业务 onClick，另走 behavior contract,build_target_phase_consumption_gate
FloatingActionButton,style.content.text,yes,条件,text/value/已解析资源；Button 文本在子 Text 实际消费,page_snapshot_component_lines
FloatingActionButton,style.content.placeholder,no,不适用,纯文字提示；复杂 slot/浮动 label 不等同 placeholder,page_snapshot_component_lines
FloatingActionButton,style.content.content_description,yes,已实现,contentDescription; 显式 null 不设置,page_snapshot_component_lines
FloatingActionButton,style.content.role,yes,证据,用于页面语义匹配，不代表已实现对应业务,build_target_phase_consumption_gate
FloatingActionButton,style.content.locale,no,不适用,可存储/采集；未单独消费，非空时阻断,build_target_phase_consumption_gate
FloatingActionButton,style.input.single_line,no,不适用,显式布尔；源码省略按 Compose 多行默认；TextInput/TextArea 原生分流,page_snapshot_component_lines
FloatingActionButton,style.input.read_only,no,不适用,显式布尔；禁止软键盘及内容修改，保留选中；API 20+,page_snapshot_component_lines
FloatingActionButton,style.input.password,no,不适用,标准 PasswordVisualTransformation/None；多行密码、自定义字符变换阻断,page_snapshot_component_lines
FloatingActionButton,style.input.keyboard_type,no,不适用,Text/Number/Phone/Email/Uri/Decimal/Password/NumberPassword；不等同内容校验,page_snapshot_component_lines
FloatingActionButton,style.input.ime_action,no,不适用,键盘动作枚举；Previous/单行 None 阻断；业务提交回调另走 contract,page_snapshot_component_lines
FloatingActionButton,style.typography.soft_wrap,no,不适用,显式布尔；false 支持不含硬换行的单段文字，硬换行逐段渲染未支持,page_snapshot_component_lines
FloatingActionButton,style.typography.min_lines,no,不适用,1 为原生默认；多行 Text 使用已验证字体运行时 metrics，复杂约束/输入框多行最低行数阻断,page_snapshot_component_lines
FloatingActionButton,style.control.value,no,不适用,明确 value/progress；不使用样例数值；UI 当前态不等同业务订阅,page_snapshot_component_lines
FloatingActionButton,style.control.minimum,no,不适用,Slider valueRange 或明确默认 0；进度固定 0..1,page_snapshot_component_lines
FloatingActionButton,style.control.maximum,no,不适用,Slider valueRange 或明确默认 1；上限必须大于下限,page_snapshot_component_lines
FloatingActionButton,style.control.steps,no,不适用,离散 steps 转 (max-min)/(steps+1)；连续型与小于平台最小步长阻断,page_snapshot_component_lines
FloatingActionButton,style.control.active_color,no,不适用,显式 color 常量或刷新指示器主题色，作用于轨迹/分隔线而非文字,page_snapshot_component_lines
FloatingActionButton,style.control.inactive_color,no,不适用,显式 trackColor 常量或刷新指示器主题背景,page_snapshot_component_lines
FloatingActionButton,style.control.stroke_width_dp,no,不适用,常量 thickness/strokeWidth；分隔线默认1dp,page_snapshot_component_lines
SmallFloatingActionButton,structure.type,yes,已实现,SourceTree/lanhu_layer,page_snapshot_component_lines
SmallFloatingActionButton,structure.parent_id,yes,已实现,SourceTree/lanhu_layer,page_snapshot_component_lines
SmallFloatingActionButton,structure.children_ids,yes,已实现,SourceTree/lanhu_layer,page_snapshot_component_lines
SmallFloatingActionButton,structure.sibling_index,yes,已实现,SourceTree/lanhu_layer,page_snapshot_component_lines
SmallFloatingActionButton,style.layout.padding_dp,yes,条件,expand_ordered_layout_modifiers 保留纯常量 padding/size/width/height 嵌套；交织绘制/重复同轴尺寸阻断,page_snapshot_component_lines
SmallFloatingActionButton,style.layout.margin_dp,yes,条件,运行测量/页面事实；Compose 没有通用 margin 参数,page_snapshot_component_lines
SmallFloatingActionButton,style.layout.layout_direction,yes,条件,页面事实；CompositionLocal 的上下文解析未全覆盖,page_snapshot_component_lines
SmallFloatingActionButton,style.layout.z_index,yes,条件,zIndex 走 layoutRules；该字段来自运行/页面事实,page_snapshot_component_lines
SmallFloatingActionButton,style.layout.alignment,no,不适用,contentAlignment/horizontalAlignment/verticalAlignment; 枚举,page_snapshot_container_alignment_lines
SmallFloatingActionButton,style.layout.horizontal_arrangement,no,不适用,Arrangement + 常量 spacedBy,page_snapshot_container_alignment_lines
SmallFloatingActionButton,style.layout.vertical_arrangement,no,不适用,Arrangement + 常量 spacedBy,page_snapshot_container_alignment_lines
SmallFloatingActionButton,style.layout.aspect_ratio,yes,已实现,aspectRatio 常量；不猜动态表达式,page_snapshot_component_lines
SmallFloatingActionButton,style.layout.width_dp,yes,条件,width/size; 无显式值使用原生测量，不用参考 frame,page_snapshot_dimension_lines
SmallFloatingActionButton,style.layout.height_dp,yes,条件,height/size; 无显式值使用原生测量，不用参考 frame,page_snapshot_dimension_lines
SmallFloatingActionButton,style.surface.background,yes,条件,solid/null、水平/垂直 Clamp 渐变；未知端点/径向/图片背景阻断,page_snapshot_component_lines
SmallFloatingActionButton,style.surface.corner_radius_dp,yes,条件,四角事实；AbsoluteRoundedCornerShape、统一圆角；方向未知的非对称 Start/End 阻断,page_snapshot_component_lines
SmallFloatingActionButton,style.surface.corner_sizes,yes,条件,带单位四角：dp/px/percent；百分比依赖原生测量的较短边；方向未知的非对称 Start/End 未解析,page_snapshot_component_lines
SmallFloatingActionButton,style.surface.border,yes,条件,统一 solid/dashed/dotted/none；单边、自定义 dash 阻断,page_snapshot_component_lines
SmallFloatingActionButton,style.surface.shadows,yes,近似,单阴影且 spread=0；Android elevation 转换仍是近似；多阴影阻断,page_snapshot_component_lines
SmallFloatingActionButton,style.surface.alpha,yes,已实现,alpha 常量 0..1,page_snapshot_component_lines
SmallFloatingActionButton,style.surface.clip,yes,条件,矩形/圆角；自定义 Path 未支持,page_snapshot_component_lines
SmallFloatingActionButton,style.typography.font_size_sp,no,不适用,Text/TextStyle 常量或已解析主题；字体缩放由运行平台消费,page_snapshot_component_lines
SmallFloatingActionButton,style.typography.font_weight,no,不适用,FontWeight 常量/已解析主题,page_snapshot_component_lines
SmallFloatingActionButton,style.typography.font_style,no,不适用,FontStyle.Normal/Italic; 未知值 unresolved,page_snapshot_component_lines
SmallFloatingActionButton,style.typography.font_family,no,不适用,仅已校验字体资产或声明的系统字体,load_page_font_faces / page_snapshot_component_lines
SmallFloatingActionButton,style.typography.letter_spacing_sp,no,不适用,letterSpacing 常量 sp；支持负数,page_snapshot_component_lines
SmallFloatingActionButton,style.typography.line_height_sp,no,不适用,常量/主题；自定义 LineHeightStyle、低于自然行高未证明等价,page_snapshot_component_lines
SmallFloatingActionButton,style.typography.text_align,no,不适用,Start/Center/End/Justify,page_snapshot_component_lines
SmallFloatingActionButton,style.typography.max_lines,no,不适用,正整数；TextInput 与多行 TextArea 不是同一控件,page_snapshot_component_lines
SmallFloatingActionButton,style.typography.overflow,no,不适用,clip/ellipsis；visible 未支持并阻断；两类 ArkUI 签名分开,page_snapshot_component_lines
SmallFloatingActionButton,style.typography.color,yes,条件,明确颜色或已解析主题；容器颜色需实际下传到文字,page_snapshot_component_lines
SmallFloatingActionButton,style.typography.decoration,no,不适用,none/underline/line_through,page_snapshot_component_lines
SmallFloatingActionButton,style.asset.resource,no,不适用,本地资源或 AsyncImage HTTP(S)；无预览图回退,page_snapshot_component_lines
SmallFloatingActionButton,style.asset.sha256,no,不适用,资源提取记录；格式转换后由资源 provenance 验证，不是绘制属性,build_target_phase_consumption_gate
SmallFloatingActionButton,style.asset.width_px,no,不适用,可记录源像素尺寸；单输入渲染必须有逻辑尺寸，不能直接按 px 布局,build_target_phase_consumption_gate
SmallFloatingActionButton,style.asset.height_px,no,不适用,可记录源像素尺寸；不能当作 dp 使用,build_target_phase_consumption_gate
SmallFloatingActionButton,style.asset.width_dp,no,不适用,资源本征尺寸，不是控件硬宽度,page_snapshot_intrinsic_image_lines
SmallFloatingActionButton,style.asset.height_dp,no,不适用,资源本征尺寸，不是控件硬高度,page_snapshot_intrinsic_image_lines
SmallFloatingActionButton,style.asset.content_scale,no,不适用,fit/crop/fill/inside/none; 未指定尺寸时需可验证本征测量,page_snapshot_intrinsic_image_lines / page_snapshot_component_lines
SmallFloatingActionButton,style.asset.tint,no,不适用,显式 tint/ColorFilter.tint；仅支持当前颜色滤镜映射,page_snapshot_component_lines
SmallFloatingActionButton,style.transform.translation_x_dp,yes,条件,运行/页面事实；源码 offset 单独走 layoutRules，混合变换阻断,page_snapshot_component_lines
SmallFloatingActionButton,style.transform.translation_y_dp,yes,条件,运行/页面事实；源码 offset 单独走 layoutRules，混合变换阻断,page_snapshot_component_lines
SmallFloatingActionButton,style.transform.scale_x,yes,条件,scale 常量；graphicsLayer/自定义原点/顺序组合未支持,page_snapshot_component_lines
SmallFloatingActionButton,style.transform.scale_y,yes,条件,scale 常量；不推算未知表达式,page_snapshot_component_lines
SmallFloatingActionButton,style.transform.rotation_degrees,yes,条件,rotate 常量；默认中心原点,page_snapshot_component_lines
SmallFloatingActionButton,style.state.visible,yes,条件,显式布尔页面状态；消失不占位，不等于完整动画状态机,page_snapshot_component_lines
SmallFloatingActionButton,style.state.refreshing,no,不适用,isRefreshing 固定布尔状态；Box 叠加原生 LoadingProgress，动画外观近似，不包含刷新业务回调,page_snapshot_component_lines
SmallFloatingActionButton,style.state.enabled,yes,已实现,显式布尔优先于默认值；动态未知值不填 true,page_snapshot_component_lines
SmallFloatingActionButton,style.state.selected,no,不适用,RadioButton 的明确选中态；不代表任意容器都有选中样式,page_snapshot_component_lines
SmallFloatingActionButton,style.state.checked,no,不适用,Checkbox/Switch 的明确布尔状态；缺失或动态未解析阻断,page_snapshot_component_lines
SmallFloatingActionButton,style.state.clickable,yes,业务边界,只记录入口元数据；UI 渲染不产生业务 onClick，另走 behavior contract,build_target_phase_consumption_gate
SmallFloatingActionButton,style.content.text,yes,条件,text/value/已解析资源；Button 文本在子 Text 实际消费,page_snapshot_component_lines
SmallFloatingActionButton,style.content.placeholder,no,不适用,纯文字提示；复杂 slot/浮动 label 不等同 placeholder,page_snapshot_component_lines
SmallFloatingActionButton,style.content.content_description,yes,已实现,contentDescription; 显式 null 不设置,page_snapshot_component_lines
SmallFloatingActionButton,style.content.role,yes,证据,用于页面语义匹配，不代表已实现对应业务,build_target_phase_consumption_gate
SmallFloatingActionButton,style.content.locale,no,不适用,可存储/采集；未单独消费，非空时阻断,build_target_phase_consumption_gate
SmallFloatingActionButton,style.input.single_line,no,不适用,显式布尔；源码省略按 Compose 多行默认；TextInput/TextArea 原生分流,page_snapshot_component_lines
SmallFloatingActionButton,style.input.read_only,no,不适用,显式布尔；禁止软键盘及内容修改，保留选中；API 20+,page_snapshot_component_lines
SmallFloatingActionButton,style.input.password,no,不适用,标准 PasswordVisualTransformation/None；多行密码、自定义字符变换阻断,page_snapshot_component_lines
SmallFloatingActionButton,style.input.keyboard_type,no,不适用,Text/Number/Phone/Email/Uri/Decimal/Password/NumberPassword；不等同内容校验,page_snapshot_component_lines
SmallFloatingActionButton,style.input.ime_action,no,不适用,键盘动作枚举；Previous/单行 None 阻断；业务提交回调另走 contract,page_snapshot_component_lines
SmallFloatingActionButton,style.typography.soft_wrap,no,不适用,显式布尔；false 支持不含硬换行的单段文字，硬换行逐段渲染未支持,page_snapshot_component_lines
SmallFloatingActionButton,style.typography.min_lines,no,不适用,1 为原生默认；多行 Text 使用已验证字体运行时 metrics，复杂约束/输入框多行最低行数阻断,page_snapshot_component_lines
SmallFloatingActionButton,style.control.value,no,不适用,明确 value/progress；不使用样例数值；UI 当前态不等同业务订阅,page_snapshot_component_lines
SmallFloatingActionButton,style.control.minimum,no,不适用,Slider valueRange 或明确默认 0；进度固定 0..1,page_snapshot_component_lines
SmallFloatingActionButton,style.control.maximum,no,不适用,Slider valueRange 或明确默认 1；上限必须大于下限,page_snapshot_component_lines
SmallFloatingActionButton,style.control.steps,no,不适用,离散 steps 转 (max-min)/(steps+1)；连续型与小于平台最小步长阻断,page_snapshot_component_lines
SmallFloatingActionButton,style.control.active_color,no,不适用,显式 color 常量或刷新指示器主题色，作用于轨迹/分隔线而非文字,page_snapshot_component_lines
SmallFloatingActionButton,style.control.inactive_color,no,不适用,显式 trackColor 常量或刷新指示器主题背景,page_snapshot_component_lines
SmallFloatingActionButton,style.control.stroke_width_dp,no,不适用,常量 thickness/strokeWidth；分隔线默认1dp,page_snapshot_component_lines
Text,structure.type,yes,已实现,SourceTree/lanhu_layer,page_snapshot_component_lines
Text,structure.parent_id,yes,已实现,SourceTree/lanhu_layer,page_snapshot_component_lines
Text,structure.children_ids,yes,已实现,SourceTree/lanhu_layer,page_snapshot_component_lines
Text,structure.sibling_index,yes,已实现,SourceTree/lanhu_layer,page_snapshot_component_lines
Text,style.layout.padding_dp,yes,条件,expand_ordered_layout_modifiers 保留纯常量 padding/size/width/height 嵌套；交织绘制/重复同轴尺寸阻断,page_snapshot_component_lines
Text,style.layout.margin_dp,yes,条件,运行测量/页面事实；Compose 没有通用 margin 参数,page_snapshot_component_lines
Text,style.layout.layout_direction,yes,条件,页面事实；CompositionLocal 的上下文解析未全覆盖,page_snapshot_component_lines
Text,style.layout.z_index,yes,条件,zIndex 走 layoutRules；该字段来自运行/页面事实,page_snapshot_component_lines
Text,style.layout.alignment,no,不适用,contentAlignment/horizontalAlignment/verticalAlignment; 枚举,page_snapshot_container_alignment_lines
Text,style.layout.horizontal_arrangement,no,不适用,Arrangement + 常量 spacedBy,page_snapshot_container_alignment_lines
Text,style.layout.vertical_arrangement,no,不适用,Arrangement + 常量 spacedBy,page_snapshot_container_alignment_lines
Text,style.layout.aspect_ratio,yes,已实现,aspectRatio 常量；不猜动态表达式,page_snapshot_component_lines
Text,style.layout.width_dp,yes,条件,width/size; 无显式值使用原生测量，不用参考 frame,page_snapshot_dimension_lines
Text,style.layout.height_dp,yes,条件,height/size; 无显式值使用原生测量，不用参考 frame,page_snapshot_dimension_lines
Text,style.surface.background,yes,条件,solid/null、水平/垂直 Clamp 渐变；未知端点/径向/图片背景阻断,page_snapshot_component_lines
Text,style.surface.corner_radius_dp,yes,条件,四角事实；AbsoluteRoundedCornerShape、统一圆角；方向未知的非对称 Start/End 阻断,page_snapshot_component_lines
Text,style.surface.corner_sizes,yes,条件,带单位四角：dp/px/percent；百分比依赖原生测量的较短边；方向未知的非对称 Start/End 未解析,page_snapshot_component_lines
Text,style.surface.border,yes,条件,统一 solid/dashed/dotted/none；单边、自定义 dash 阻断,page_snapshot_component_lines
Text,style.surface.shadows,yes,近似,单阴影且 spread=0；Android elevation 转换仍是近似；多阴影阻断,page_snapshot_component_lines
Text,style.surface.alpha,yes,已实现,alpha 常量 0..1,page_snapshot_component_lines
Text,style.surface.clip,yes,条件,矩形/圆角；自定义 Path 未支持,page_snapshot_component_lines
Text,style.typography.font_size_sp,yes,条件,Text/TextStyle 常量或已解析主题；字体缩放由运行平台消费,page_snapshot_component_lines
Text,style.typography.font_weight,yes,条件,FontWeight 常量/已解析主题,page_snapshot_component_lines
Text,style.typography.font_style,yes,已实现,FontStyle.Normal/Italic; 未知值 unresolved,page_snapshot_component_lines
Text,style.typography.font_family,yes,条件,仅已校验字体资产或声明的系统字体,load_page_font_faces / page_snapshot_component_lines
Text,style.typography.letter_spacing_sp,yes,已实现,letterSpacing 常量 sp；支持负数,page_snapshot_component_lines
Text,style.typography.line_height_sp,yes,条件,常量/主题；自定义 LineHeightStyle、低于自然行高未证明等价,page_snapshot_component_lines
Text,style.typography.text_align,yes,已实现,Start/Center/End/Justify,page_snapshot_component_lines
Text,style.typography.max_lines,yes,条件,正整数；TextInput 与多行 TextArea 不是同一控件,page_snapshot_component_lines
Text,style.typography.overflow,yes,条件,clip/ellipsis；visible 未支持并阻断；两类 ArkUI 签名分开,page_snapshot_component_lines
Text,style.typography.color,yes,条件,明确颜色或已解析主题；容器颜色需实际下传到文字,page_snapshot_component_lines
Text,style.typography.decoration,yes,已实现,none/underline/line_through,page_snapshot_component_lines
Text,style.asset.resource,no,不适用,本地资源或 AsyncImage HTTP(S)；无预览图回退,page_snapshot_component_lines
Text,style.asset.sha256,no,不适用,资源提取记录；格式转换后由资源 provenance 验证，不是绘制属性,build_target_phase_consumption_gate
Text,style.asset.width_px,no,不适用,可记录源像素尺寸；单输入渲染必须有逻辑尺寸，不能直接按 px 布局,build_target_phase_consumption_gate
Text,style.asset.height_px,no,不适用,可记录源像素尺寸；不能当作 dp 使用,build_target_phase_consumption_gate
Text,style.asset.width_dp,no,不适用,资源本征尺寸，不是控件硬宽度,page_snapshot_intrinsic_image_lines
Text,style.asset.height_dp,no,不适用,资源本征尺寸，不是控件硬高度,page_snapshot_intrinsic_image_lines
Text,style.asset.content_scale,no,不适用,fit/crop/fill/inside/none; 未指定尺寸时需可验证本征测量,page_snapshot_intrinsic_image_lines / page_snapshot_component_lines
Text,style.asset.tint,no,不适用,显式 tint/ColorFilter.tint；仅支持当前颜色滤镜映射,page_snapshot_component_lines
Text,style.transform.translation_x_dp,yes,条件,运行/页面事实；源码 offset 单独走 layoutRules，混合变换阻断,page_snapshot_component_lines
Text,style.transform.translation_y_dp,yes,条件,运行/页面事实；源码 offset 单独走 layoutRules，混合变换阻断,page_snapshot_component_lines
Text,style.transform.scale_x,yes,条件,scale 常量；graphicsLayer/自定义原点/顺序组合未支持,page_snapshot_component_lines
Text,style.transform.scale_y,yes,条件,scale 常量；不推算未知表达式,page_snapshot_component_lines
Text,style.transform.rotation_degrees,yes,条件,rotate 常量；默认中心原点,page_snapshot_component_lines
Text,style.state.visible,yes,条件,显式布尔页面状态；消失不占位，不等于完整动画状态机,page_snapshot_component_lines
Text,style.state.refreshing,no,不适用,isRefreshing 固定布尔状态；Box 叠加原生 LoadingProgress，动画外观近似，不包含刷新业务回调,page_snapshot_component_lines
Text,style.state.enabled,yes,已实现,显式布尔优先于默认值；动态未知值不填 true,page_snapshot_component_lines
Text,style.state.selected,no,不适用,RadioButton 的明确选中态；不代表任意容器都有选中样式,page_snapshot_component_lines
Text,style.state.checked,no,不适用,Checkbox/Switch 的明确布尔状态；缺失或动态未解析阻断,page_snapshot_component_lines
Text,style.state.clickable,yes,业务边界,只记录入口元数据；UI 渲染不产生业务 onClick，另走 behavior contract,build_target_phase_consumption_gate
Text,style.content.text,yes,条件,text/value/已解析资源；Button 文本在子 Text 实际消费,page_snapshot_component_lines
Text,style.content.placeholder,no,不适用,纯文字提示；复杂 slot/浮动 label 不等同 placeholder,page_snapshot_component_lines
Text,style.content.content_description,yes,已实现,contentDescription; 显式 null 不设置,page_snapshot_component_lines
Text,style.content.role,yes,证据,用于页面语义匹配，不代表已实现对应业务,build_target_phase_consumption_gate
Text,style.content.locale,yes,未支持,可存储/采集；未单独消费，非空时阻断,build_target_phase_consumption_gate
Text,style.input.single_line,no,不适用,显式布尔；源码省略按 Compose 多行默认；TextInput/TextArea 原生分流,page_snapshot_component_lines
Text,style.input.read_only,no,不适用,显式布尔；禁止软键盘及内容修改，保留选中；API 20+,page_snapshot_component_lines
Text,style.input.password,no,不适用,标准 PasswordVisualTransformation/None；多行密码、自定义字符变换阻断,page_snapshot_component_lines
Text,style.input.keyboard_type,no,不适用,Text/Number/Phone/Email/Uri/Decimal/Password/NumberPassword；不等同内容校验,page_snapshot_component_lines
Text,style.input.ime_action,no,不适用,键盘动作枚举；Previous/单行 None 阻断；业务提交回调另走 contract,page_snapshot_component_lines
Text,style.typography.soft_wrap,yes,条件,显式布尔；false 支持不含硬换行的单段文字，硬换行逐段渲染未支持,page_snapshot_component_lines
Text,style.typography.min_lines,yes,条件,1 为原生默认；多行 Text 使用已验证字体运行时 metrics，复杂约束/输入框多行最低行数阻断,page_snapshot_component_lines
Text,style.control.value,no,不适用,明确 value/progress；不使用样例数值；UI 当前态不等同业务订阅,page_snapshot_component_lines
Text,style.control.minimum,no,不适用,Slider valueRange 或明确默认 0；进度固定 0..1,page_snapshot_component_lines
Text,style.control.maximum,no,不适用,Slider valueRange 或明确默认 1；上限必须大于下限,page_snapshot_component_lines
Text,style.control.steps,no,不适用,离散 steps 转 (max-min)/(steps+1)；连续型与小于平台最小步长阻断,page_snapshot_component_lines
Text,style.control.active_color,no,不适用,显式 color 常量或刷新指示器主题色，作用于轨迹/分隔线而非文字,page_snapshot_component_lines
Text,style.control.inactive_color,no,不适用,显式 trackColor 常量或刷新指示器主题背景,page_snapshot_component_lines
Text,style.control.stroke_width_dp,no,不适用,常量 thickness/strokeWidth；分隔线默认1dp,page_snapshot_component_lines
BasicText,structure.type,yes,已实现,SourceTree/lanhu_layer,page_snapshot_component_lines
BasicText,structure.parent_id,yes,已实现,SourceTree/lanhu_layer,page_snapshot_component_lines
BasicText,structure.children_ids,yes,已实现,SourceTree/lanhu_layer,page_snapshot_component_lines
BasicText,structure.sibling_index,yes,已实现,SourceTree/lanhu_layer,page_snapshot_component_lines
BasicText,style.layout.padding_dp,yes,条件,expand_ordered_layout_modifiers 保留纯常量 padding/size/width/height 嵌套；交织绘制/重复同轴尺寸阻断,page_snapshot_component_lines
BasicText,style.layout.margin_dp,yes,条件,运行测量/页面事实；Compose 没有通用 margin 参数,page_snapshot_component_lines
BasicText,style.layout.layout_direction,yes,条件,页面事实；CompositionLocal 的上下文解析未全覆盖,page_snapshot_component_lines
BasicText,style.layout.z_index,yes,条件,zIndex 走 layoutRules；该字段来自运行/页面事实,page_snapshot_component_lines
BasicText,style.layout.alignment,no,不适用,contentAlignment/horizontalAlignment/verticalAlignment; 枚举,page_snapshot_container_alignment_lines
BasicText,style.layout.horizontal_arrangement,no,不适用,Arrangement + 常量 spacedBy,page_snapshot_container_alignment_lines
BasicText,style.layout.vertical_arrangement,no,不适用,Arrangement + 常量 spacedBy,page_snapshot_container_alignment_lines
BasicText,style.layout.aspect_ratio,yes,已实现,aspectRatio 常量；不猜动态表达式,page_snapshot_component_lines
BasicText,style.layout.width_dp,yes,条件,width/size; 无显式值使用原生测量，不用参考 frame,page_snapshot_dimension_lines
BasicText,style.layout.height_dp,yes,条件,height/size; 无显式值使用原生测量，不用参考 frame,page_snapshot_dimension_lines
BasicText,style.surface.background,yes,条件,solid/null、水平/垂直 Clamp 渐变；未知端点/径向/图片背景阻断,page_snapshot_component_lines
BasicText,style.surface.corner_radius_dp,yes,条件,四角事实；AbsoluteRoundedCornerShape、统一圆角；方向未知的非对称 Start/End 阻断,page_snapshot_component_lines
BasicText,style.surface.corner_sizes,yes,条件,带单位四角：dp/px/percent；百分比依赖原生测量的较短边；方向未知的非对称 Start/End 未解析,page_snapshot_component_lines
BasicText,style.surface.border,yes,条件,统一 solid/dashed/dotted/none；单边、自定义 dash 阻断,page_snapshot_component_lines
BasicText,style.surface.shadows,yes,近似,单阴影且 spread=0；Android elevation 转换仍是近似；多阴影阻断,page_snapshot_component_lines
BasicText,style.surface.alpha,yes,已实现,alpha 常量 0..1,page_snapshot_component_lines
BasicText,style.surface.clip,yes,条件,矩形/圆角；自定义 Path 未支持,page_snapshot_component_lines
BasicText,style.typography.font_size_sp,yes,条件,Text/TextStyle 常量或已解析主题；字体缩放由运行平台消费,page_snapshot_component_lines
BasicText,style.typography.font_weight,yes,条件,FontWeight 常量/已解析主题,page_snapshot_component_lines
BasicText,style.typography.font_style,yes,已实现,FontStyle.Normal/Italic; 未知值 unresolved,page_snapshot_component_lines
BasicText,style.typography.font_family,yes,条件,仅已校验字体资产或声明的系统字体,load_page_font_faces / page_snapshot_component_lines
BasicText,style.typography.letter_spacing_sp,yes,已实现,letterSpacing 常量 sp；支持负数,page_snapshot_component_lines
BasicText,style.typography.line_height_sp,yes,条件,常量/主题；自定义 LineHeightStyle、低于自然行高未证明等价,page_snapshot_component_lines
BasicText,style.typography.text_align,yes,已实现,Start/Center/End/Justify,page_snapshot_component_lines
BasicText,style.typography.max_lines,yes,条件,正整数；TextInput 与多行 TextArea 不是同一控件,page_snapshot_component_lines
BasicText,style.typography.overflow,yes,条件,clip/ellipsis；visible 未支持并阻断；两类 ArkUI 签名分开,page_snapshot_component_lines
BasicText,style.typography.color,yes,条件,明确颜色或已解析主题；容器颜色需实际下传到文字,page_snapshot_component_lines
BasicText,style.typography.decoration,yes,已实现,none/underline/line_through,page_snapshot_component_lines
BasicText,style.asset.resource,no,不适用,本地资源或 AsyncImage HTTP(S)；无预览图回退,page_snapshot_component_lines
BasicText,style.asset.sha256,no,不适用,资源提取记录；格式转换后由资源 provenance 验证，不是绘制属性,build_target_phase_consumption_gate
BasicText,style.asset.width_px,no,不适用,可记录源像素尺寸；单输入渲染必须有逻辑尺寸，不能直接按 px 布局,build_target_phase_consumption_gate
BasicText,style.asset.height_px,no,不适用,可记录源像素尺寸；不能当作 dp 使用,build_target_phase_consumption_gate
BasicText,style.asset.width_dp,no,不适用,资源本征尺寸，不是控件硬宽度,page_snapshot_intrinsic_image_lines
BasicText,style.asset.height_dp,no,不适用,资源本征尺寸，不是控件硬高度,page_snapshot_intrinsic_image_lines
BasicText,style.asset.content_scale,no,不适用,fit/crop/fill/inside/none; 未指定尺寸时需可验证本征测量,page_snapshot_intrinsic_image_lines / page_snapshot_component_lines
BasicText,style.asset.tint,no,不适用,显式 tint/ColorFilter.tint；仅支持当前颜色滤镜映射,page_snapshot_component_lines
BasicText,style.transform.translation_x_dp,yes,条件,运行/页面事实；源码 offset 单独走 layoutRules，混合变换阻断,page_snapshot_component_lines
BasicText,style.transform.translation_y_dp,yes,条件,运行/页面事实；源码 offset 单独走 layoutRules，混合变换阻断,page_snapshot_component_lines
BasicText,style.transform.scale_x,yes,条件,scale 常量；graphicsLayer/自定义原点/顺序组合未支持,page_snapshot_component_lines
BasicText,style.transform.scale_y,yes,条件,scale 常量；不推算未知表达式,page_snapshot_component_lines
BasicText,style.transform.rotation_degrees,yes,条件,rotate 常量；默认中心原点,page_snapshot_component_lines
BasicText,style.state.visible,yes,条件,显式布尔页面状态；消失不占位，不等于完整动画状态机,page_snapshot_component_lines
BasicText,style.state.refreshing,no,不适用,isRefreshing 固定布尔状态；Box 叠加原生 LoadingProgress，动画外观近似，不包含刷新业务回调,page_snapshot_component_lines
BasicText,style.state.enabled,yes,已实现,显式布尔优先于默认值；动态未知值不填 true,page_snapshot_component_lines
BasicText,style.state.selected,no,不适用,RadioButton 的明确选中态；不代表任意容器都有选中样式,page_snapshot_component_lines
BasicText,style.state.checked,no,不适用,Checkbox/Switch 的明确布尔状态；缺失或动态未解析阻断,page_snapshot_component_lines
BasicText,style.state.clickable,yes,业务边界,只记录入口元数据；UI 渲染不产生业务 onClick，另走 behavior contract,build_target_phase_consumption_gate
BasicText,style.content.text,yes,条件,text/value/已解析资源；Button 文本在子 Text 实际消费,page_snapshot_component_lines
BasicText,style.content.placeholder,no,不适用,纯文字提示；复杂 slot/浮动 label 不等同 placeholder,page_snapshot_component_lines
BasicText,style.content.content_description,yes,已实现,contentDescription; 显式 null 不设置,page_snapshot_component_lines
BasicText,style.content.role,yes,证据,用于页面语义匹配，不代表已实现对应业务,build_target_phase_consumption_gate
BasicText,style.content.locale,yes,未支持,可存储/采集；未单独消费，非空时阻断,build_target_phase_consumption_gate
BasicText,style.input.single_line,no,不适用,显式布尔；源码省略按 Compose 多行默认；TextInput/TextArea 原生分流,page_snapshot_component_lines
BasicText,style.input.read_only,no,不适用,显式布尔；禁止软键盘及内容修改，保留选中；API 20+,page_snapshot_component_lines
BasicText,style.input.password,no,不适用,标准 PasswordVisualTransformation/None；多行密码、自定义字符变换阻断,page_snapshot_component_lines
BasicText,style.input.keyboard_type,no,不适用,Text/Number/Phone/Email/Uri/Decimal/Password/NumberPassword；不等同内容校验,page_snapshot_component_lines
BasicText,style.input.ime_action,no,不适用,键盘动作枚举；Previous/单行 None 阻断；业务提交回调另走 contract,page_snapshot_component_lines
BasicText,style.typography.soft_wrap,yes,条件,显式布尔；false 支持不含硬换行的单段文字，硬换行逐段渲染未支持,page_snapshot_component_lines
BasicText,style.typography.min_lines,yes,条件,1 为原生默认；多行 Text 使用已验证字体运行时 metrics，复杂约束/输入框多行最低行数阻断,page_snapshot_component_lines
BasicText,style.control.value,no,不适用,明确 value/progress；不使用样例数值；UI 当前态不等同业务订阅,page_snapshot_component_lines
BasicText,style.control.minimum,no,不适用,Slider valueRange 或明确默认 0；进度固定 0..1,page_snapshot_component_lines
BasicText,style.control.maximum,no,不适用,Slider valueRange 或明确默认 1；上限必须大于下限,page_snapshot_component_lines
BasicText,style.control.steps,no,不适用,离散 steps 转 (max-min)/(steps+1)；连续型与小于平台最小步长阻断,page_snapshot_component_lines
BasicText,style.control.active_color,no,不适用,显式 color 常量或刷新指示器主题色，作用于轨迹/分隔线而非文字,page_snapshot_component_lines
BasicText,style.control.inactive_color,no,不适用,显式 trackColor 常量或刷新指示器主题背景,page_snapshot_component_lines
BasicText,style.control.stroke_width_dp,no,不适用,常量 thickness/strokeWidth；分隔线默认1dp,page_snapshot_component_lines
ClickableText,structure.type,yes,已实现,SourceTree/lanhu_layer,page_snapshot_component_lines
ClickableText,structure.parent_id,yes,已实现,SourceTree/lanhu_layer,page_snapshot_component_lines
ClickableText,structure.children_ids,yes,已实现,SourceTree/lanhu_layer,page_snapshot_component_lines
ClickableText,structure.sibling_index,yes,已实现,SourceTree/lanhu_layer,page_snapshot_component_lines
ClickableText,style.layout.padding_dp,yes,条件,expand_ordered_layout_modifiers 保留纯常量 padding/size/width/height 嵌套；交织绘制/重复同轴尺寸阻断,page_snapshot_component_lines
ClickableText,style.layout.margin_dp,yes,条件,运行测量/页面事实；Compose 没有通用 margin 参数,page_snapshot_component_lines
ClickableText,style.layout.layout_direction,yes,条件,页面事实；CompositionLocal 的上下文解析未全覆盖,page_snapshot_component_lines
ClickableText,style.layout.z_index,yes,条件,zIndex 走 layoutRules；该字段来自运行/页面事实,page_snapshot_component_lines
ClickableText,style.layout.alignment,no,不适用,contentAlignment/horizontalAlignment/verticalAlignment; 枚举,page_snapshot_container_alignment_lines
ClickableText,style.layout.horizontal_arrangement,no,不适用,Arrangement + 常量 spacedBy,page_snapshot_container_alignment_lines
ClickableText,style.layout.vertical_arrangement,no,不适用,Arrangement + 常量 spacedBy,page_snapshot_container_alignment_lines
ClickableText,style.layout.aspect_ratio,yes,已实现,aspectRatio 常量；不猜动态表达式,page_snapshot_component_lines
ClickableText,style.layout.width_dp,yes,条件,width/size; 无显式值使用原生测量，不用参考 frame,page_snapshot_dimension_lines
ClickableText,style.layout.height_dp,yes,条件,height/size; 无显式值使用原生测量，不用参考 frame,page_snapshot_dimension_lines
ClickableText,style.surface.background,yes,条件,solid/null、水平/垂直 Clamp 渐变；未知端点/径向/图片背景阻断,page_snapshot_component_lines
ClickableText,style.surface.corner_radius_dp,yes,条件,四角事实；AbsoluteRoundedCornerShape、统一圆角；方向未知的非对称 Start/End 阻断,page_snapshot_component_lines
ClickableText,style.surface.corner_sizes,yes,条件,带单位四角：dp/px/percent；百分比依赖原生测量的较短边；方向未知的非对称 Start/End 未解析,page_snapshot_component_lines
ClickableText,style.surface.border,yes,条件,统一 solid/dashed/dotted/none；单边、自定义 dash 阻断,page_snapshot_component_lines
ClickableText,style.surface.shadows,yes,近似,单阴影且 spread=0；Android elevation 转换仍是近似；多阴影阻断,page_snapshot_component_lines
ClickableText,style.surface.alpha,yes,已实现,alpha 常量 0..1,page_snapshot_component_lines
ClickableText,style.surface.clip,yes,条件,矩形/圆角；自定义 Path 未支持,page_snapshot_component_lines
ClickableText,style.typography.font_size_sp,yes,条件,Text/TextStyle 常量或已解析主题；字体缩放由运行平台消费,page_snapshot_component_lines
ClickableText,style.typography.font_weight,yes,条件,FontWeight 常量/已解析主题,page_snapshot_component_lines
ClickableText,style.typography.font_style,yes,已实现,FontStyle.Normal/Italic; 未知值 unresolved,page_snapshot_component_lines
ClickableText,style.typography.font_family,yes,条件,仅已校验字体资产或声明的系统字体,load_page_font_faces / page_snapshot_component_lines
ClickableText,style.typography.letter_spacing_sp,yes,已实现,letterSpacing 常量 sp；支持负数,page_snapshot_component_lines
ClickableText,style.typography.line_height_sp,yes,条件,常量/主题；自定义 LineHeightStyle、低于自然行高未证明等价,page_snapshot_component_lines
ClickableText,style.typography.text_align,yes,已实现,Start/Center/End/Justify,page_snapshot_component_lines
ClickableText,style.typography.max_lines,yes,条件,正整数；TextInput 与多行 TextArea 不是同一控件,page_snapshot_component_lines
ClickableText,style.typography.overflow,yes,条件,clip/ellipsis；visible 未支持并阻断；两类 ArkUI 签名分开,page_snapshot_component_lines
ClickableText,style.typography.color,yes,条件,明确颜色或已解析主题；容器颜色需实际下传到文字,page_snapshot_component_lines
ClickableText,style.typography.decoration,yes,已实现,none/underline/line_through,page_snapshot_component_lines
ClickableText,style.asset.resource,no,不适用,本地资源或 AsyncImage HTTP(S)；无预览图回退,page_snapshot_component_lines
ClickableText,style.asset.sha256,no,不适用,资源提取记录；格式转换后由资源 provenance 验证，不是绘制属性,build_target_phase_consumption_gate
ClickableText,style.asset.width_px,no,不适用,可记录源像素尺寸；单输入渲染必须有逻辑尺寸，不能直接按 px 布局,build_target_phase_consumption_gate
ClickableText,style.asset.height_px,no,不适用,可记录源像素尺寸；不能当作 dp 使用,build_target_phase_consumption_gate
ClickableText,style.asset.width_dp,no,不适用,资源本征尺寸，不是控件硬宽度,page_snapshot_intrinsic_image_lines
ClickableText,style.asset.height_dp,no,不适用,资源本征尺寸，不是控件硬高度,page_snapshot_intrinsic_image_lines
ClickableText,style.asset.content_scale,no,不适用,fit/crop/fill/inside/none; 未指定尺寸时需可验证本征测量,page_snapshot_intrinsic_image_lines / page_snapshot_component_lines
ClickableText,style.asset.tint,no,不适用,显式 tint/ColorFilter.tint；仅支持当前颜色滤镜映射,page_snapshot_component_lines
ClickableText,style.transform.translation_x_dp,yes,条件,运行/页面事实；源码 offset 单独走 layoutRules，混合变换阻断,page_snapshot_component_lines
ClickableText,style.transform.translation_y_dp,yes,条件,运行/页面事实；源码 offset 单独走 layoutRules，混合变换阻断,page_snapshot_component_lines
ClickableText,style.transform.scale_x,yes,条件,scale 常量；graphicsLayer/自定义原点/顺序组合未支持,page_snapshot_component_lines
ClickableText,style.transform.scale_y,yes,条件,scale 常量；不推算未知表达式,page_snapshot_component_lines
ClickableText,style.transform.rotation_degrees,yes,条件,rotate 常量；默认中心原点,page_snapshot_component_lines
ClickableText,style.state.visible,yes,条件,显式布尔页面状态；消失不占位，不等于完整动画状态机,page_snapshot_component_lines
ClickableText,style.state.refreshing,no,不适用,isRefreshing 固定布尔状态；Box 叠加原生 LoadingProgress，动画外观近似，不包含刷新业务回调,page_snapshot_component_lines
ClickableText,style.state.enabled,yes,已实现,显式布尔优先于默认值；动态未知值不填 true,page_snapshot_component_lines
ClickableText,style.state.selected,no,不适用,RadioButton 的明确选中态；不代表任意容器都有选中样式,page_snapshot_component_lines
ClickableText,style.state.checked,no,不适用,Checkbox/Switch 的明确布尔状态；缺失或动态未解析阻断,page_snapshot_component_lines
ClickableText,style.state.clickable,yes,业务边界,只记录入口元数据；UI 渲染不产生业务 onClick，另走 behavior contract,build_target_phase_consumption_gate
ClickableText,style.content.text,yes,条件,text/value/已解析资源；Button 文本在子 Text 实际消费,page_snapshot_component_lines
ClickableText,style.content.placeholder,no,不适用,纯文字提示；复杂 slot/浮动 label 不等同 placeholder,page_snapshot_component_lines
ClickableText,style.content.content_description,yes,已实现,contentDescription; 显式 null 不设置,page_snapshot_component_lines
ClickableText,style.content.role,yes,证据,用于页面语义匹配，不代表已实现对应业务,build_target_phase_consumption_gate
ClickableText,style.content.locale,yes,未支持,可存储/采集；未单独消费，非空时阻断,build_target_phase_consumption_gate
ClickableText,style.input.single_line,no,不适用,显式布尔；源码省略按 Compose 多行默认；TextInput/TextArea 原生分流,page_snapshot_component_lines
ClickableText,style.input.read_only,no,不适用,显式布尔；禁止软键盘及内容修改，保留选中；API 20+,page_snapshot_component_lines
ClickableText,style.input.password,no,不适用,标准 PasswordVisualTransformation/None；多行密码、自定义字符变换阻断,page_snapshot_component_lines
ClickableText,style.input.keyboard_type,no,不适用,Text/Number/Phone/Email/Uri/Decimal/Password/NumberPassword；不等同内容校验,page_snapshot_component_lines
ClickableText,style.input.ime_action,no,不适用,键盘动作枚举；Previous/单行 None 阻断；业务提交回调另走 contract,page_snapshot_component_lines
ClickableText,style.typography.soft_wrap,yes,条件,显式布尔；false 支持不含硬换行的单段文字，硬换行逐段渲染未支持,page_snapshot_component_lines
ClickableText,style.typography.min_lines,yes,条件,1 为原生默认；多行 Text 使用已验证字体运行时 metrics，复杂约束/输入框多行最低行数阻断,page_snapshot_component_lines
ClickableText,style.control.value,no,不适用,明确 value/progress；不使用样例数值；UI 当前态不等同业务订阅,page_snapshot_component_lines
ClickableText,style.control.minimum,no,不适用,Slider valueRange 或明确默认 0；进度固定 0..1,page_snapshot_component_lines
ClickableText,style.control.maximum,no,不适用,Slider valueRange 或明确默认 1；上限必须大于下限,page_snapshot_component_lines
ClickableText,style.control.steps,no,不适用,离散 steps 转 (max-min)/(steps+1)；连续型与小于平台最小步长阻断,page_snapshot_component_lines
ClickableText,style.control.active_color,no,不适用,显式 color 常量或刷新指示器主题色，作用于轨迹/分隔线而非文字,page_snapshot_component_lines
ClickableText,style.control.inactive_color,no,不适用,显式 trackColor 常量或刷新指示器主题背景,page_snapshot_component_lines
ClickableText,style.control.stroke_width_dp,no,不适用,常量 thickness/strokeWidth；分隔线默认1dp,page_snapshot_component_lines
BasicTextField,structure.type,yes,已实现,SourceTree/lanhu_layer,page_snapshot_component_lines
BasicTextField,structure.parent_id,yes,已实现,SourceTree/lanhu_layer,page_snapshot_component_lines
BasicTextField,structure.children_ids,yes,已实现,SourceTree/lanhu_layer,page_snapshot_component_lines
BasicTextField,structure.sibling_index,yes,已实现,SourceTree/lanhu_layer,page_snapshot_component_lines
BasicTextField,style.layout.padding_dp,yes,条件,expand_ordered_layout_modifiers 保留纯常量 padding/size/width/height 嵌套；交织绘制/重复同轴尺寸阻断,page_snapshot_component_lines
BasicTextField,style.layout.margin_dp,yes,条件,运行测量/页面事实；Compose 没有通用 margin 参数,page_snapshot_component_lines
BasicTextField,style.layout.layout_direction,yes,条件,页面事实；CompositionLocal 的上下文解析未全覆盖,page_snapshot_component_lines
BasicTextField,style.layout.z_index,yes,条件,zIndex 走 layoutRules；该字段来自运行/页面事实,page_snapshot_component_lines
BasicTextField,style.layout.alignment,no,不适用,contentAlignment/horizontalAlignment/verticalAlignment; 枚举,page_snapshot_container_alignment_lines
BasicTextField,style.layout.horizontal_arrangement,no,不适用,Arrangement + 常量 spacedBy,page_snapshot_container_alignment_lines
BasicTextField,style.layout.vertical_arrangement,no,不适用,Arrangement + 常量 spacedBy,page_snapshot_container_alignment_lines
BasicTextField,style.layout.aspect_ratio,yes,已实现,aspectRatio 常量；不猜动态表达式,page_snapshot_component_lines
BasicTextField,style.layout.width_dp,yes,条件,width/size; 无显式值使用原生测量，不用参考 frame,page_snapshot_dimension_lines
BasicTextField,style.layout.height_dp,yes,条件,height/size; 无显式值使用原生测量，不用参考 frame,page_snapshot_dimension_lines
BasicTextField,style.surface.background,yes,条件,solid/null、水平/垂直 Clamp 渐变；未知端点/径向/图片背景阻断,page_snapshot_component_lines
BasicTextField,style.surface.corner_radius_dp,yes,条件,四角事实；AbsoluteRoundedCornerShape、统一圆角；方向未知的非对称 Start/End 阻断,page_snapshot_component_lines
BasicTextField,style.surface.corner_sizes,yes,条件,带单位四角：dp/px/percent；百分比依赖原生测量的较短边；方向未知的非对称 Start/End 未解析,page_snapshot_component_lines
BasicTextField,style.surface.border,yes,条件,统一 solid/dashed/dotted/none；单边、自定义 dash 阻断,page_snapshot_component_lines
BasicTextField,style.surface.shadows,yes,近似,单阴影且 spread=0；Android elevation 转换仍是近似；多阴影阻断,page_snapshot_component_lines
BasicTextField,style.surface.alpha,yes,已实现,alpha 常量 0..1,page_snapshot_component_lines
BasicTextField,style.surface.clip,yes,条件,矩形/圆角；自定义 Path 未支持,page_snapshot_component_lines
BasicTextField,style.typography.font_size_sp,yes,条件,Text/TextStyle 常量或已解析主题；字体缩放由运行平台消费,page_snapshot_component_lines
BasicTextField,style.typography.font_weight,yes,条件,FontWeight 常量/已解析主题,page_snapshot_component_lines
BasicTextField,style.typography.font_style,yes,已实现,FontStyle.Normal/Italic; 未知值 unresolved,page_snapshot_component_lines
BasicTextField,style.typography.font_family,yes,条件,仅已校验字体资产或声明的系统字体,load_page_font_faces / page_snapshot_component_lines
BasicTextField,style.typography.letter_spacing_sp,yes,已实现,letterSpacing 常量 sp；支持负数,page_snapshot_component_lines
BasicTextField,style.typography.line_height_sp,yes,条件,常量/主题；自定义 LineHeightStyle、低于自然行高未证明等价,page_snapshot_component_lines
BasicTextField,style.typography.text_align,yes,已实现,Start/Center/End/Justify,page_snapshot_component_lines
BasicTextField,style.typography.max_lines,yes,条件,正整数；TextInput 与多行 TextArea 不是同一控件,page_snapshot_component_lines
BasicTextField,style.typography.overflow,yes,条件,clip/ellipsis；visible 未支持并阻断；两类 ArkUI 签名分开,page_snapshot_component_lines
BasicTextField,style.typography.color,yes,条件,明确颜色或已解析主题；容器颜色需实际下传到文字,page_snapshot_component_lines
BasicTextField,style.typography.decoration,yes,已实现,none/underline/line_through,page_snapshot_component_lines
BasicTextField,style.asset.resource,no,不适用,本地资源或 AsyncImage HTTP(S)；无预览图回退,page_snapshot_component_lines
BasicTextField,style.asset.sha256,no,不适用,资源提取记录；格式转换后由资源 provenance 验证，不是绘制属性,build_target_phase_consumption_gate
BasicTextField,style.asset.width_px,no,不适用,可记录源像素尺寸；单输入渲染必须有逻辑尺寸，不能直接按 px 布局,build_target_phase_consumption_gate
BasicTextField,style.asset.height_px,no,不适用,可记录源像素尺寸；不能当作 dp 使用,build_target_phase_consumption_gate
BasicTextField,style.asset.width_dp,no,不适用,资源本征尺寸，不是控件硬宽度,page_snapshot_intrinsic_image_lines
BasicTextField,style.asset.height_dp,no,不适用,资源本征尺寸，不是控件硬高度,page_snapshot_intrinsic_image_lines
BasicTextField,style.asset.content_scale,no,不适用,fit/crop/fill/inside/none; 未指定尺寸时需可验证本征测量,page_snapshot_intrinsic_image_lines / page_snapshot_component_lines
BasicTextField,style.asset.tint,no,不适用,显式 tint/ColorFilter.tint；仅支持当前颜色滤镜映射,page_snapshot_component_lines
BasicTextField,style.transform.translation_x_dp,yes,条件,运行/页面事实；源码 offset 单独走 layoutRules，混合变换阻断,page_snapshot_component_lines
BasicTextField,style.transform.translation_y_dp,yes,条件,运行/页面事实；源码 offset 单独走 layoutRules，混合变换阻断,page_snapshot_component_lines
BasicTextField,style.transform.scale_x,yes,条件,scale 常量；graphicsLayer/自定义原点/顺序组合未支持,page_snapshot_component_lines
BasicTextField,style.transform.scale_y,yes,条件,scale 常量；不推算未知表达式,page_snapshot_component_lines
BasicTextField,style.transform.rotation_degrees,yes,条件,rotate 常量；默认中心原点,page_snapshot_component_lines
BasicTextField,style.state.visible,yes,条件,显式布尔页面状态；消失不占位，不等于完整动画状态机,page_snapshot_component_lines
BasicTextField,style.state.refreshing,no,不适用,isRefreshing 固定布尔状态；Box 叠加原生 LoadingProgress，动画外观近似，不包含刷新业务回调,page_snapshot_component_lines
BasicTextField,style.state.enabled,yes,已实现,显式布尔优先于默认值；动态未知值不填 true,page_snapshot_component_lines
BasicTextField,style.state.selected,no,不适用,RadioButton 的明确选中态；不代表任意容器都有选中样式,page_snapshot_component_lines
BasicTextField,style.state.checked,no,不适用,Checkbox/Switch 的明确布尔状态；缺失或动态未解析阻断,page_snapshot_component_lines
BasicTextField,style.state.clickable,yes,业务边界,只记录入口元数据；UI 渲染不产生业务 onClick，另走 behavior contract,build_target_phase_consumption_gate
BasicTextField,style.content.text,yes,条件,text/value/已解析资源；Button 文本在子 Text 实际消费,page_snapshot_component_lines
BasicTextField,style.content.placeholder,yes,条件,纯文字提示；复杂 slot/浮动 label 不等同 placeholder,page_snapshot_component_lines
BasicTextField,style.content.content_description,yes,已实现,contentDescription; 显式 null 不设置,page_snapshot_component_lines
BasicTextField,style.content.role,yes,证据,用于页面语义匹配，不代表已实现对应业务,build_target_phase_consumption_gate
BasicTextField,style.content.locale,yes,未支持,可存储/采集；未单独消费，非空时阻断,build_target_phase_consumption_gate
BasicTextField,style.input.single_line,yes,已实现,显式布尔；源码省略按 Compose 多行默认；TextInput/TextArea 原生分流,page_snapshot_component_lines
BasicTextField,style.input.read_only,yes,条件,显式布尔；禁止软键盘及内容修改，保留选中；API 20+,page_snapshot_component_lines
BasicTextField,style.input.password,yes,条件,标准 PasswordVisualTransformation/None；多行密码、自定义字符变换阻断,page_snapshot_component_lines
BasicTextField,style.input.keyboard_type,yes,条件,Text/Number/Phone/Email/Uri/Decimal/Password/NumberPassword；不等同内容校验,page_snapshot_component_lines
BasicTextField,style.input.ime_action,yes,条件,键盘动作枚举；Previous/单行 None 阻断；业务提交回调另走 contract,page_snapshot_component_lines
BasicTextField,style.typography.soft_wrap,no,不适用,显式布尔；false 支持不含硬换行的单段文字，硬换行逐段渲染未支持,page_snapshot_component_lines
BasicTextField,style.typography.min_lines,yes,条件,1 为原生默认；多行 Text 使用已验证字体运行时 metrics，复杂约束/输入框多行最低行数阻断,page_snapshot_component_lines
BasicTextField,style.control.value,no,不适用,明确 value/progress；不使用样例数值；UI 当前态不等同业务订阅,page_snapshot_component_lines
BasicTextField,style.control.minimum,no,不适用,Slider valueRange 或明确默认 0；进度固定 0..1,page_snapshot_component_lines
BasicTextField,style.control.maximum,no,不适用,Slider valueRange 或明确默认 1；上限必须大于下限,page_snapshot_component_lines
BasicTextField,style.control.steps,no,不适用,离散 steps 转 (max-min)/(steps+1)；连续型与小于平台最小步长阻断,page_snapshot_component_lines
BasicTextField,style.control.active_color,no,不适用,显式 color 常量或刷新指示器主题色，作用于轨迹/分隔线而非文字,page_snapshot_component_lines
BasicTextField,style.control.inactive_color,no,不适用,显式 trackColor 常量或刷新指示器主题背景,page_snapshot_component_lines
BasicTextField,style.control.stroke_width_dp,no,不适用,常量 thickness/strokeWidth；分隔线默认1dp,page_snapshot_component_lines
TextField,structure.type,yes,已实现,SourceTree/lanhu_layer,page_snapshot_component_lines
TextField,structure.parent_id,yes,已实现,SourceTree/lanhu_layer,page_snapshot_component_lines
TextField,structure.children_ids,yes,已实现,SourceTree/lanhu_layer,page_snapshot_component_lines
TextField,structure.sibling_index,yes,已实现,SourceTree/lanhu_layer,page_snapshot_component_lines
TextField,style.layout.padding_dp,yes,条件,expand_ordered_layout_modifiers 保留纯常量 padding/size/width/height 嵌套；交织绘制/重复同轴尺寸阻断,page_snapshot_component_lines
TextField,style.layout.margin_dp,yes,条件,运行测量/页面事实；Compose 没有通用 margin 参数,page_snapshot_component_lines
TextField,style.layout.layout_direction,yes,条件,页面事实；CompositionLocal 的上下文解析未全覆盖,page_snapshot_component_lines
TextField,style.layout.z_index,yes,条件,zIndex 走 layoutRules；该字段来自运行/页面事实,page_snapshot_component_lines
TextField,style.layout.alignment,no,不适用,contentAlignment/horizontalAlignment/verticalAlignment; 枚举,page_snapshot_container_alignment_lines
TextField,style.layout.horizontal_arrangement,no,不适用,Arrangement + 常量 spacedBy,page_snapshot_container_alignment_lines
TextField,style.layout.vertical_arrangement,no,不适用,Arrangement + 常量 spacedBy,page_snapshot_container_alignment_lines
TextField,style.layout.aspect_ratio,yes,已实现,aspectRatio 常量；不猜动态表达式,page_snapshot_component_lines
TextField,style.layout.width_dp,yes,条件,width/size; 无显式值使用原生测量，不用参考 frame,page_snapshot_dimension_lines
TextField,style.layout.height_dp,yes,条件,height/size; 无显式值使用原生测量，不用参考 frame,page_snapshot_dimension_lines
TextField,style.surface.background,yes,条件,solid/null、水平/垂直 Clamp 渐变；未知端点/径向/图片背景阻断,page_snapshot_component_lines
TextField,style.surface.corner_radius_dp,yes,条件,四角事实；AbsoluteRoundedCornerShape、统一圆角；方向未知的非对称 Start/End 阻断,page_snapshot_component_lines
TextField,style.surface.corner_sizes,yes,条件,带单位四角：dp/px/percent；百分比依赖原生测量的较短边；方向未知的非对称 Start/End 未解析,page_snapshot_component_lines
TextField,style.surface.border,yes,条件,统一 solid/dashed/dotted/none；单边、自定义 dash 阻断,page_snapshot_component_lines
TextField,style.surface.shadows,yes,近似,单阴影且 spread=0；Android elevation 转换仍是近似；多阴影阻断,page_snapshot_component_lines
TextField,style.surface.alpha,yes,已实现,alpha 常量 0..1,page_snapshot_component_lines
TextField,style.surface.clip,yes,条件,矩形/圆角；自定义 Path 未支持,page_snapshot_component_lines
TextField,style.typography.font_size_sp,yes,条件,Text/TextStyle 常量或已解析主题；字体缩放由运行平台消费,page_snapshot_component_lines
TextField,style.typography.font_weight,yes,条件,FontWeight 常量/已解析主题,page_snapshot_component_lines
TextField,style.typography.font_style,yes,已实现,FontStyle.Normal/Italic; 未知值 unresolved,page_snapshot_component_lines
TextField,style.typography.font_family,yes,条件,仅已校验字体资产或声明的系统字体,load_page_font_faces / page_snapshot_component_lines
TextField,style.typography.letter_spacing_sp,yes,已实现,letterSpacing 常量 sp；支持负数,page_snapshot_component_lines
TextField,style.typography.line_height_sp,yes,条件,常量/主题；自定义 LineHeightStyle、低于自然行高未证明等价,page_snapshot_component_lines
TextField,style.typography.text_align,yes,已实现,Start/Center/End/Justify,page_snapshot_component_lines
TextField,style.typography.max_lines,yes,条件,正整数；TextInput 与多行 TextArea 不是同一控件,page_snapshot_component_lines
TextField,style.typography.overflow,yes,条件,clip/ellipsis；visible 未支持并阻断；两类 ArkUI 签名分开,page_snapshot_component_lines
TextField,style.typography.color,yes,条件,明确颜色或已解析主题；容器颜色需实际下传到文字,page_snapshot_component_lines
TextField,style.typography.decoration,yes,已实现,none/underline/line_through,page_snapshot_component_lines
TextField,style.asset.resource,no,不适用,本地资源或 AsyncImage HTTP(S)；无预览图回退,page_snapshot_component_lines
TextField,style.asset.sha256,no,不适用,资源提取记录；格式转换后由资源 provenance 验证，不是绘制属性,build_target_phase_consumption_gate
TextField,style.asset.width_px,no,不适用,可记录源像素尺寸；单输入渲染必须有逻辑尺寸，不能直接按 px 布局,build_target_phase_consumption_gate
TextField,style.asset.height_px,no,不适用,可记录源像素尺寸；不能当作 dp 使用,build_target_phase_consumption_gate
TextField,style.asset.width_dp,no,不适用,资源本征尺寸，不是控件硬宽度,page_snapshot_intrinsic_image_lines
TextField,style.asset.height_dp,no,不适用,资源本征尺寸，不是控件硬高度,page_snapshot_intrinsic_image_lines
TextField,style.asset.content_scale,no,不适用,fit/crop/fill/inside/none; 未指定尺寸时需可验证本征测量,page_snapshot_intrinsic_image_lines / page_snapshot_component_lines
TextField,style.asset.tint,no,不适用,显式 tint/ColorFilter.tint；仅支持当前颜色滤镜映射,page_snapshot_component_lines
TextField,style.transform.translation_x_dp,yes,条件,运行/页面事实；源码 offset 单独走 layoutRules，混合变换阻断,page_snapshot_component_lines
TextField,style.transform.translation_y_dp,yes,条件,运行/页面事实；源码 offset 单独走 layoutRules，混合变换阻断,page_snapshot_component_lines
TextField,style.transform.scale_x,yes,条件,scale 常量；graphicsLayer/自定义原点/顺序组合未支持,page_snapshot_component_lines
TextField,style.transform.scale_y,yes,条件,scale 常量；不推算未知表达式,page_snapshot_component_lines
TextField,style.transform.rotation_degrees,yes,条件,rotate 常量；默认中心原点,page_snapshot_component_lines
TextField,style.state.visible,yes,条件,显式布尔页面状态；消失不占位，不等于完整动画状态机,page_snapshot_component_lines
TextField,style.state.refreshing,no,不适用,isRefreshing 固定布尔状态；Box 叠加原生 LoadingProgress，动画外观近似，不包含刷新业务回调,page_snapshot_component_lines
TextField,style.state.enabled,yes,已实现,显式布尔优先于默认值；动态未知值不填 true,page_snapshot_component_lines
TextField,style.state.selected,no,不适用,RadioButton 的明确选中态；不代表任意容器都有选中样式,page_snapshot_component_lines
TextField,style.state.checked,no,不适用,Checkbox/Switch 的明确布尔状态；缺失或动态未解析阻断,page_snapshot_component_lines
TextField,style.state.clickable,yes,业务边界,只记录入口元数据；UI 渲染不产生业务 onClick，另走 behavior contract,build_target_phase_consumption_gate
TextField,style.content.text,yes,条件,text/value/已解析资源；Button 文本在子 Text 实际消费,page_snapshot_component_lines
TextField,style.content.placeholder,yes,条件,纯文字提示；复杂 slot/浮动 label 不等同 placeholder,page_snapshot_component_lines
TextField,style.content.content_description,yes,已实现,contentDescription; 显式 null 不设置,page_snapshot_component_lines
TextField,style.content.role,yes,证据,用于页面语义匹配，不代表已实现对应业务,build_target_phase_consumption_gate
TextField,style.content.locale,yes,未支持,可存储/采集；未单独消费，非空时阻断,build_target_phase_consumption_gate
TextField,style.input.single_line,yes,已实现,显式布尔；源码省略按 Compose 多行默认；TextInput/TextArea 原生分流,page_snapshot_component_lines
TextField,style.input.read_only,yes,条件,显式布尔；禁止软键盘及内容修改，保留选中；API 20+,page_snapshot_component_lines
TextField,style.input.password,yes,条件,标准 PasswordVisualTransformation/None；多行密码、自定义字符变换阻断,page_snapshot_component_lines
TextField,style.input.keyboard_type,yes,条件,Text/Number/Phone/Email/Uri/Decimal/Password/NumberPassword；不等同内容校验,page_snapshot_component_lines
TextField,style.input.ime_action,yes,条件,键盘动作枚举；Previous/单行 None 阻断；业务提交回调另走 contract,page_snapshot_component_lines
TextField,style.typography.soft_wrap,no,不适用,显式布尔；false 支持不含硬换行的单段文字，硬换行逐段渲染未支持,page_snapshot_component_lines
TextField,style.typography.min_lines,yes,条件,1 为原生默认；多行 Text 使用已验证字体运行时 metrics，复杂约束/输入框多行最低行数阻断,page_snapshot_component_lines
TextField,style.control.value,no,不适用,明确 value/progress；不使用样例数值；UI 当前态不等同业务订阅,page_snapshot_component_lines
TextField,style.control.minimum,no,不适用,Slider valueRange 或明确默认 0；进度固定 0..1,page_snapshot_component_lines
TextField,style.control.maximum,no,不适用,Slider valueRange 或明确默认 1；上限必须大于下限,page_snapshot_component_lines
TextField,style.control.steps,no,不适用,离散 steps 转 (max-min)/(steps+1)；连续型与小于平台最小步长阻断,page_snapshot_component_lines
TextField,style.control.active_color,no,不适用,显式 color 常量或刷新指示器主题色，作用于轨迹/分隔线而非文字,page_snapshot_component_lines
TextField,style.control.inactive_color,no,不适用,显式 trackColor 常量或刷新指示器主题背景,page_snapshot_component_lines
TextField,style.control.stroke_width_dp,no,不适用,常量 thickness/strokeWidth；分隔线默认1dp,page_snapshot_component_lines
OutlinedTextField,structure.type,yes,已实现,SourceTree/lanhu_layer,page_snapshot_component_lines
OutlinedTextField,structure.parent_id,yes,已实现,SourceTree/lanhu_layer,page_snapshot_component_lines
OutlinedTextField,structure.children_ids,yes,已实现,SourceTree/lanhu_layer,page_snapshot_component_lines
OutlinedTextField,structure.sibling_index,yes,已实现,SourceTree/lanhu_layer,page_snapshot_component_lines
OutlinedTextField,style.layout.padding_dp,yes,条件,expand_ordered_layout_modifiers 保留纯常量 padding/size/width/height 嵌套；交织绘制/重复同轴尺寸阻断,page_snapshot_component_lines
OutlinedTextField,style.layout.margin_dp,yes,条件,运行测量/页面事实；Compose 没有通用 margin 参数,page_snapshot_component_lines
OutlinedTextField,style.layout.layout_direction,yes,条件,页面事实；CompositionLocal 的上下文解析未全覆盖,page_snapshot_component_lines
OutlinedTextField,style.layout.z_index,yes,条件,zIndex 走 layoutRules；该字段来自运行/页面事实,page_snapshot_component_lines
OutlinedTextField,style.layout.alignment,no,不适用,contentAlignment/horizontalAlignment/verticalAlignment; 枚举,page_snapshot_container_alignment_lines
OutlinedTextField,style.layout.horizontal_arrangement,no,不适用,Arrangement + 常量 spacedBy,page_snapshot_container_alignment_lines
OutlinedTextField,style.layout.vertical_arrangement,no,不适用,Arrangement + 常量 spacedBy,page_snapshot_container_alignment_lines
OutlinedTextField,style.layout.aspect_ratio,yes,已实现,aspectRatio 常量；不猜动态表达式,page_snapshot_component_lines
OutlinedTextField,style.layout.width_dp,yes,条件,width/size; 无显式值使用原生测量，不用参考 frame,page_snapshot_dimension_lines
OutlinedTextField,style.layout.height_dp,yes,条件,height/size; 无显式值使用原生测量，不用参考 frame,page_snapshot_dimension_lines
OutlinedTextField,style.surface.background,yes,条件,solid/null、水平/垂直 Clamp 渐变；未知端点/径向/图片背景阻断,page_snapshot_component_lines
OutlinedTextField,style.surface.corner_radius_dp,yes,条件,四角事实；AbsoluteRoundedCornerShape、统一圆角；方向未知的非对称 Start/End 阻断,page_snapshot_component_lines
OutlinedTextField,style.surface.corner_sizes,yes,条件,带单位四角：dp/px/percent；百分比依赖原生测量的较短边；方向未知的非对称 Start/End 未解析,page_snapshot_component_lines
OutlinedTextField,style.surface.border,yes,条件,统一 solid/dashed/dotted/none；单边、自定义 dash 阻断,page_snapshot_component_lines
OutlinedTextField,style.surface.shadows,yes,近似,单阴影且 spread=0；Android elevation 转换仍是近似；多阴影阻断,page_snapshot_component_lines
OutlinedTextField,style.surface.alpha,yes,已实现,alpha 常量 0..1,page_snapshot_component_lines
OutlinedTextField,style.surface.clip,yes,条件,矩形/圆角；自定义 Path 未支持,page_snapshot_component_lines
OutlinedTextField,style.typography.font_size_sp,yes,条件,Text/TextStyle 常量或已解析主题；字体缩放由运行平台消费,page_snapshot_component_lines
OutlinedTextField,style.typography.font_weight,yes,条件,FontWeight 常量/已解析主题,page_snapshot_component_lines
OutlinedTextField,style.typography.font_style,yes,已实现,FontStyle.Normal/Italic; 未知值 unresolved,page_snapshot_component_lines
OutlinedTextField,style.typography.font_family,yes,条件,仅已校验字体资产或声明的系统字体,load_page_font_faces / page_snapshot_component_lines
OutlinedTextField,style.typography.letter_spacing_sp,yes,已实现,letterSpacing 常量 sp；支持负数,page_snapshot_component_lines
OutlinedTextField,style.typography.line_height_sp,yes,条件,常量/主题；自定义 LineHeightStyle、低于自然行高未证明等价,page_snapshot_component_lines
OutlinedTextField,style.typography.text_align,yes,已实现,Start/Center/End/Justify,page_snapshot_component_lines
OutlinedTextField,style.typography.max_lines,yes,条件,正整数；TextInput 与多行 TextArea 不是同一控件,page_snapshot_component_lines
OutlinedTextField,style.typography.overflow,yes,条件,clip/ellipsis；visible 未支持并阻断；两类 ArkUI 签名分开,page_snapshot_component_lines
OutlinedTextField,style.typography.color,yes,条件,明确颜色或已解析主题；容器颜色需实际下传到文字,page_snapshot_component_lines
OutlinedTextField,style.typography.decoration,yes,已实现,none/underline/line_through,page_snapshot_component_lines
OutlinedTextField,style.asset.resource,no,不适用,本地资源或 AsyncImage HTTP(S)；无预览图回退,page_snapshot_component_lines
OutlinedTextField,style.asset.sha256,no,不适用,资源提取记录；格式转换后由资源 provenance 验证，不是绘制属性,build_target_phase_consumption_gate
OutlinedTextField,style.asset.width_px,no,不适用,可记录源像素尺寸；单输入渲染必须有逻辑尺寸，不能直接按 px 布局,build_target_phase_consumption_gate
OutlinedTextField,style.asset.height_px,no,不适用,可记录源像素尺寸；不能当作 dp 使用,build_target_phase_consumption_gate
OutlinedTextField,style.asset.width_dp,no,不适用,资源本征尺寸，不是控件硬宽度,page_snapshot_intrinsic_image_lines
OutlinedTextField,style.asset.height_dp,no,不适用,资源本征尺寸，不是控件硬高度,page_snapshot_intrinsic_image_lines
OutlinedTextField,style.asset.content_scale,no,不适用,fit/crop/fill/inside/none; 未指定尺寸时需可验证本征测量,page_snapshot_intrinsic_image_lines / page_snapshot_component_lines
OutlinedTextField,style.asset.tint,no,不适用,显式 tint/ColorFilter.tint；仅支持当前颜色滤镜映射,page_snapshot_component_lines
OutlinedTextField,style.transform.translation_x_dp,yes,条件,运行/页面事实；源码 offset 单独走 layoutRules，混合变换阻断,page_snapshot_component_lines
OutlinedTextField,style.transform.translation_y_dp,yes,条件,运行/页面事实；源码 offset 单独走 layoutRules，混合变换阻断,page_snapshot_component_lines
OutlinedTextField,style.transform.scale_x,yes,条件,scale 常量；graphicsLayer/自定义原点/顺序组合未支持,page_snapshot_component_lines
OutlinedTextField,style.transform.scale_y,yes,条件,scale 常量；不推算未知表达式,page_snapshot_component_lines
OutlinedTextField,style.transform.rotation_degrees,yes,条件,rotate 常量；默认中心原点,page_snapshot_component_lines
OutlinedTextField,style.state.visible,yes,条件,显式布尔页面状态；消失不占位，不等于完整动画状态机,page_snapshot_component_lines
OutlinedTextField,style.state.refreshing,no,不适用,isRefreshing 固定布尔状态；Box 叠加原生 LoadingProgress，动画外观近似，不包含刷新业务回调,page_snapshot_component_lines
OutlinedTextField,style.state.enabled,yes,已实现,显式布尔优先于默认值；动态未知值不填 true,page_snapshot_component_lines
OutlinedTextField,style.state.selected,no,不适用,RadioButton 的明确选中态；不代表任意容器都有选中样式,page_snapshot_component_lines
OutlinedTextField,style.state.checked,no,不适用,Checkbox/Switch 的明确布尔状态；缺失或动态未解析阻断,page_snapshot_component_lines
OutlinedTextField,style.state.clickable,yes,业务边界,只记录入口元数据；UI 渲染不产生业务 onClick，另走 behavior contract,build_target_phase_consumption_gate
OutlinedTextField,style.content.text,yes,条件,text/value/已解析资源；Button 文本在子 Text 实际消费,page_snapshot_component_lines
OutlinedTextField,style.content.placeholder,yes,条件,纯文字提示；复杂 slot/浮动 label 不等同 placeholder,page_snapshot_component_lines
OutlinedTextField,style.content.content_description,yes,已实现,contentDescription; 显式 null 不设置,page_snapshot_component_lines
OutlinedTextField,style.content.role,yes,证据,用于页面语义匹配，不代表已实现对应业务,build_target_phase_consumption_gate
OutlinedTextField,style.content.locale,yes,未支持,可存储/采集；未单独消费，非空时阻断,build_target_phase_consumption_gate
OutlinedTextField,style.input.single_line,yes,已实现,显式布尔；源码省略按 Compose 多行默认；TextInput/TextArea 原生分流,page_snapshot_component_lines
OutlinedTextField,style.input.read_only,yes,条件,显式布尔；禁止软键盘及内容修改，保留选中；API 20+,page_snapshot_component_lines
OutlinedTextField,style.input.password,yes,条件,标准 PasswordVisualTransformation/None；多行密码、自定义字符变换阻断,page_snapshot_component_lines
OutlinedTextField,style.input.keyboard_type,yes,条件,Text/Number/Phone/Email/Uri/Decimal/Password/NumberPassword；不等同内容校验,page_snapshot_component_lines
OutlinedTextField,style.input.ime_action,yes,条件,键盘动作枚举；Previous/单行 None 阻断；业务提交回调另走 contract,page_snapshot_component_lines
OutlinedTextField,style.typography.soft_wrap,no,不适用,显式布尔；false 支持不含硬换行的单段文字，硬换行逐段渲染未支持,page_snapshot_component_lines
OutlinedTextField,style.typography.min_lines,yes,条件,1 为原生默认；多行 Text 使用已验证字体运行时 metrics，复杂约束/输入框多行最低行数阻断,page_snapshot_component_lines
OutlinedTextField,style.control.value,no,不适用,明确 value/progress；不使用样例数值；UI 当前态不等同业务订阅,page_snapshot_component_lines
OutlinedTextField,style.control.minimum,no,不适用,Slider valueRange 或明确默认 0；进度固定 0..1,page_snapshot_component_lines
OutlinedTextField,style.control.maximum,no,不适用,Slider valueRange 或明确默认 1；上限必须大于下限,page_snapshot_component_lines
OutlinedTextField,style.control.steps,no,不适用,离散 steps 转 (max-min)/(steps+1)；连续型与小于平台最小步长阻断,page_snapshot_component_lines
OutlinedTextField,style.control.active_color,no,不适用,显式 color 常量或刷新指示器主题色，作用于轨迹/分隔线而非文字,page_snapshot_component_lines
OutlinedTextField,style.control.inactive_color,no,不适用,显式 trackColor 常量或刷新指示器主题背景,page_snapshot_component_lines
OutlinedTextField,style.control.stroke_width_dp,no,不适用,常量 thickness/strokeWidth；分隔线默认1dp,page_snapshot_component_lines
Image,structure.type,yes,已实现,SourceTree/lanhu_layer,page_snapshot_component_lines
Image,structure.parent_id,yes,已实现,SourceTree/lanhu_layer,page_snapshot_component_lines
Image,structure.children_ids,yes,已实现,SourceTree/lanhu_layer,page_snapshot_component_lines
Image,structure.sibling_index,yes,已实现,SourceTree/lanhu_layer,page_snapshot_component_lines
Image,style.layout.padding_dp,yes,条件,expand_ordered_layout_modifiers 保留纯常量 padding/size/width/height 嵌套；交织绘制/重复同轴尺寸阻断,page_snapshot_component_lines
Image,style.layout.margin_dp,yes,条件,运行测量/页面事实；Compose 没有通用 margin 参数,page_snapshot_component_lines
Image,style.layout.layout_direction,yes,条件,页面事实；CompositionLocal 的上下文解析未全覆盖,page_snapshot_component_lines
Image,style.layout.z_index,yes,条件,zIndex 走 layoutRules；该字段来自运行/页面事实,page_snapshot_component_lines
Image,style.layout.alignment,no,不适用,contentAlignment/horizontalAlignment/verticalAlignment; 枚举,page_snapshot_container_alignment_lines
Image,style.layout.horizontal_arrangement,no,不适用,Arrangement + 常量 spacedBy,page_snapshot_container_alignment_lines
Image,style.layout.vertical_arrangement,no,不适用,Arrangement + 常量 spacedBy,page_snapshot_container_alignment_lines
Image,style.layout.aspect_ratio,yes,已实现,aspectRatio 常量；不猜动态表达式,page_snapshot_component_lines
Image,style.layout.width_dp,yes,条件,width/size; 无显式值使用原生测量，不用参考 frame,page_snapshot_dimension_lines
Image,style.layout.height_dp,yes,条件,height/size; 无显式值使用原生测量，不用参考 frame,page_snapshot_dimension_lines
Image,style.surface.background,yes,条件,solid/null、水平/垂直 Clamp 渐变；未知端点/径向/图片背景阻断,page_snapshot_component_lines
Image,style.surface.corner_radius_dp,yes,条件,四角事实；AbsoluteRoundedCornerShape、统一圆角；方向未知的非对称 Start/End 阻断,page_snapshot_component_lines
Image,style.surface.corner_sizes,yes,条件,带单位四角：dp/px/percent；百分比依赖原生测量的较短边；方向未知的非对称 Start/End 未解析,page_snapshot_component_lines
Image,style.surface.border,yes,条件,统一 solid/dashed/dotted/none；单边、自定义 dash 阻断,page_snapshot_component_lines
Image,style.surface.shadows,yes,近似,单阴影且 spread=0；Android elevation 转换仍是近似；多阴影阻断,page_snapshot_component_lines
Image,style.surface.alpha,yes,已实现,alpha 常量 0..1,page_snapshot_component_lines
Image,style.surface.clip,yes,条件,矩形/圆角；自定义 Path 未支持,page_snapshot_component_lines
Image,style.typography.font_size_sp,no,不适用,Text/TextStyle 常量或已解析主题；字体缩放由运行平台消费,page_snapshot_component_lines
Image,style.typography.font_weight,no,不适用,FontWeight 常量/已解析主题,page_snapshot_component_lines
Image,style.typography.font_style,no,不适用,FontStyle.Normal/Italic; 未知值 unresolved,page_snapshot_component_lines
Image,style.typography.font_family,no,不适用,仅已校验字体资产或声明的系统字体,load_page_font_faces / page_snapshot_component_lines
Image,style.typography.letter_spacing_sp,no,不适用,letterSpacing 常量 sp；支持负数,page_snapshot_component_lines
Image,style.typography.line_height_sp,no,不适用,常量/主题；自定义 LineHeightStyle、低于自然行高未证明等价,page_snapshot_component_lines
Image,style.typography.text_align,no,不适用,Start/Center/End/Justify,page_snapshot_component_lines
Image,style.typography.max_lines,no,不适用,正整数；TextInput 与多行 TextArea 不是同一控件,page_snapshot_component_lines
Image,style.typography.overflow,no,不适用,clip/ellipsis；visible 未支持并阻断；两类 ArkUI 签名分开,page_snapshot_component_lines
Image,style.typography.color,no,不适用,明确颜色或已解析主题；容器颜色需实际下传到文字,page_snapshot_component_lines
Image,style.typography.decoration,no,不适用,none/underline/line_through,page_snapshot_component_lines
Image,style.asset.resource,yes,条件,本地资源或 AsyncImage HTTP(S)；无预览图回退,page_snapshot_component_lines
Image,style.asset.sha256,yes,证据,资源提取记录；格式转换后由资源 provenance 验证，不是绘制属性,build_target_phase_consumption_gate
Image,style.asset.width_px,yes,未支持,可记录源像素尺寸；单输入渲染必须有逻辑尺寸，不能直接按 px 布局,build_target_phase_consumption_gate
Image,style.asset.height_px,yes,未支持,可记录源像素尺寸；不能当作 dp 使用,build_target_phase_consumption_gate
Image,style.asset.width_dp,yes,条件,资源本征尺寸，不是控件硬宽度,page_snapshot_intrinsic_image_lines
Image,style.asset.height_dp,yes,条件,资源本征尺寸，不是控件硬高度,page_snapshot_intrinsic_image_lines
Image,style.asset.content_scale,yes,条件,fit/crop/fill/inside/none; 未指定尺寸时需可验证本征测量,page_snapshot_intrinsic_image_lines / page_snapshot_component_lines
Image,style.asset.tint,yes,条件,显式 tint/ColorFilter.tint；仅支持当前颜色滤镜映射,page_snapshot_component_lines
Image,style.transform.translation_x_dp,yes,条件,运行/页面事实；源码 offset 单独走 layoutRules，混合变换阻断,page_snapshot_component_lines
Image,style.transform.translation_y_dp,yes,条件,运行/页面事实；源码 offset 单独走 layoutRules，混合变换阻断,page_snapshot_component_lines
Image,style.transform.scale_x,yes,条件,scale 常量；graphicsLayer/自定义原点/顺序组合未支持,page_snapshot_component_lines
Image,style.transform.scale_y,yes,条件,scale 常量；不推算未知表达式,page_snapshot_component_lines
Image,style.transform.rotation_degrees,yes,条件,rotate 常量；默认中心原点,page_snapshot_component_lines
Image,style.state.visible,yes,条件,显式布尔页面状态；消失不占位，不等于完整动画状态机,page_snapshot_component_lines
Image,style.state.refreshing,no,不适用,isRefreshing 固定布尔状态；Box 叠加原生 LoadingProgress，动画外观近似，不包含刷新业务回调,page_snapshot_component_lines
Image,style.state.enabled,yes,已实现,显式布尔优先于默认值；动态未知值不填 true,page_snapshot_component_lines
Image,style.state.selected,no,不适用,RadioButton 的明确选中态；不代表任意容器都有选中样式,page_snapshot_component_lines
Image,style.state.checked,no,不适用,Checkbox/Switch 的明确布尔状态；缺失或动态未解析阻断,page_snapshot_component_lines
Image,style.state.clickable,yes,业务边界,只记录入口元数据；UI 渲染不产生业务 onClick，另走 behavior contract,build_target_phase_consumption_gate
Image,style.content.text,no,不适用,text/value/已解析资源；Button 文本在子 Text 实际消费,page_snapshot_component_lines
Image,style.content.placeholder,no,不适用,纯文字提示；复杂 slot/浮动 label 不等同 placeholder,page_snapshot_component_lines
Image,style.content.content_description,yes,已实现,contentDescription; 显式 null 不设置,page_snapshot_component_lines
Image,style.content.role,yes,证据,用于页面语义匹配，不代表已实现对应业务,build_target_phase_consumption_gate
Image,style.content.locale,no,不适用,可存储/采集；未单独消费，非空时阻断,build_target_phase_consumption_gate
Image,style.input.single_line,no,不适用,显式布尔；源码省略按 Compose 多行默认；TextInput/TextArea 原生分流,page_snapshot_component_lines
Image,style.input.read_only,no,不适用,显式布尔；禁止软键盘及内容修改，保留选中；API 20+,page_snapshot_component_lines
Image,style.input.password,no,不适用,标准 PasswordVisualTransformation/None；多行密码、自定义字符变换阻断,page_snapshot_component_lines
Image,style.input.keyboard_type,no,不适用,Text/Number/Phone/Email/Uri/Decimal/Password/NumberPassword；不等同内容校验,page_snapshot_component_lines
Image,style.input.ime_action,no,不适用,键盘动作枚举；Previous/单行 None 阻断；业务提交回调另走 contract,page_snapshot_component_lines
Image,style.typography.soft_wrap,no,不适用,显式布尔；false 支持不含硬换行的单段文字，硬换行逐段渲染未支持,page_snapshot_component_lines
Image,style.typography.min_lines,no,不适用,1 为原生默认；多行 Text 使用已验证字体运行时 metrics，复杂约束/输入框多行最低行数阻断,page_snapshot_component_lines
Image,style.control.value,no,不适用,明确 value/progress；不使用样例数值；UI 当前态不等同业务订阅,page_snapshot_component_lines
Image,style.control.minimum,no,不适用,Slider valueRange 或明确默认 0；进度固定 0..1,page_snapshot_component_lines
Image,style.control.maximum,no,不适用,Slider valueRange 或明确默认 1；上限必须大于下限,page_snapshot_component_lines
Image,style.control.steps,no,不适用,离散 steps 转 (max-min)/(steps+1)；连续型与小于平台最小步长阻断,page_snapshot_component_lines
Image,style.control.active_color,no,不适用,显式 color 常量或刷新指示器主题色，作用于轨迹/分隔线而非文字,page_snapshot_component_lines
Image,style.control.inactive_color,no,不适用,显式 trackColor 常量或刷新指示器主题背景,page_snapshot_component_lines
Image,style.control.stroke_width_dp,no,不适用,常量 thickness/strokeWidth；分隔线默认1dp,page_snapshot_component_lines
Icon,structure.type,yes,已实现,SourceTree/lanhu_layer,page_snapshot_component_lines
Icon,structure.parent_id,yes,已实现,SourceTree/lanhu_layer,page_snapshot_component_lines
Icon,structure.children_ids,yes,已实现,SourceTree/lanhu_layer,page_snapshot_component_lines
Icon,structure.sibling_index,yes,已实现,SourceTree/lanhu_layer,page_snapshot_component_lines
Icon,style.layout.padding_dp,yes,条件,expand_ordered_layout_modifiers 保留纯常量 padding/size/width/height 嵌套；交织绘制/重复同轴尺寸阻断,page_snapshot_component_lines
Icon,style.layout.margin_dp,yes,条件,运行测量/页面事实；Compose 没有通用 margin 参数,page_snapshot_component_lines
Icon,style.layout.layout_direction,yes,条件,页面事实；CompositionLocal 的上下文解析未全覆盖,page_snapshot_component_lines
Icon,style.layout.z_index,yes,条件,zIndex 走 layoutRules；该字段来自运行/页面事实,page_snapshot_component_lines
Icon,style.layout.alignment,no,不适用,contentAlignment/horizontalAlignment/verticalAlignment; 枚举,page_snapshot_container_alignment_lines
Icon,style.layout.horizontal_arrangement,no,不适用,Arrangement + 常量 spacedBy,page_snapshot_container_alignment_lines
Icon,style.layout.vertical_arrangement,no,不适用,Arrangement + 常量 spacedBy,page_snapshot_container_alignment_lines
Icon,style.layout.aspect_ratio,yes,已实现,aspectRatio 常量；不猜动态表达式,page_snapshot_component_lines
Icon,style.layout.width_dp,yes,条件,width/size; 无显式值使用原生测量，不用参考 frame,page_snapshot_dimension_lines
Icon,style.layout.height_dp,yes,条件,height/size; 无显式值使用原生测量，不用参考 frame,page_snapshot_dimension_lines
Icon,style.surface.background,yes,条件,solid/null、水平/垂直 Clamp 渐变；未知端点/径向/图片背景阻断,page_snapshot_component_lines
Icon,style.surface.corner_radius_dp,yes,条件,四角事实；AbsoluteRoundedCornerShape、统一圆角；方向未知的非对称 Start/End 阻断,page_snapshot_component_lines
Icon,style.surface.corner_sizes,yes,条件,带单位四角：dp/px/percent；百分比依赖原生测量的较短边；方向未知的非对称 Start/End 未解析,page_snapshot_component_lines
Icon,style.surface.border,yes,条件,统一 solid/dashed/dotted/none；单边、自定义 dash 阻断,page_snapshot_component_lines
Icon,style.surface.shadows,yes,近似,单阴影且 spread=0；Android elevation 转换仍是近似；多阴影阻断,page_snapshot_component_lines
Icon,style.surface.alpha,yes,已实现,alpha 常量 0..1,page_snapshot_component_lines
Icon,style.surface.clip,yes,条件,矩形/圆角；自定义 Path 未支持,page_snapshot_component_lines
Icon,style.typography.font_size_sp,no,不适用,Text/TextStyle 常量或已解析主题；字体缩放由运行平台消费,page_snapshot_component_lines
Icon,style.typography.font_weight,no,不适用,FontWeight 常量/已解析主题,page_snapshot_component_lines
Icon,style.typography.font_style,no,不适用,FontStyle.Normal/Italic; 未知值 unresolved,page_snapshot_component_lines
Icon,style.typography.font_family,no,不适用,仅已校验字体资产或声明的系统字体,load_page_font_faces / page_snapshot_component_lines
Icon,style.typography.letter_spacing_sp,no,不适用,letterSpacing 常量 sp；支持负数,page_snapshot_component_lines
Icon,style.typography.line_height_sp,no,不适用,常量/主题；自定义 LineHeightStyle、低于自然行高未证明等价,page_snapshot_component_lines
Icon,style.typography.text_align,no,不适用,Start/Center/End/Justify,page_snapshot_component_lines
Icon,style.typography.max_lines,no,不适用,正整数；TextInput 与多行 TextArea 不是同一控件,page_snapshot_component_lines
Icon,style.typography.overflow,no,不适用,clip/ellipsis；visible 未支持并阻断；两类 ArkUI 签名分开,page_snapshot_component_lines
Icon,style.typography.color,no,不适用,明确颜色或已解析主题；容器颜色需实际下传到文字,page_snapshot_component_lines
Icon,style.typography.decoration,no,不适用,none/underline/line_through,page_snapshot_component_lines
Icon,style.asset.resource,yes,条件,本地资源或 AsyncImage HTTP(S)；无预览图回退,page_snapshot_component_lines
Icon,style.asset.sha256,yes,证据,资源提取记录；格式转换后由资源 provenance 验证，不是绘制属性,build_target_phase_consumption_gate
Icon,style.asset.width_px,yes,未支持,可记录源像素尺寸；单输入渲染必须有逻辑尺寸，不能直接按 px 布局,build_target_phase_consumption_gate
Icon,style.asset.height_px,yes,未支持,可记录源像素尺寸；不能当作 dp 使用,build_target_phase_consumption_gate
Icon,style.asset.width_dp,yes,条件,资源本征尺寸，不是控件硬宽度,page_snapshot_intrinsic_image_lines
Icon,style.asset.height_dp,yes,条件,资源本征尺寸，不是控件硬高度,page_snapshot_intrinsic_image_lines
Icon,style.asset.content_scale,yes,条件,fit/crop/fill/inside/none; 未指定尺寸时需可验证本征测量,page_snapshot_intrinsic_image_lines / page_snapshot_component_lines
Icon,style.asset.tint,yes,条件,显式 tint/ColorFilter.tint；仅支持当前颜色滤镜映射,page_snapshot_component_lines
Icon,style.transform.translation_x_dp,yes,条件,运行/页面事实；源码 offset 单独走 layoutRules，混合变换阻断,page_snapshot_component_lines
Icon,style.transform.translation_y_dp,yes,条件,运行/页面事实；源码 offset 单独走 layoutRules，混合变换阻断,page_snapshot_component_lines
Icon,style.transform.scale_x,yes,条件,scale 常量；graphicsLayer/自定义原点/顺序组合未支持,page_snapshot_component_lines
Icon,style.transform.scale_y,yes,条件,scale 常量；不推算未知表达式,page_snapshot_component_lines
Icon,style.transform.rotation_degrees,yes,条件,rotate 常量；默认中心原点,page_snapshot_component_lines
Icon,style.state.visible,yes,条件,显式布尔页面状态；消失不占位，不等于完整动画状态机,page_snapshot_component_lines
Icon,style.state.refreshing,no,不适用,isRefreshing 固定布尔状态；Box 叠加原生 LoadingProgress，动画外观近似，不包含刷新业务回调,page_snapshot_component_lines
Icon,style.state.enabled,yes,已实现,显式布尔优先于默认值；动态未知值不填 true,page_snapshot_component_lines
Icon,style.state.selected,no,不适用,RadioButton 的明确选中态；不代表任意容器都有选中样式,page_snapshot_component_lines
Icon,style.state.checked,no,不适用,Checkbox/Switch 的明确布尔状态；缺失或动态未解析阻断,page_snapshot_component_lines
Icon,style.state.clickable,yes,业务边界,只记录入口元数据；UI 渲染不产生业务 onClick，另走 behavior contract,build_target_phase_consumption_gate
Icon,style.content.text,no,不适用,text/value/已解析资源；Button 文本在子 Text 实际消费,page_snapshot_component_lines
Icon,style.content.placeholder,no,不适用,纯文字提示；复杂 slot/浮动 label 不等同 placeholder,page_snapshot_component_lines
Icon,style.content.content_description,yes,已实现,contentDescription; 显式 null 不设置,page_snapshot_component_lines
Icon,style.content.role,yes,证据,用于页面语义匹配，不代表已实现对应业务,build_target_phase_consumption_gate
Icon,style.content.locale,no,不适用,可存储/采集；未单独消费，非空时阻断,build_target_phase_consumption_gate
Icon,style.input.single_line,no,不适用,显式布尔；源码省略按 Compose 多行默认；TextInput/TextArea 原生分流,page_snapshot_component_lines
Icon,style.input.read_only,no,不适用,显式布尔；禁止软键盘及内容修改，保留选中；API 20+,page_snapshot_component_lines
Icon,style.input.password,no,不适用,标准 PasswordVisualTransformation/None；多行密码、自定义字符变换阻断,page_snapshot_component_lines
Icon,style.input.keyboard_type,no,不适用,Text/Number/Phone/Email/Uri/Decimal/Password/NumberPassword；不等同内容校验,page_snapshot_component_lines
Icon,style.input.ime_action,no,不适用,键盘动作枚举；Previous/单行 None 阻断；业务提交回调另走 contract,page_snapshot_component_lines
Icon,style.typography.soft_wrap,no,不适用,显式布尔；false 支持不含硬换行的单段文字，硬换行逐段渲染未支持,page_snapshot_component_lines
Icon,style.typography.min_lines,no,不适用,1 为原生默认；多行 Text 使用已验证字体运行时 metrics，复杂约束/输入框多行最低行数阻断,page_snapshot_component_lines
Icon,style.control.value,no,不适用,明确 value/progress；不使用样例数值；UI 当前态不等同业务订阅,page_snapshot_component_lines
Icon,style.control.minimum,no,不适用,Slider valueRange 或明确默认 0；进度固定 0..1,page_snapshot_component_lines
Icon,style.control.maximum,no,不适用,Slider valueRange 或明确默认 1；上限必须大于下限,page_snapshot_component_lines
Icon,style.control.steps,no,不适用,离散 steps 转 (max-min)/(steps+1)；连续型与小于平台最小步长阻断,page_snapshot_component_lines
Icon,style.control.active_color,no,不适用,显式 color 常量或刷新指示器主题色，作用于轨迹/分隔线而非文字,page_snapshot_component_lines
Icon,style.control.inactive_color,no,不适用,显式 trackColor 常量或刷新指示器主题背景,page_snapshot_component_lines
Icon,style.control.stroke_width_dp,no,不适用,常量 thickness/strokeWidth；分隔线默认1dp,page_snapshot_component_lines
AsyncImage,structure.type,yes,已实现,SourceTree/lanhu_layer,page_snapshot_component_lines
AsyncImage,structure.parent_id,yes,已实现,SourceTree/lanhu_layer,page_snapshot_component_lines
AsyncImage,structure.children_ids,yes,已实现,SourceTree/lanhu_layer,page_snapshot_component_lines
AsyncImage,structure.sibling_index,yes,已实现,SourceTree/lanhu_layer,page_snapshot_component_lines
AsyncImage,style.layout.padding_dp,yes,条件,expand_ordered_layout_modifiers 保留纯常量 padding/size/width/height 嵌套；交织绘制/重复同轴尺寸阻断,page_snapshot_component_lines
AsyncImage,style.layout.margin_dp,yes,条件,运行测量/页面事实；Compose 没有通用 margin 参数,page_snapshot_component_lines
AsyncImage,style.layout.layout_direction,yes,条件,页面事实；CompositionLocal 的上下文解析未全覆盖,page_snapshot_component_lines
AsyncImage,style.layout.z_index,yes,条件,zIndex 走 layoutRules；该字段来自运行/页面事实,page_snapshot_component_lines
AsyncImage,style.layout.alignment,no,不适用,contentAlignment/horizontalAlignment/verticalAlignment; 枚举,page_snapshot_container_alignment_lines
AsyncImage,style.layout.horizontal_arrangement,no,不适用,Arrangement + 常量 spacedBy,page_snapshot_container_alignment_lines
AsyncImage,style.layout.vertical_arrangement,no,不适用,Arrangement + 常量 spacedBy,page_snapshot_container_alignment_lines
AsyncImage,style.layout.aspect_ratio,yes,已实现,aspectRatio 常量；不猜动态表达式,page_snapshot_component_lines
AsyncImage,style.layout.width_dp,yes,条件,width/size; 无显式值使用原生测量，不用参考 frame,page_snapshot_dimension_lines
AsyncImage,style.layout.height_dp,yes,条件,height/size; 无显式值使用原生测量，不用参考 frame,page_snapshot_dimension_lines
AsyncImage,style.surface.background,yes,条件,solid/null、水平/垂直 Clamp 渐变；未知端点/径向/图片背景阻断,page_snapshot_component_lines
AsyncImage,style.surface.corner_radius_dp,yes,条件,四角事实；AbsoluteRoundedCornerShape、统一圆角；方向未知的非对称 Start/End 阻断,page_snapshot_component_lines
AsyncImage,style.surface.corner_sizes,yes,条件,带单位四角：dp/px/percent；百分比依赖原生测量的较短边；方向未知的非对称 Start/End 未解析,page_snapshot_component_lines
AsyncImage,style.surface.border,yes,条件,统一 solid/dashed/dotted/none；单边、自定义 dash 阻断,page_snapshot_component_lines
AsyncImage,style.surface.shadows,yes,近似,单阴影且 spread=0；Android elevation 转换仍是近似；多阴影阻断,page_snapshot_component_lines
AsyncImage,style.surface.alpha,yes,已实现,alpha 常量 0..1,page_snapshot_component_lines
AsyncImage,style.surface.clip,yes,条件,矩形/圆角；自定义 Path 未支持,page_snapshot_component_lines
AsyncImage,style.typography.font_size_sp,no,不适用,Text/TextStyle 常量或已解析主题；字体缩放由运行平台消费,page_snapshot_component_lines
AsyncImage,style.typography.font_weight,no,不适用,FontWeight 常量/已解析主题,page_snapshot_component_lines
AsyncImage,style.typography.font_style,no,不适用,FontStyle.Normal/Italic; 未知值 unresolved,page_snapshot_component_lines
AsyncImage,style.typography.font_family,no,不适用,仅已校验字体资产或声明的系统字体,load_page_font_faces / page_snapshot_component_lines
AsyncImage,style.typography.letter_spacing_sp,no,不适用,letterSpacing 常量 sp；支持负数,page_snapshot_component_lines
AsyncImage,style.typography.line_height_sp,no,不适用,常量/主题；自定义 LineHeightStyle、低于自然行高未证明等价,page_snapshot_component_lines
AsyncImage,style.typography.text_align,no,不适用,Start/Center/End/Justify,page_snapshot_component_lines
AsyncImage,style.typography.max_lines,no,不适用,正整数；TextInput 与多行 TextArea 不是同一控件,page_snapshot_component_lines
AsyncImage,style.typography.overflow,no,不适用,clip/ellipsis；visible 未支持并阻断；两类 ArkUI 签名分开,page_snapshot_component_lines
AsyncImage,style.typography.color,no,不适用,明确颜色或已解析主题；容器颜色需实际下传到文字,page_snapshot_component_lines
AsyncImage,style.typography.decoration,no,不适用,none/underline/line_through,page_snapshot_component_lines
AsyncImage,style.asset.resource,yes,条件,本地资源或 AsyncImage HTTP(S)；无预览图回退,page_snapshot_component_lines
AsyncImage,style.asset.sha256,yes,证据,资源提取记录；格式转换后由资源 provenance 验证，不是绘制属性,build_target_phase_consumption_gate
AsyncImage,style.asset.width_px,yes,未支持,可记录源像素尺寸；单输入渲染必须有逻辑尺寸，不能直接按 px 布局,build_target_phase_consumption_gate
AsyncImage,style.asset.height_px,yes,未支持,可记录源像素尺寸；不能当作 dp 使用,build_target_phase_consumption_gate
AsyncImage,style.asset.width_dp,yes,条件,资源本征尺寸，不是控件硬宽度,page_snapshot_intrinsic_image_lines
AsyncImage,style.asset.height_dp,yes,条件,资源本征尺寸，不是控件硬高度,page_snapshot_intrinsic_image_lines
AsyncImage,style.asset.content_scale,yes,条件,fit/crop/fill/inside/none; 未指定尺寸时需可验证本征测量,page_snapshot_intrinsic_image_lines / page_snapshot_component_lines
AsyncImage,style.asset.tint,yes,条件,显式 tint/ColorFilter.tint；仅支持当前颜色滤镜映射,page_snapshot_component_lines
AsyncImage,style.transform.translation_x_dp,yes,条件,运行/页面事实；源码 offset 单独走 layoutRules，混合变换阻断,page_snapshot_component_lines
AsyncImage,style.transform.translation_y_dp,yes,条件,运行/页面事实；源码 offset 单独走 layoutRules，混合变换阻断,page_snapshot_component_lines
AsyncImage,style.transform.scale_x,yes,条件,scale 常量；graphicsLayer/自定义原点/顺序组合未支持,page_snapshot_component_lines
AsyncImage,style.transform.scale_y,yes,条件,scale 常量；不推算未知表达式,page_snapshot_component_lines
AsyncImage,style.transform.rotation_degrees,yes,条件,rotate 常量；默认中心原点,page_snapshot_component_lines
AsyncImage,style.state.visible,yes,条件,显式布尔页面状态；消失不占位，不等于完整动画状态机,page_snapshot_component_lines
AsyncImage,style.state.refreshing,no,不适用,isRefreshing 固定布尔状态；Box 叠加原生 LoadingProgress，动画外观近似，不包含刷新业务回调,page_snapshot_component_lines
AsyncImage,style.state.enabled,yes,已实现,显式布尔优先于默认值；动态未知值不填 true,page_snapshot_component_lines
AsyncImage,style.state.selected,no,不适用,RadioButton 的明确选中态；不代表任意容器都有选中样式,page_snapshot_component_lines
AsyncImage,style.state.checked,no,不适用,Checkbox/Switch 的明确布尔状态；缺失或动态未解析阻断,page_snapshot_component_lines
AsyncImage,style.state.clickable,yes,业务边界,只记录入口元数据；UI 渲染不产生业务 onClick，另走 behavior contract,build_target_phase_consumption_gate
AsyncImage,style.content.text,no,不适用,text/value/已解析资源；Button 文本在子 Text 实际消费,page_snapshot_component_lines
AsyncImage,style.content.placeholder,no,不适用,纯文字提示；复杂 slot/浮动 label 不等同 placeholder,page_snapshot_component_lines
AsyncImage,style.content.content_description,yes,已实现,contentDescription; 显式 null 不设置,page_snapshot_component_lines
AsyncImage,style.content.role,yes,证据,用于页面语义匹配，不代表已实现对应业务,build_target_phase_consumption_gate
AsyncImage,style.content.locale,no,不适用,可存储/采集；未单独消费，非空时阻断,build_target_phase_consumption_gate
AsyncImage,style.input.single_line,no,不适用,显式布尔；源码省略按 Compose 多行默认；TextInput/TextArea 原生分流,page_snapshot_component_lines
AsyncImage,style.input.read_only,no,不适用,显式布尔；禁止软键盘及内容修改，保留选中；API 20+,page_snapshot_component_lines
AsyncImage,style.input.password,no,不适用,标准 PasswordVisualTransformation/None；多行密码、自定义字符变换阻断,page_snapshot_component_lines
AsyncImage,style.input.keyboard_type,no,不适用,Text/Number/Phone/Email/Uri/Decimal/Password/NumberPassword；不等同内容校验,page_snapshot_component_lines
AsyncImage,style.input.ime_action,no,不适用,键盘动作枚举；Previous/单行 None 阻断；业务提交回调另走 contract,page_snapshot_component_lines
AsyncImage,style.typography.soft_wrap,no,不适用,显式布尔；false 支持不含硬换行的单段文字，硬换行逐段渲染未支持,page_snapshot_component_lines
AsyncImage,style.typography.min_lines,no,不适用,1 为原生默认；多行 Text 使用已验证字体运行时 metrics，复杂约束/输入框多行最低行数阻断,page_snapshot_component_lines
AsyncImage,style.control.value,no,不适用,明确 value/progress；不使用样例数值；UI 当前态不等同业务订阅,page_snapshot_component_lines
AsyncImage,style.control.minimum,no,不适用,Slider valueRange 或明确默认 0；进度固定 0..1,page_snapshot_component_lines
AsyncImage,style.control.maximum,no,不适用,Slider valueRange 或明确默认 1；上限必须大于下限,page_snapshot_component_lines
AsyncImage,style.control.steps,no,不适用,离散 steps 转 (max-min)/(steps+1)；连续型与小于平台最小步长阻断,page_snapshot_component_lines
AsyncImage,style.control.active_color,no,不适用,显式 color 常量或刷新指示器主题色，作用于轨迹/分隔线而非文字,page_snapshot_component_lines
AsyncImage,style.control.inactive_color,no,不适用,显式 trackColor 常量或刷新指示器主题背景,page_snapshot_component_lines
AsyncImage,style.control.stroke_width_dp,no,不适用,常量 thickness/strokeWidth；分隔线默认1dp,page_snapshot_component_lines
Spacer,structure.type,yes,已实现,SourceTree/lanhu_layer,page_snapshot_component_lines
Spacer,structure.parent_id,yes,已实现,SourceTree/lanhu_layer,page_snapshot_component_lines
Spacer,structure.children_ids,yes,已实现,SourceTree/lanhu_layer,page_snapshot_component_lines
Spacer,structure.sibling_index,yes,已实现,SourceTree/lanhu_layer,page_snapshot_component_lines
Spacer,style.layout.padding_dp,yes,条件,expand_ordered_layout_modifiers 保留纯常量 padding/size/width/height 嵌套；交织绘制/重复同轴尺寸阻断,page_snapshot_component_lines
Spacer,style.layout.margin_dp,yes,条件,运行测量/页面事实；Compose 没有通用 margin 参数,page_snapshot_component_lines
Spacer,style.layout.layout_direction,yes,条件,页面事实；CompositionLocal 的上下文解析未全覆盖,page_snapshot_component_lines
Spacer,style.layout.z_index,yes,条件,zIndex 走 layoutRules；该字段来自运行/页面事实,page_snapshot_component_lines
Spacer,style.layout.alignment,no,不适用,contentAlignment/horizontalAlignment/verticalAlignment; 枚举,page_snapshot_container_alignment_lines
Spacer,style.layout.horizontal_arrangement,no,不适用,Arrangement + 常量 spacedBy,page_snapshot_container_alignment_lines
Spacer,style.layout.vertical_arrangement,no,不适用,Arrangement + 常量 spacedBy,page_snapshot_container_alignment_lines
Spacer,style.layout.aspect_ratio,yes,已实现,aspectRatio 常量；不猜动态表达式,page_snapshot_component_lines
Spacer,style.layout.width_dp,yes,条件,width/size; 无显式值使用原生测量，不用参考 frame,page_snapshot_dimension_lines
Spacer,style.layout.height_dp,yes,条件,height/size; 无显式值使用原生测量，不用参考 frame,page_snapshot_dimension_lines
Spacer,style.surface.background,yes,条件,solid/null、水平/垂直 Clamp 渐变；未知端点/径向/图片背景阻断,page_snapshot_component_lines
Spacer,style.surface.corner_radius_dp,yes,条件,四角事实；AbsoluteRoundedCornerShape、统一圆角；方向未知的非对称 Start/End 阻断,page_snapshot_component_lines
Spacer,style.surface.corner_sizes,yes,条件,带单位四角：dp/px/percent；百分比依赖原生测量的较短边；方向未知的非对称 Start/End 未解析,page_snapshot_component_lines
Spacer,style.surface.border,yes,条件,统一 solid/dashed/dotted/none；单边、自定义 dash 阻断,page_snapshot_component_lines
Spacer,style.surface.shadows,yes,近似,单阴影且 spread=0；Android elevation 转换仍是近似；多阴影阻断,page_snapshot_component_lines
Spacer,style.surface.alpha,yes,已实现,alpha 常量 0..1,page_snapshot_component_lines
Spacer,style.surface.clip,yes,条件,矩形/圆角；自定义 Path 未支持,page_snapshot_component_lines
Spacer,style.typography.font_size_sp,no,不适用,Text/TextStyle 常量或已解析主题；字体缩放由运行平台消费,page_snapshot_component_lines
Spacer,style.typography.font_weight,no,不适用,FontWeight 常量/已解析主题,page_snapshot_component_lines
Spacer,style.typography.font_style,no,不适用,FontStyle.Normal/Italic; 未知值 unresolved,page_snapshot_component_lines
Spacer,style.typography.font_family,no,不适用,仅已校验字体资产或声明的系统字体,load_page_font_faces / page_snapshot_component_lines
Spacer,style.typography.letter_spacing_sp,no,不适用,letterSpacing 常量 sp；支持负数,page_snapshot_component_lines
Spacer,style.typography.line_height_sp,no,不适用,常量/主题；自定义 LineHeightStyle、低于自然行高未证明等价,page_snapshot_component_lines
Spacer,style.typography.text_align,no,不适用,Start/Center/End/Justify,page_snapshot_component_lines
Spacer,style.typography.max_lines,no,不适用,正整数；TextInput 与多行 TextArea 不是同一控件,page_snapshot_component_lines
Spacer,style.typography.overflow,no,不适用,clip/ellipsis；visible 未支持并阻断；两类 ArkUI 签名分开,page_snapshot_component_lines
Spacer,style.typography.color,no,不适用,明确颜色或已解析主题；容器颜色需实际下传到文字,page_snapshot_component_lines
Spacer,style.typography.decoration,no,不适用,none/underline/line_through,page_snapshot_component_lines
Spacer,style.asset.resource,no,不适用,本地资源或 AsyncImage HTTP(S)；无预览图回退,page_snapshot_component_lines
Spacer,style.asset.sha256,no,不适用,资源提取记录；格式转换后由资源 provenance 验证，不是绘制属性,build_target_phase_consumption_gate
Spacer,style.asset.width_px,no,不适用,可记录源像素尺寸；单输入渲染必须有逻辑尺寸，不能直接按 px 布局,build_target_phase_consumption_gate
Spacer,style.asset.height_px,no,不适用,可记录源像素尺寸；不能当作 dp 使用,build_target_phase_consumption_gate
Spacer,style.asset.width_dp,no,不适用,资源本征尺寸，不是控件硬宽度,page_snapshot_intrinsic_image_lines
Spacer,style.asset.height_dp,no,不适用,资源本征尺寸，不是控件硬高度,page_snapshot_intrinsic_image_lines
Spacer,style.asset.content_scale,no,不适用,fit/crop/fill/inside/none; 未指定尺寸时需可验证本征测量,page_snapshot_intrinsic_image_lines / page_snapshot_component_lines
Spacer,style.asset.tint,no,不适用,显式 tint/ColorFilter.tint；仅支持当前颜色滤镜映射,page_snapshot_component_lines
Spacer,style.transform.translation_x_dp,yes,条件,运行/页面事实；源码 offset 单独走 layoutRules，混合变换阻断,page_snapshot_component_lines
Spacer,style.transform.translation_y_dp,yes,条件,运行/页面事实；源码 offset 单独走 layoutRules，混合变换阻断,page_snapshot_component_lines
Spacer,style.transform.scale_x,yes,条件,scale 常量；graphicsLayer/自定义原点/顺序组合未支持,page_snapshot_component_lines
Spacer,style.transform.scale_y,yes,条件,scale 常量；不推算未知表达式,page_snapshot_component_lines
Spacer,style.transform.rotation_degrees,yes,条件,rotate 常量；默认中心原点,page_snapshot_component_lines
Spacer,style.state.visible,yes,条件,显式布尔页面状态；消失不占位，不等于完整动画状态机,page_snapshot_component_lines
Spacer,style.state.refreshing,no,不适用,isRefreshing 固定布尔状态；Box 叠加原生 LoadingProgress，动画外观近似，不包含刷新业务回调,page_snapshot_component_lines
Spacer,style.state.enabled,yes,已实现,显式布尔优先于默认值；动态未知值不填 true,page_snapshot_component_lines
Spacer,style.state.selected,no,不适用,RadioButton 的明确选中态；不代表任意容器都有选中样式,page_snapshot_component_lines
Spacer,style.state.checked,no,不适用,Checkbox/Switch 的明确布尔状态；缺失或动态未解析阻断,page_snapshot_component_lines
Spacer,style.state.clickable,yes,业务边界,只记录入口元数据；UI 渲染不产生业务 onClick，另走 behavior contract,build_target_phase_consumption_gate
Spacer,style.content.text,no,不适用,text/value/已解析资源；Button 文本在子 Text 实际消费,page_snapshot_component_lines
Spacer,style.content.placeholder,no,不适用,纯文字提示；复杂 slot/浮动 label 不等同 placeholder,page_snapshot_component_lines
Spacer,style.content.content_description,yes,已实现,contentDescription; 显式 null 不设置,page_snapshot_component_lines
Spacer,style.content.role,yes,证据,用于页面语义匹配，不代表已实现对应业务,build_target_phase_consumption_gate
Spacer,style.content.locale,no,不适用,可存储/采集；未单独消费，非空时阻断,build_target_phase_consumption_gate
Spacer,style.input.single_line,no,不适用,显式布尔；源码省略按 Compose 多行默认；TextInput/TextArea 原生分流,page_snapshot_component_lines
Spacer,style.input.read_only,no,不适用,显式布尔；禁止软键盘及内容修改，保留选中；API 20+,page_snapshot_component_lines
Spacer,style.input.password,no,不适用,标准 PasswordVisualTransformation/None；多行密码、自定义字符变换阻断,page_snapshot_component_lines
Spacer,style.input.keyboard_type,no,不适用,Text/Number/Phone/Email/Uri/Decimal/Password/NumberPassword；不等同内容校验,page_snapshot_component_lines
Spacer,style.input.ime_action,no,不适用,键盘动作枚举；Previous/单行 None 阻断；业务提交回调另走 contract,page_snapshot_component_lines
Spacer,style.typography.soft_wrap,no,不适用,显式布尔；false 支持不含硬换行的单段文字，硬换行逐段渲染未支持,page_snapshot_component_lines
Spacer,style.typography.min_lines,no,不适用,1 为原生默认；多行 Text 使用已验证字体运行时 metrics，复杂约束/输入框多行最低行数阻断,page_snapshot_component_lines
Spacer,style.control.value,no,不适用,明确 value/progress；不使用样例数值；UI 当前态不等同业务订阅,page_snapshot_component_lines
Spacer,style.control.minimum,no,不适用,Slider valueRange 或明确默认 0；进度固定 0..1,page_snapshot_component_lines
Spacer,style.control.maximum,no,不适用,Slider valueRange 或明确默认 1；上限必须大于下限,page_snapshot_component_lines
Spacer,style.control.steps,no,不适用,离散 steps 转 (max-min)/(steps+1)；连续型与小于平台最小步长阻断,page_snapshot_component_lines
Spacer,style.control.active_color,no,不适用,显式 color 常量或刷新指示器主题色，作用于轨迹/分隔线而非文字,page_snapshot_component_lines
Spacer,style.control.inactive_color,no,不适用,显式 trackColor 常量或刷新指示器主题背景,page_snapshot_component_lines
Spacer,style.control.stroke_width_dp,no,不适用,常量 thickness/strokeWidth；分隔线默认1dp,page_snapshot_component_lines
Checkbox,structure.type,yes,已实现,SourceTree/lanhu_layer,page_snapshot_component_lines
Checkbox,structure.parent_id,yes,已实现,SourceTree/lanhu_layer,page_snapshot_component_lines
Checkbox,structure.children_ids,yes,已实现,SourceTree/lanhu_layer,page_snapshot_component_lines
Checkbox,structure.sibling_index,yes,已实现,SourceTree/lanhu_layer,page_snapshot_component_lines
Checkbox,style.layout.padding_dp,yes,条件,expand_ordered_layout_modifiers 保留纯常量 padding/size/width/height 嵌套；交织绘制/重复同轴尺寸阻断,page_snapshot_component_lines
Checkbox,style.layout.margin_dp,yes,条件,运行测量/页面事实；Compose 没有通用 margin 参数,page_snapshot_component_lines
Checkbox,style.layout.layout_direction,yes,条件,页面事实；CompositionLocal 的上下文解析未全覆盖,page_snapshot_component_lines
Checkbox,style.layout.z_index,yes,条件,zIndex 走 layoutRules；该字段来自运行/页面事实,page_snapshot_component_lines
Checkbox,style.layout.alignment,no,不适用,contentAlignment/horizontalAlignment/verticalAlignment; 枚举,page_snapshot_container_alignment_lines
Checkbox,style.layout.horizontal_arrangement,no,不适用,Arrangement + 常量 spacedBy,page_snapshot_container_alignment_lines
Checkbox,style.layout.vertical_arrangement,no,不适用,Arrangement + 常量 spacedBy,page_snapshot_container_alignment_lines
Checkbox,style.layout.aspect_ratio,yes,已实现,aspectRatio 常量；不猜动态表达式,page_snapshot_component_lines
Checkbox,style.layout.width_dp,yes,条件,width/size; 无显式值使用原生测量，不用参考 frame,page_snapshot_dimension_lines
Checkbox,style.layout.height_dp,yes,条件,height/size; 无显式值使用原生测量，不用参考 frame,page_snapshot_dimension_lines
Checkbox,style.surface.background,yes,条件,solid/null、水平/垂直 Clamp 渐变；未知端点/径向/图片背景阻断,page_snapshot_component_lines
Checkbox,style.surface.corner_radius_dp,yes,条件,四角事实；AbsoluteRoundedCornerShape、统一圆角；方向未知的非对称 Start/End 阻断,page_snapshot_component_lines
Checkbox,style.surface.corner_sizes,yes,条件,带单位四角：dp/px/percent；百分比依赖原生测量的较短边；方向未知的非对称 Start/End 未解析,page_snapshot_component_lines
Checkbox,style.surface.border,yes,条件,统一 solid/dashed/dotted/none；单边、自定义 dash 阻断,page_snapshot_component_lines
Checkbox,style.surface.shadows,yes,近似,单阴影且 spread=0；Android elevation 转换仍是近似；多阴影阻断,page_snapshot_component_lines
Checkbox,style.surface.alpha,yes,已实现,alpha 常量 0..1,page_snapshot_component_lines
Checkbox,style.surface.clip,yes,条件,矩形/圆角；自定义 Path 未支持,page_snapshot_component_lines
Checkbox,style.typography.font_size_sp,no,不适用,Text/TextStyle 常量或已解析主题；字体缩放由运行平台消费,page_snapshot_component_lines
Checkbox,style.typography.font_weight,no,不适用,FontWeight 常量/已解析主题,page_snapshot_component_lines
Checkbox,style.typography.font_style,no,不适用,FontStyle.Normal/Italic; 未知值 unresolved,page_snapshot_component_lines
Checkbox,style.typography.font_family,no,不适用,仅已校验字体资产或声明的系统字体,load_page_font_faces / page_snapshot_component_lines
Checkbox,style.typography.letter_spacing_sp,no,不适用,letterSpacing 常量 sp；支持负数,page_snapshot_component_lines
Checkbox,style.typography.line_height_sp,no,不适用,常量/主题；自定义 LineHeightStyle、低于自然行高未证明等价,page_snapshot_component_lines
Checkbox,style.typography.text_align,no,不适用,Start/Center/End/Justify,page_snapshot_component_lines
Checkbox,style.typography.max_lines,no,不适用,正整数；TextInput 与多行 TextArea 不是同一控件,page_snapshot_component_lines
Checkbox,style.typography.overflow,no,不适用,clip/ellipsis；visible 未支持并阻断；两类 ArkUI 签名分开,page_snapshot_component_lines
Checkbox,style.typography.color,no,不适用,明确颜色或已解析主题；容器颜色需实际下传到文字,page_snapshot_component_lines
Checkbox,style.typography.decoration,no,不适用,none/underline/line_through,page_snapshot_component_lines
Checkbox,style.asset.resource,no,不适用,本地资源或 AsyncImage HTTP(S)；无预览图回退,page_snapshot_component_lines
Checkbox,style.asset.sha256,no,不适用,资源提取记录；格式转换后由资源 provenance 验证，不是绘制属性,build_target_phase_consumption_gate
Checkbox,style.asset.width_px,no,不适用,可记录源像素尺寸；单输入渲染必须有逻辑尺寸，不能直接按 px 布局,build_target_phase_consumption_gate
Checkbox,style.asset.height_px,no,不适用,可记录源像素尺寸；不能当作 dp 使用,build_target_phase_consumption_gate
Checkbox,style.asset.width_dp,no,不适用,资源本征尺寸，不是控件硬宽度,page_snapshot_intrinsic_image_lines
Checkbox,style.asset.height_dp,no,不适用,资源本征尺寸，不是控件硬高度,page_snapshot_intrinsic_image_lines
Checkbox,style.asset.content_scale,no,不适用,fit/crop/fill/inside/none; 未指定尺寸时需可验证本征测量,page_snapshot_intrinsic_image_lines / page_snapshot_component_lines
Checkbox,style.asset.tint,no,不适用,显式 tint/ColorFilter.tint；仅支持当前颜色滤镜映射,page_snapshot_component_lines
Checkbox,style.transform.translation_x_dp,yes,条件,运行/页面事实；源码 offset 单独走 layoutRules，混合变换阻断,page_snapshot_component_lines
Checkbox,style.transform.translation_y_dp,yes,条件,运行/页面事实；源码 offset 单独走 layoutRules，混合变换阻断,page_snapshot_component_lines
Checkbox,style.transform.scale_x,yes,条件,scale 常量；graphicsLayer/自定义原点/顺序组合未支持,page_snapshot_component_lines
Checkbox,style.transform.scale_y,yes,条件,scale 常量；不推算未知表达式,page_snapshot_component_lines
Checkbox,style.transform.rotation_degrees,yes,条件,rotate 常量；默认中心原点,page_snapshot_component_lines
Checkbox,style.state.visible,yes,条件,显式布尔页面状态；消失不占位，不等于完整动画状态机,page_snapshot_component_lines
Checkbox,style.state.refreshing,no,不适用,isRefreshing 固定布尔状态；Box 叠加原生 LoadingProgress，动画外观近似，不包含刷新业务回调,page_snapshot_component_lines
Checkbox,style.state.enabled,yes,已实现,显式布尔优先于默认值；动态未知值不填 true,page_snapshot_component_lines
Checkbox,style.state.selected,yes,条件,RadioButton 的明确选中态；不代表任意容器都有选中样式,page_snapshot_component_lines
Checkbox,style.state.checked,yes,条件,Checkbox/Switch 的明确布尔状态；缺失或动态未解析阻断,page_snapshot_component_lines
Checkbox,style.state.clickable,yes,业务边界,只记录入口元数据；UI 渲染不产生业务 onClick，另走 behavior contract,build_target_phase_consumption_gate
Checkbox,style.content.text,no,不适用,text/value/已解析资源；Button 文本在子 Text 实际消费,page_snapshot_component_lines
Checkbox,style.content.placeholder,no,不适用,纯文字提示；复杂 slot/浮动 label 不等同 placeholder,page_snapshot_component_lines
Checkbox,style.content.content_description,yes,已实现,contentDescription; 显式 null 不设置,page_snapshot_component_lines
Checkbox,style.content.role,yes,证据,用于页面语义匹配，不代表已实现对应业务,build_target_phase_consumption_gate
Checkbox,style.content.locale,no,不适用,可存储/采集；未单独消费，非空时阻断,build_target_phase_consumption_gate
Checkbox,style.input.single_line,no,不适用,显式布尔；源码省略按 Compose 多行默认；TextInput/TextArea 原生分流,page_snapshot_component_lines
Checkbox,style.input.read_only,no,不适用,显式布尔；禁止软键盘及内容修改，保留选中；API 20+,page_snapshot_component_lines
Checkbox,style.input.password,no,不适用,标准 PasswordVisualTransformation/None；多行密码、自定义字符变换阻断,page_snapshot_component_lines
Checkbox,style.input.keyboard_type,no,不适用,Text/Number/Phone/Email/Uri/Decimal/Password/NumberPassword；不等同内容校验,page_snapshot_component_lines
Checkbox,style.input.ime_action,no,不适用,键盘动作枚举；Previous/单行 None 阻断；业务提交回调另走 contract,page_snapshot_component_lines
Checkbox,style.typography.soft_wrap,no,不适用,显式布尔；false 支持不含硬换行的单段文字，硬换行逐段渲染未支持,page_snapshot_component_lines
Checkbox,style.typography.min_lines,no,不适用,1 为原生默认；多行 Text 使用已验证字体运行时 metrics，复杂约束/输入框多行最低行数阻断,page_snapshot_component_lines
Checkbox,style.control.value,no,不适用,明确 value/progress；不使用样例数值；UI 当前态不等同业务订阅,page_snapshot_component_lines
Checkbox,style.control.minimum,no,不适用,Slider valueRange 或明确默认 0；进度固定 0..1,page_snapshot_component_lines
Checkbox,style.control.maximum,no,不适用,Slider valueRange 或明确默认 1；上限必须大于下限,page_snapshot_component_lines
Checkbox,style.control.steps,no,不适用,离散 steps 转 (max-min)/(steps+1)；连续型与小于平台最小步长阻断,page_snapshot_component_lines
Checkbox,style.control.active_color,no,不适用,显式 color 常量或刷新指示器主题色，作用于轨迹/分隔线而非文字,page_snapshot_component_lines
Checkbox,style.control.inactive_color,no,不适用,显式 trackColor 常量或刷新指示器主题背景,page_snapshot_component_lines
Checkbox,style.control.stroke_width_dp,no,不适用,常量 thickness/strokeWidth；分隔线默认1dp,page_snapshot_component_lines
Switch,structure.type,yes,已实现,SourceTree/lanhu_layer,page_snapshot_component_lines
Switch,structure.parent_id,yes,已实现,SourceTree/lanhu_layer,page_snapshot_component_lines
Switch,structure.children_ids,yes,已实现,SourceTree/lanhu_layer,page_snapshot_component_lines
Switch,structure.sibling_index,yes,已实现,SourceTree/lanhu_layer,page_snapshot_component_lines
Switch,style.layout.padding_dp,yes,条件,expand_ordered_layout_modifiers 保留纯常量 padding/size/width/height 嵌套；交织绘制/重复同轴尺寸阻断,page_snapshot_component_lines
Switch,style.layout.margin_dp,yes,条件,运行测量/页面事实；Compose 没有通用 margin 参数,page_snapshot_component_lines
Switch,style.layout.layout_direction,yes,条件,页面事实；CompositionLocal 的上下文解析未全覆盖,page_snapshot_component_lines
Switch,style.layout.z_index,yes,条件,zIndex 走 layoutRules；该字段来自运行/页面事实,page_snapshot_component_lines
Switch,style.layout.alignment,no,不适用,contentAlignment/horizontalAlignment/verticalAlignment; 枚举,page_snapshot_container_alignment_lines
Switch,style.layout.horizontal_arrangement,no,不适用,Arrangement + 常量 spacedBy,page_snapshot_container_alignment_lines
Switch,style.layout.vertical_arrangement,no,不适用,Arrangement + 常量 spacedBy,page_snapshot_container_alignment_lines
Switch,style.layout.aspect_ratio,yes,已实现,aspectRatio 常量；不猜动态表达式,page_snapshot_component_lines
Switch,style.layout.width_dp,yes,条件,width/size; 无显式值使用原生测量，不用参考 frame,page_snapshot_dimension_lines
Switch,style.layout.height_dp,yes,条件,height/size; 无显式值使用原生测量，不用参考 frame,page_snapshot_dimension_lines
Switch,style.surface.background,yes,条件,solid/null、水平/垂直 Clamp 渐变；未知端点/径向/图片背景阻断,page_snapshot_component_lines
Switch,style.surface.corner_radius_dp,yes,条件,四角事实；AbsoluteRoundedCornerShape、统一圆角；方向未知的非对称 Start/End 阻断,page_snapshot_component_lines
Switch,style.surface.corner_sizes,yes,条件,带单位四角：dp/px/percent；百分比依赖原生测量的较短边；方向未知的非对称 Start/End 未解析,page_snapshot_component_lines
Switch,style.surface.border,yes,条件,统一 solid/dashed/dotted/none；单边、自定义 dash 阻断,page_snapshot_component_lines
Switch,style.surface.shadows,yes,近似,单阴影且 spread=0；Android elevation 转换仍是近似；多阴影阻断,page_snapshot_component_lines
Switch,style.surface.alpha,yes,已实现,alpha 常量 0..1,page_snapshot_component_lines
Switch,style.surface.clip,yes,条件,矩形/圆角；自定义 Path 未支持,page_snapshot_component_lines
Switch,style.typography.font_size_sp,no,不适用,Text/TextStyle 常量或已解析主题；字体缩放由运行平台消费,page_snapshot_component_lines
Switch,style.typography.font_weight,no,不适用,FontWeight 常量/已解析主题,page_snapshot_component_lines
Switch,style.typography.font_style,no,不适用,FontStyle.Normal/Italic; 未知值 unresolved,page_snapshot_component_lines
Switch,style.typography.font_family,no,不适用,仅已校验字体资产或声明的系统字体,load_page_font_faces / page_snapshot_component_lines
Switch,style.typography.letter_spacing_sp,no,不适用,letterSpacing 常量 sp；支持负数,page_snapshot_component_lines
Switch,style.typography.line_height_sp,no,不适用,常量/主题；自定义 LineHeightStyle、低于自然行高未证明等价,page_snapshot_component_lines
Switch,style.typography.text_align,no,不适用,Start/Center/End/Justify,page_snapshot_component_lines
Switch,style.typography.max_lines,no,不适用,正整数；TextInput 与多行 TextArea 不是同一控件,page_snapshot_component_lines
Switch,style.typography.overflow,no,不适用,clip/ellipsis；visible 未支持并阻断；两类 ArkUI 签名分开,page_snapshot_component_lines
Switch,style.typography.color,no,不适用,明确颜色或已解析主题；容器颜色需实际下传到文字,page_snapshot_component_lines
Switch,style.typography.decoration,no,不适用,none/underline/line_through,page_snapshot_component_lines
Switch,style.asset.resource,no,不适用,本地资源或 AsyncImage HTTP(S)；无预览图回退,page_snapshot_component_lines
Switch,style.asset.sha256,no,不适用,资源提取记录；格式转换后由资源 provenance 验证，不是绘制属性,build_target_phase_consumption_gate
Switch,style.asset.width_px,no,不适用,可记录源像素尺寸；单输入渲染必须有逻辑尺寸，不能直接按 px 布局,build_target_phase_consumption_gate
Switch,style.asset.height_px,no,不适用,可记录源像素尺寸；不能当作 dp 使用,build_target_phase_consumption_gate
Switch,style.asset.width_dp,no,不适用,资源本征尺寸，不是控件硬宽度,page_snapshot_intrinsic_image_lines
Switch,style.asset.height_dp,no,不适用,资源本征尺寸，不是控件硬高度,page_snapshot_intrinsic_image_lines
Switch,style.asset.content_scale,no,不适用,fit/crop/fill/inside/none; 未指定尺寸时需可验证本征测量,page_snapshot_intrinsic_image_lines / page_snapshot_component_lines
Switch,style.asset.tint,no,不适用,显式 tint/ColorFilter.tint；仅支持当前颜色滤镜映射,page_snapshot_component_lines
Switch,style.transform.translation_x_dp,yes,条件,运行/页面事实；源码 offset 单独走 layoutRules，混合变换阻断,page_snapshot_component_lines
Switch,style.transform.translation_y_dp,yes,条件,运行/页面事实；源码 offset 单独走 layoutRules，混合变换阻断,page_snapshot_component_lines
Switch,style.transform.scale_x,yes,条件,scale 常量；graphicsLayer/自定义原点/顺序组合未支持,page_snapshot_component_lines
Switch,style.transform.scale_y,yes,条件,scale 常量；不推算未知表达式,page_snapshot_component_lines
Switch,style.transform.rotation_degrees,yes,条件,rotate 常量；默认中心原点,page_snapshot_component_lines
Switch,style.state.visible,yes,条件,显式布尔页面状态；消失不占位，不等于完整动画状态机,page_snapshot_component_lines
Switch,style.state.refreshing,no,不适用,isRefreshing 固定布尔状态；Box 叠加原生 LoadingProgress，动画外观近似，不包含刷新业务回调,page_snapshot_component_lines
Switch,style.state.enabled,yes,已实现,显式布尔优先于默认值；动态未知值不填 true,page_snapshot_component_lines
Switch,style.state.selected,yes,条件,RadioButton 的明确选中态；不代表任意容器都有选中样式,page_snapshot_component_lines
Switch,style.state.checked,yes,条件,Checkbox/Switch 的明确布尔状态；缺失或动态未解析阻断,page_snapshot_component_lines
Switch,style.state.clickable,yes,业务边界,只记录入口元数据；UI 渲染不产生业务 onClick，另走 behavior contract,build_target_phase_consumption_gate
Switch,style.content.text,no,不适用,text/value/已解析资源；Button 文本在子 Text 实际消费,page_snapshot_component_lines
Switch,style.content.placeholder,no,不适用,纯文字提示；复杂 slot/浮动 label 不等同 placeholder,page_snapshot_component_lines
Switch,style.content.content_description,yes,已实现,contentDescription; 显式 null 不设置,page_snapshot_component_lines
Switch,style.content.role,yes,证据,用于页面语义匹配，不代表已实现对应业务,build_target_phase_consumption_gate
Switch,style.content.locale,no,不适用,可存储/采集；未单独消费，非空时阻断,build_target_phase_consumption_gate
Switch,style.input.single_line,no,不适用,显式布尔；源码省略按 Compose 多行默认；TextInput/TextArea 原生分流,page_snapshot_component_lines
Switch,style.input.read_only,no,不适用,显式布尔；禁止软键盘及内容修改，保留选中；API 20+,page_snapshot_component_lines
Switch,style.input.password,no,不适用,标准 PasswordVisualTransformation/None；多行密码、自定义字符变换阻断,page_snapshot_component_lines
Switch,style.input.keyboard_type,no,不适用,Text/Number/Phone/Email/Uri/Decimal/Password/NumberPassword；不等同内容校验,page_snapshot_component_lines
Switch,style.input.ime_action,no,不适用,键盘动作枚举；Previous/单行 None 阻断；业务提交回调另走 contract,page_snapshot_component_lines
Switch,style.typography.soft_wrap,no,不适用,显式布尔；false 支持不含硬换行的单段文字，硬换行逐段渲染未支持,page_snapshot_component_lines
Switch,style.typography.min_lines,no,不适用,1 为原生默认；多行 Text 使用已验证字体运行时 metrics，复杂约束/输入框多行最低行数阻断,page_snapshot_component_lines
Switch,style.control.value,no,不适用,明确 value/progress；不使用样例数值；UI 当前态不等同业务订阅,page_snapshot_component_lines
Switch,style.control.minimum,no,不适用,Slider valueRange 或明确默认 0；进度固定 0..1,page_snapshot_component_lines
Switch,style.control.maximum,no,不适用,Slider valueRange 或明确默认 1；上限必须大于下限,page_snapshot_component_lines
Switch,style.control.steps,no,不适用,离散 steps 转 (max-min)/(steps+1)；连续型与小于平台最小步长阻断,page_snapshot_component_lines
Switch,style.control.active_color,no,不适用,显式 color 常量或刷新指示器主题色，作用于轨迹/分隔线而非文字,page_snapshot_component_lines
Switch,style.control.inactive_color,no,不适用,显式 trackColor 常量或刷新指示器主题背景,page_snapshot_component_lines
Switch,style.control.stroke_width_dp,no,不适用,常量 thickness/strokeWidth；分隔线默认1dp,page_snapshot_component_lines
RadioButton,structure.type,yes,已实现,SourceTree/lanhu_layer,page_snapshot_component_lines
RadioButton,structure.parent_id,yes,已实现,SourceTree/lanhu_layer,page_snapshot_component_lines
RadioButton,structure.children_ids,yes,已实现,SourceTree/lanhu_layer,page_snapshot_component_lines
RadioButton,structure.sibling_index,yes,已实现,SourceTree/lanhu_layer,page_snapshot_component_lines
RadioButton,style.layout.padding_dp,yes,条件,expand_ordered_layout_modifiers 保留纯常量 padding/size/width/height 嵌套；交织绘制/重复同轴尺寸阻断,page_snapshot_component_lines
RadioButton,style.layout.margin_dp,yes,条件,运行测量/页面事实；Compose 没有通用 margin 参数,page_snapshot_component_lines
RadioButton,style.layout.layout_direction,yes,条件,页面事实；CompositionLocal 的上下文解析未全覆盖,page_snapshot_component_lines
RadioButton,style.layout.z_index,yes,条件,zIndex 走 layoutRules；该字段来自运行/页面事实,page_snapshot_component_lines
RadioButton,style.layout.alignment,no,不适用,contentAlignment/horizontalAlignment/verticalAlignment; 枚举,page_snapshot_container_alignment_lines
RadioButton,style.layout.horizontal_arrangement,no,不适用,Arrangement + 常量 spacedBy,page_snapshot_container_alignment_lines
RadioButton,style.layout.vertical_arrangement,no,不适用,Arrangement + 常量 spacedBy,page_snapshot_container_alignment_lines
RadioButton,style.layout.aspect_ratio,yes,已实现,aspectRatio 常量；不猜动态表达式,page_snapshot_component_lines
RadioButton,style.layout.width_dp,yes,条件,width/size; 无显式值使用原生测量，不用参考 frame,page_snapshot_dimension_lines
RadioButton,style.layout.height_dp,yes,条件,height/size; 无显式值使用原生测量，不用参考 frame,page_snapshot_dimension_lines
RadioButton,style.surface.background,yes,条件,solid/null、水平/垂直 Clamp 渐变；未知端点/径向/图片背景阻断,page_snapshot_component_lines
RadioButton,style.surface.corner_radius_dp,yes,条件,四角事实；AbsoluteRoundedCornerShape、统一圆角；方向未知的非对称 Start/End 阻断,page_snapshot_component_lines
RadioButton,style.surface.corner_sizes,yes,条件,带单位四角：dp/px/percent；百分比依赖原生测量的较短边；方向未知的非对称 Start/End 未解析,page_snapshot_component_lines
RadioButton,style.surface.border,yes,条件,统一 solid/dashed/dotted/none；单边、自定义 dash 阻断,page_snapshot_component_lines
RadioButton,style.surface.shadows,yes,近似,单阴影且 spread=0；Android elevation 转换仍是近似；多阴影阻断,page_snapshot_component_lines
RadioButton,style.surface.alpha,yes,已实现,alpha 常量 0..1,page_snapshot_component_lines
RadioButton,style.surface.clip,yes,条件,矩形/圆角；自定义 Path 未支持,page_snapshot_component_lines
RadioButton,style.typography.font_size_sp,no,不适用,Text/TextStyle 常量或已解析主题；字体缩放由运行平台消费,page_snapshot_component_lines
RadioButton,style.typography.font_weight,no,不适用,FontWeight 常量/已解析主题,page_snapshot_component_lines
RadioButton,style.typography.font_style,no,不适用,FontStyle.Normal/Italic; 未知值 unresolved,page_snapshot_component_lines
RadioButton,style.typography.font_family,no,不适用,仅已校验字体资产或声明的系统字体,load_page_font_faces / page_snapshot_component_lines
RadioButton,style.typography.letter_spacing_sp,no,不适用,letterSpacing 常量 sp；支持负数,page_snapshot_component_lines
RadioButton,style.typography.line_height_sp,no,不适用,常量/主题；自定义 LineHeightStyle、低于自然行高未证明等价,page_snapshot_component_lines
RadioButton,style.typography.text_align,no,不适用,Start/Center/End/Justify,page_snapshot_component_lines
RadioButton,style.typography.max_lines,no,不适用,正整数；TextInput 与多行 TextArea 不是同一控件,page_snapshot_component_lines
RadioButton,style.typography.overflow,no,不适用,clip/ellipsis；visible 未支持并阻断；两类 ArkUI 签名分开,page_snapshot_component_lines
RadioButton,style.typography.color,no,不适用,明确颜色或已解析主题；容器颜色需实际下传到文字,page_snapshot_component_lines
RadioButton,style.typography.decoration,no,不适用,none/underline/line_through,page_snapshot_component_lines
RadioButton,style.asset.resource,no,不适用,本地资源或 AsyncImage HTTP(S)；无预览图回退,page_snapshot_component_lines
RadioButton,style.asset.sha256,no,不适用,资源提取记录；格式转换后由资源 provenance 验证，不是绘制属性,build_target_phase_consumption_gate
RadioButton,style.asset.width_px,no,不适用,可记录源像素尺寸；单输入渲染必须有逻辑尺寸，不能直接按 px 布局,build_target_phase_consumption_gate
RadioButton,style.asset.height_px,no,不适用,可记录源像素尺寸；不能当作 dp 使用,build_target_phase_consumption_gate
RadioButton,style.asset.width_dp,no,不适用,资源本征尺寸，不是控件硬宽度,page_snapshot_intrinsic_image_lines
RadioButton,style.asset.height_dp,no,不适用,资源本征尺寸，不是控件硬高度,page_snapshot_intrinsic_image_lines
RadioButton,style.asset.content_scale,no,不适用,fit/crop/fill/inside/none; 未指定尺寸时需可验证本征测量,page_snapshot_intrinsic_image_lines / page_snapshot_component_lines
RadioButton,style.asset.tint,no,不适用,显式 tint/ColorFilter.tint；仅支持当前颜色滤镜映射,page_snapshot_component_lines
RadioButton,style.transform.translation_x_dp,yes,条件,运行/页面事实；源码 offset 单独走 layoutRules，混合变换阻断,page_snapshot_component_lines
RadioButton,style.transform.translation_y_dp,yes,条件,运行/页面事实；源码 offset 单独走 layoutRules，混合变换阻断,page_snapshot_component_lines
RadioButton,style.transform.scale_x,yes,条件,scale 常量；graphicsLayer/自定义原点/顺序组合未支持,page_snapshot_component_lines
RadioButton,style.transform.scale_y,yes,条件,scale 常量；不推算未知表达式,page_snapshot_component_lines
RadioButton,style.transform.rotation_degrees,yes,条件,rotate 常量；默认中心原点,page_snapshot_component_lines
RadioButton,style.state.visible,yes,条件,显式布尔页面状态；消失不占位，不等于完整动画状态机,page_snapshot_component_lines
RadioButton,style.state.refreshing,no,不适用,isRefreshing 固定布尔状态；Box 叠加原生 LoadingProgress，动画外观近似，不包含刷新业务回调,page_snapshot_component_lines
RadioButton,style.state.enabled,yes,已实现,显式布尔优先于默认值；动态未知值不填 true,page_snapshot_component_lines
RadioButton,style.state.selected,yes,条件,RadioButton 的明确选中态；不代表任意容器都有选中样式,page_snapshot_component_lines
RadioButton,style.state.checked,yes,条件,Checkbox/Switch 的明确布尔状态；缺失或动态未解析阻断,page_snapshot_component_lines
RadioButton,style.state.clickable,yes,业务边界,只记录入口元数据；UI 渲染不产生业务 onClick，另走 behavior contract,build_target_phase_consumption_gate
RadioButton,style.content.text,no,不适用,text/value/已解析资源；Button 文本在子 Text 实际消费,page_snapshot_component_lines
RadioButton,style.content.placeholder,no,不适用,纯文字提示；复杂 slot/浮动 label 不等同 placeholder,page_snapshot_component_lines
RadioButton,style.content.content_description,yes,已实现,contentDescription; 显式 null 不设置,page_snapshot_component_lines
RadioButton,style.content.role,yes,证据,用于页面语义匹配，不代表已实现对应业务,build_target_phase_consumption_gate
RadioButton,style.content.locale,no,不适用,可存储/采集；未单独消费，非空时阻断,build_target_phase_consumption_gate
RadioButton,style.input.single_line,no,不适用,显式布尔；源码省略按 Compose 多行默认；TextInput/TextArea 原生分流,page_snapshot_component_lines
RadioButton,style.input.read_only,no,不适用,显式布尔；禁止软键盘及内容修改，保留选中；API 20+,page_snapshot_component_lines
RadioButton,style.input.password,no,不适用,标准 PasswordVisualTransformation/None；多行密码、自定义字符变换阻断,page_snapshot_component_lines
RadioButton,style.input.keyboard_type,no,不适用,Text/Number/Phone/Email/Uri/Decimal/Password/NumberPassword；不等同内容校验,page_snapshot_component_lines
RadioButton,style.input.ime_action,no,不适用,键盘动作枚举；Previous/单行 None 阻断；业务提交回调另走 contract,page_snapshot_component_lines
RadioButton,style.typography.soft_wrap,no,不适用,显式布尔；false 支持不含硬换行的单段文字，硬换行逐段渲染未支持,page_snapshot_component_lines
RadioButton,style.typography.min_lines,no,不适用,1 为原生默认；多行 Text 使用已验证字体运行时 metrics，复杂约束/输入框多行最低行数阻断,page_snapshot_component_lines
RadioButton,style.control.value,no,不适用,明确 value/progress；不使用样例数值；UI 当前态不等同业务订阅,page_snapshot_component_lines
RadioButton,style.control.minimum,no,不适用,Slider valueRange 或明确默认 0；进度固定 0..1,page_snapshot_component_lines
RadioButton,style.control.maximum,no,不适用,Slider valueRange 或明确默认 1；上限必须大于下限,page_snapshot_component_lines
RadioButton,style.control.steps,no,不适用,离散 steps 转 (max-min)/(steps+1)；连续型与小于平台最小步长阻断,page_snapshot_component_lines
RadioButton,style.control.active_color,no,不适用,显式 color 常量或刷新指示器主题色，作用于轨迹/分隔线而非文字,page_snapshot_component_lines
RadioButton,style.control.inactive_color,no,不适用,显式 trackColor 常量或刷新指示器主题背景,page_snapshot_component_lines
RadioButton,style.control.stroke_width_dp,no,不适用,常量 thickness/strokeWidth；分隔线默认1dp,page_snapshot_component_lines
Slider,structure.type,yes,已实现,SourceTree/lanhu_layer,page_snapshot_component_lines
Slider,structure.parent_id,yes,已实现,SourceTree/lanhu_layer,page_snapshot_component_lines
Slider,structure.children_ids,yes,已实现,SourceTree/lanhu_layer,page_snapshot_component_lines
Slider,structure.sibling_index,yes,已实现,SourceTree/lanhu_layer,page_snapshot_component_lines
Slider,style.layout.padding_dp,yes,条件,expand_ordered_layout_modifiers 保留纯常量 padding/size/width/height 嵌套；交织绘制/重复同轴尺寸阻断,page_snapshot_component_lines
Slider,style.layout.margin_dp,yes,条件,运行测量/页面事实；Compose 没有通用 margin 参数,page_snapshot_component_lines
Slider,style.layout.layout_direction,yes,条件,页面事实；CompositionLocal 的上下文解析未全覆盖,page_snapshot_component_lines
Slider,style.layout.z_index,yes,条件,zIndex 走 layoutRules；该字段来自运行/页面事实,page_snapshot_component_lines
Slider,style.layout.alignment,no,不适用,contentAlignment/horizontalAlignment/verticalAlignment; 枚举,page_snapshot_container_alignment_lines
Slider,style.layout.horizontal_arrangement,no,不适用,Arrangement + 常量 spacedBy,page_snapshot_container_alignment_lines
Slider,style.layout.vertical_arrangement,no,不适用,Arrangement + 常量 spacedBy,page_snapshot_container_alignment_lines
Slider,style.layout.aspect_ratio,yes,已实现,aspectRatio 常量；不猜动态表达式,page_snapshot_component_lines
Slider,style.layout.width_dp,yes,条件,width/size; 无显式值使用原生测量，不用参考 frame,page_snapshot_dimension_lines
Slider,style.layout.height_dp,yes,条件,height/size; 无显式值使用原生测量，不用参考 frame,page_snapshot_dimension_lines
Slider,style.surface.background,yes,条件,solid/null、水平/垂直 Clamp 渐变；未知端点/径向/图片背景阻断,page_snapshot_component_lines
Slider,style.surface.corner_radius_dp,yes,条件,四角事实；AbsoluteRoundedCornerShape、统一圆角；方向未知的非对称 Start/End 阻断,page_snapshot_component_lines
Slider,style.surface.corner_sizes,yes,条件,带单位四角：dp/px/percent；百分比依赖原生测量的较短边；方向未知的非对称 Start/End 未解析,page_snapshot_component_lines
Slider,style.surface.border,yes,条件,统一 solid/dashed/dotted/none；单边、自定义 dash 阻断,page_snapshot_component_lines
Slider,style.surface.shadows,yes,近似,单阴影且 spread=0；Android elevation 转换仍是近似；多阴影阻断,page_snapshot_component_lines
Slider,style.surface.alpha,yes,已实现,alpha 常量 0..1,page_snapshot_component_lines
Slider,style.surface.clip,yes,条件,矩形/圆角；自定义 Path 未支持,page_snapshot_component_lines
Slider,style.typography.font_size_sp,no,不适用,Text/TextStyle 常量或已解析主题；字体缩放由运行平台消费,page_snapshot_component_lines
Slider,style.typography.font_weight,no,不适用,FontWeight 常量/已解析主题,page_snapshot_component_lines
Slider,style.typography.font_style,no,不适用,FontStyle.Normal/Italic; 未知值 unresolved,page_snapshot_component_lines
Slider,style.typography.font_family,no,不适用,仅已校验字体资产或声明的系统字体,load_page_font_faces / page_snapshot_component_lines
Slider,style.typography.letter_spacing_sp,no,不适用,letterSpacing 常量 sp；支持负数,page_snapshot_component_lines
Slider,style.typography.line_height_sp,no,不适用,常量/主题；自定义 LineHeightStyle、低于自然行高未证明等价,page_snapshot_component_lines
Slider,style.typography.text_align,no,不适用,Start/Center/End/Justify,page_snapshot_component_lines
Slider,style.typography.max_lines,no,不适用,正整数；TextInput 与多行 TextArea 不是同一控件,page_snapshot_component_lines
Slider,style.typography.overflow,no,不适用,clip/ellipsis；visible 未支持并阻断；两类 ArkUI 签名分开,page_snapshot_component_lines
Slider,style.typography.color,no,不适用,明确颜色或已解析主题；容器颜色需实际下传到文字,page_snapshot_component_lines
Slider,style.typography.decoration,no,不适用,none/underline/line_through,page_snapshot_component_lines
Slider,style.asset.resource,no,不适用,本地资源或 AsyncImage HTTP(S)；无预览图回退,page_snapshot_component_lines
Slider,style.asset.sha256,no,不适用,资源提取记录；格式转换后由资源 provenance 验证，不是绘制属性,build_target_phase_consumption_gate
Slider,style.asset.width_px,no,不适用,可记录源像素尺寸；单输入渲染必须有逻辑尺寸，不能直接按 px 布局,build_target_phase_consumption_gate
Slider,style.asset.height_px,no,不适用,可记录源像素尺寸；不能当作 dp 使用,build_target_phase_consumption_gate
Slider,style.asset.width_dp,no,不适用,资源本征尺寸，不是控件硬宽度,page_snapshot_intrinsic_image_lines
Slider,style.asset.height_dp,no,不适用,资源本征尺寸，不是控件硬高度,page_snapshot_intrinsic_image_lines
Slider,style.asset.content_scale,no,不适用,fit/crop/fill/inside/none; 未指定尺寸时需可验证本征测量,page_snapshot_intrinsic_image_lines / page_snapshot_component_lines
Slider,style.asset.tint,no,不适用,显式 tint/ColorFilter.tint；仅支持当前颜色滤镜映射,page_snapshot_component_lines
Slider,style.transform.translation_x_dp,yes,条件,运行/页面事实；源码 offset 单独走 layoutRules，混合变换阻断,page_snapshot_component_lines
Slider,style.transform.translation_y_dp,yes,条件,运行/页面事实；源码 offset 单独走 layoutRules，混合变换阻断,page_snapshot_component_lines
Slider,style.transform.scale_x,yes,条件,scale 常量；graphicsLayer/自定义原点/顺序组合未支持,page_snapshot_component_lines
Slider,style.transform.scale_y,yes,条件,scale 常量；不推算未知表达式,page_snapshot_component_lines
Slider,style.transform.rotation_degrees,yes,条件,rotate 常量；默认中心原点,page_snapshot_component_lines
Slider,style.state.visible,yes,条件,显式布尔页面状态；消失不占位，不等于完整动画状态机,page_snapshot_component_lines
Slider,style.state.refreshing,no,不适用,isRefreshing 固定布尔状态；Box 叠加原生 LoadingProgress，动画外观近似，不包含刷新业务回调,page_snapshot_component_lines
Slider,style.state.enabled,yes,已实现,显式布尔优先于默认值；动态未知值不填 true,page_snapshot_component_lines
Slider,style.state.selected,no,不适用,RadioButton 的明确选中态；不代表任意容器都有选中样式,page_snapshot_component_lines
Slider,style.state.checked,no,不适用,Checkbox/Switch 的明确布尔状态；缺失或动态未解析阻断,page_snapshot_component_lines
Slider,style.state.clickable,yes,业务边界,只记录入口元数据；UI 渲染不产生业务 onClick，另走 behavior contract,build_target_phase_consumption_gate
Slider,style.content.text,no,不适用,text/value/已解析资源；Button 文本在子 Text 实际消费,page_snapshot_component_lines
Slider,style.content.placeholder,no,不适用,纯文字提示；复杂 slot/浮动 label 不等同 placeholder,page_snapshot_component_lines
Slider,style.content.content_description,yes,已实现,contentDescription; 显式 null 不设置,page_snapshot_component_lines
Slider,style.content.role,yes,证据,用于页面语义匹配，不代表已实现对应业务,build_target_phase_consumption_gate
Slider,style.content.locale,no,不适用,可存储/采集；未单独消费，非空时阻断,build_target_phase_consumption_gate
Slider,style.input.single_line,no,不适用,显式布尔；源码省略按 Compose 多行默认；TextInput/TextArea 原生分流,page_snapshot_component_lines
Slider,style.input.read_only,no,不适用,显式布尔；禁止软键盘及内容修改，保留选中；API 20+,page_snapshot_component_lines
Slider,style.input.password,no,不适用,标准 PasswordVisualTransformation/None；多行密码、自定义字符变换阻断,page_snapshot_component_lines
Slider,style.input.keyboard_type,no,不适用,Text/Number/Phone/Email/Uri/Decimal/Password/NumberPassword；不等同内容校验,page_snapshot_component_lines
Slider,style.input.ime_action,no,不适用,键盘动作枚举；Previous/单行 None 阻断；业务提交回调另走 contract,page_snapshot_component_lines
Slider,style.typography.soft_wrap,no,不适用,显式布尔；false 支持不含硬换行的单段文字，硬换行逐段渲染未支持,page_snapshot_component_lines
Slider,style.typography.min_lines,no,不适用,1 为原生默认；多行 Text 使用已验证字体运行时 metrics，复杂约束/输入框多行最低行数阻断,page_snapshot_component_lines
Slider,style.control.value,yes,条件,明确 value/progress；不使用样例数值；UI 当前态不等同业务订阅,page_snapshot_component_lines
Slider,style.control.minimum,yes,条件,Slider valueRange 或明确默认 0；进度固定 0..1,page_snapshot_component_lines
Slider,style.control.maximum,yes,条件,Slider valueRange 或明确默认 1；上限必须大于下限,page_snapshot_component_lines
Slider,style.control.steps,yes,条件,离散 steps 转 (max-min)/(steps+1)；连续型与小于平台最小步长阻断,page_snapshot_component_lines
Slider,style.control.active_color,no,不适用,显式 color 常量或刷新指示器主题色，作用于轨迹/分隔线而非文字,page_snapshot_component_lines
Slider,style.control.inactive_color,no,不适用,显式 trackColor 常量或刷新指示器主题背景,page_snapshot_component_lines
Slider,style.control.stroke_width_dp,no,不适用,常量 thickness/strokeWidth；分隔线默认1dp,page_snapshot_component_lines
LinearProgressIndicator,structure.type,yes,已实现,SourceTree/lanhu_layer,page_snapshot_component_lines
LinearProgressIndicator,structure.parent_id,yes,已实现,SourceTree/lanhu_layer,page_snapshot_component_lines
LinearProgressIndicator,structure.children_ids,yes,已实现,SourceTree/lanhu_layer,page_snapshot_component_lines
LinearProgressIndicator,structure.sibling_index,yes,已实现,SourceTree/lanhu_layer,page_snapshot_component_lines
LinearProgressIndicator,style.layout.padding_dp,yes,条件,expand_ordered_layout_modifiers 保留纯常量 padding/size/width/height 嵌套；交织绘制/重复同轴尺寸阻断,page_snapshot_component_lines
LinearProgressIndicator,style.layout.margin_dp,yes,条件,运行测量/页面事实；Compose 没有通用 margin 参数,page_snapshot_component_lines
LinearProgressIndicator,style.layout.layout_direction,yes,条件,页面事实；CompositionLocal 的上下文解析未全覆盖,page_snapshot_component_lines
LinearProgressIndicator,style.layout.z_index,yes,条件,zIndex 走 layoutRules；该字段来自运行/页面事实,page_snapshot_component_lines
LinearProgressIndicator,style.layout.alignment,no,不适用,contentAlignment/horizontalAlignment/verticalAlignment; 枚举,page_snapshot_container_alignment_lines
LinearProgressIndicator,style.layout.horizontal_arrangement,no,不适用,Arrangement + 常量 spacedBy,page_snapshot_container_alignment_lines
LinearProgressIndicator,style.layout.vertical_arrangement,no,不适用,Arrangement + 常量 spacedBy,page_snapshot_container_alignment_lines
LinearProgressIndicator,style.layout.aspect_ratio,yes,已实现,aspectRatio 常量；不猜动态表达式,page_snapshot_component_lines
LinearProgressIndicator,style.layout.width_dp,yes,条件,width/size; 无显式值使用原生测量，不用参考 frame,page_snapshot_dimension_lines
LinearProgressIndicator,style.layout.height_dp,yes,条件,height/size; 无显式值使用原生测量，不用参考 frame,page_snapshot_dimension_lines
LinearProgressIndicator,style.surface.background,yes,条件,solid/null、水平/垂直 Clamp 渐变；未知端点/径向/图片背景阻断,page_snapshot_component_lines
LinearProgressIndicator,style.surface.corner_radius_dp,yes,条件,四角事实；AbsoluteRoundedCornerShape、统一圆角；方向未知的非对称 Start/End 阻断,page_snapshot_component_lines
LinearProgressIndicator,style.surface.corner_sizes,yes,条件,带单位四角：dp/px/percent；百分比依赖原生测量的较短边；方向未知的非对称 Start/End 未解析,page_snapshot_component_lines
LinearProgressIndicator,style.surface.border,yes,条件,统一 solid/dashed/dotted/none；单边、自定义 dash 阻断,page_snapshot_component_lines
LinearProgressIndicator,style.surface.shadows,yes,近似,单阴影且 spread=0；Android elevation 转换仍是近似；多阴影阻断,page_snapshot_component_lines
LinearProgressIndicator,style.surface.alpha,yes,已实现,alpha 常量 0..1,page_snapshot_component_lines
LinearProgressIndicator,style.surface.clip,yes,条件,矩形/圆角；自定义 Path 未支持,page_snapshot_component_lines
LinearProgressIndicator,style.typography.font_size_sp,no,不适用,Text/TextStyle 常量或已解析主题；字体缩放由运行平台消费,page_snapshot_component_lines
LinearProgressIndicator,style.typography.font_weight,no,不适用,FontWeight 常量/已解析主题,page_snapshot_component_lines
LinearProgressIndicator,style.typography.font_style,no,不适用,FontStyle.Normal/Italic; 未知值 unresolved,page_snapshot_component_lines
LinearProgressIndicator,style.typography.font_family,no,不适用,仅已校验字体资产或声明的系统字体,load_page_font_faces / page_snapshot_component_lines
LinearProgressIndicator,style.typography.letter_spacing_sp,no,不适用,letterSpacing 常量 sp；支持负数,page_snapshot_component_lines
LinearProgressIndicator,style.typography.line_height_sp,no,不适用,常量/主题；自定义 LineHeightStyle、低于自然行高未证明等价,page_snapshot_component_lines
LinearProgressIndicator,style.typography.text_align,no,不适用,Start/Center/End/Justify,page_snapshot_component_lines
LinearProgressIndicator,style.typography.max_lines,no,不适用,正整数；TextInput 与多行 TextArea 不是同一控件,page_snapshot_component_lines
LinearProgressIndicator,style.typography.overflow,no,不适用,clip/ellipsis；visible 未支持并阻断；两类 ArkUI 签名分开,page_snapshot_component_lines
LinearProgressIndicator,style.typography.color,no,不适用,明确颜色或已解析主题；容器颜色需实际下传到文字,page_snapshot_component_lines
LinearProgressIndicator,style.typography.decoration,no,不适用,none/underline/line_through,page_snapshot_component_lines
LinearProgressIndicator,style.asset.resource,no,不适用,本地资源或 AsyncImage HTTP(S)；无预览图回退,page_snapshot_component_lines
LinearProgressIndicator,style.asset.sha256,no,不适用,资源提取记录；格式转换后由资源 provenance 验证，不是绘制属性,build_target_phase_consumption_gate
LinearProgressIndicator,style.asset.width_px,no,不适用,可记录源像素尺寸；单输入渲染必须有逻辑尺寸，不能直接按 px 布局,build_target_phase_consumption_gate
LinearProgressIndicator,style.asset.height_px,no,不适用,可记录源像素尺寸；不能当作 dp 使用,build_target_phase_consumption_gate
LinearProgressIndicator,style.asset.width_dp,no,不适用,资源本征尺寸，不是控件硬宽度,page_snapshot_intrinsic_image_lines
LinearProgressIndicator,style.asset.height_dp,no,不适用,资源本征尺寸，不是控件硬高度,page_snapshot_intrinsic_image_lines
LinearProgressIndicator,style.asset.content_scale,no,不适用,fit/crop/fill/inside/none; 未指定尺寸时需可验证本征测量,page_snapshot_intrinsic_image_lines / page_snapshot_component_lines
LinearProgressIndicator,style.asset.tint,no,不适用,显式 tint/ColorFilter.tint；仅支持当前颜色滤镜映射,page_snapshot_component_lines
LinearProgressIndicator,style.transform.translation_x_dp,yes,条件,运行/页面事实；源码 offset 单独走 layoutRules，混合变换阻断,page_snapshot_component_lines
LinearProgressIndicator,style.transform.translation_y_dp,yes,条件,运行/页面事实；源码 offset 单独走 layoutRules，混合变换阻断,page_snapshot_component_lines
LinearProgressIndicator,style.transform.scale_x,yes,条件,scale 常量；graphicsLayer/自定义原点/顺序组合未支持,page_snapshot_component_lines
LinearProgressIndicator,style.transform.scale_y,yes,条件,scale 常量；不推算未知表达式,page_snapshot_component_lines
LinearProgressIndicator,style.transform.rotation_degrees,yes,条件,rotate 常量；默认中心原点,page_snapshot_component_lines
LinearProgressIndicator,style.state.visible,yes,条件,显式布尔页面状态；消失不占位，不等于完整动画状态机,page_snapshot_component_lines
LinearProgressIndicator,style.state.refreshing,no,不适用,isRefreshing 固定布尔状态；Box 叠加原生 LoadingProgress，动画外观近似，不包含刷新业务回调,page_snapshot_component_lines
LinearProgressIndicator,style.state.enabled,yes,已实现,显式布尔优先于默认值；动态未知值不填 true,page_snapshot_component_lines
LinearProgressIndicator,style.state.selected,no,不适用,RadioButton 的明确选中态；不代表任意容器都有选中样式,page_snapshot_component_lines
LinearProgressIndicator,style.state.checked,no,不适用,Checkbox/Switch 的明确布尔状态；缺失或动态未解析阻断,page_snapshot_component_lines
LinearProgressIndicator,style.state.clickable,yes,业务边界,只记录入口元数据；UI 渲染不产生业务 onClick，另走 behavior contract,build_target_phase_consumption_gate
LinearProgressIndicator,style.content.text,no,不适用,text/value/已解析资源；Button 文本在子 Text 实际消费,page_snapshot_component_lines
LinearProgressIndicator,style.content.placeholder,no,不适用,纯文字提示；复杂 slot/浮动 label 不等同 placeholder,page_snapshot_component_lines
LinearProgressIndicator,style.content.content_description,yes,已实现,contentDescription; 显式 null 不设置,page_snapshot_component_lines
LinearProgressIndicator,style.content.role,yes,证据,用于页面语义匹配，不代表已实现对应业务,build_target_phase_consumption_gate
LinearProgressIndicator,style.content.locale,no,不适用,可存储/采集；未单独消费，非空时阻断,build_target_phase_consumption_gate
LinearProgressIndicator,style.input.single_line,no,不适用,显式布尔；源码省略按 Compose 多行默认；TextInput/TextArea 原生分流,page_snapshot_component_lines
LinearProgressIndicator,style.input.read_only,no,不适用,显式布尔；禁止软键盘及内容修改，保留选中；API 20+,page_snapshot_component_lines
LinearProgressIndicator,style.input.password,no,不适用,标准 PasswordVisualTransformation/None；多行密码、自定义字符变换阻断,page_snapshot_component_lines
LinearProgressIndicator,style.input.keyboard_type,no,不适用,Text/Number/Phone/Email/Uri/Decimal/Password/NumberPassword；不等同内容校验,page_snapshot_component_lines
LinearProgressIndicator,style.input.ime_action,no,不适用,键盘动作枚举；Previous/单行 None 阻断；业务提交回调另走 contract,page_snapshot_component_lines
LinearProgressIndicator,style.typography.soft_wrap,no,不适用,显式布尔；false 支持不含硬换行的单段文字，硬换行逐段渲染未支持,page_snapshot_component_lines
LinearProgressIndicator,style.typography.min_lines,no,不适用,1 为原生默认；多行 Text 使用已验证字体运行时 metrics，复杂约束/输入框多行最低行数阻断,page_snapshot_component_lines
LinearProgressIndicator,style.control.value,yes,条件,明确 value/progress；不使用样例数值；UI 当前态不等同业务订阅,page_snapshot_component_lines
LinearProgressIndicator,style.control.minimum,yes,条件,Slider valueRange 或明确默认 0；进度固定 0..1,page_snapshot_component_lines
LinearProgressIndicator,style.control.maximum,yes,条件,Slider valueRange 或明确默认 1；上限必须大于下限,page_snapshot_component_lines
LinearProgressIndicator,style.control.steps,no,不适用,离散 steps 转 (max-min)/(steps+1)；连续型与小于平台最小步长阻断,page_snapshot_component_lines
LinearProgressIndicator,style.control.active_color,yes,条件,显式 color 常量或刷新指示器主题色，作用于轨迹/分隔线而非文字,page_snapshot_component_lines
LinearProgressIndicator,style.control.inactive_color,yes,条件,显式 trackColor 常量或刷新指示器主题背景,page_snapshot_component_lines
LinearProgressIndicator,style.control.stroke_width_dp,yes,条件,常量 thickness/strokeWidth；分隔线默认1dp,page_snapshot_component_lines
CircularProgressIndicator,structure.type,yes,已实现,SourceTree/lanhu_layer,page_snapshot_component_lines
CircularProgressIndicator,structure.parent_id,yes,已实现,SourceTree/lanhu_layer,page_snapshot_component_lines
CircularProgressIndicator,structure.children_ids,yes,已实现,SourceTree/lanhu_layer,page_snapshot_component_lines
CircularProgressIndicator,structure.sibling_index,yes,已实现,SourceTree/lanhu_layer,page_snapshot_component_lines
CircularProgressIndicator,style.layout.padding_dp,yes,条件,expand_ordered_layout_modifiers 保留纯常量 padding/size/width/height 嵌套；交织绘制/重复同轴尺寸阻断,page_snapshot_component_lines
CircularProgressIndicator,style.layout.margin_dp,yes,条件,运行测量/页面事实；Compose 没有通用 margin 参数,page_snapshot_component_lines
CircularProgressIndicator,style.layout.layout_direction,yes,条件,页面事实；CompositionLocal 的上下文解析未全覆盖,page_snapshot_component_lines
CircularProgressIndicator,style.layout.z_index,yes,条件,zIndex 走 layoutRules；该字段来自运行/页面事实,page_snapshot_component_lines
CircularProgressIndicator,style.layout.alignment,no,不适用,contentAlignment/horizontalAlignment/verticalAlignment; 枚举,page_snapshot_container_alignment_lines
CircularProgressIndicator,style.layout.horizontal_arrangement,no,不适用,Arrangement + 常量 spacedBy,page_snapshot_container_alignment_lines
CircularProgressIndicator,style.layout.vertical_arrangement,no,不适用,Arrangement + 常量 spacedBy,page_snapshot_container_alignment_lines
CircularProgressIndicator,style.layout.aspect_ratio,yes,已实现,aspectRatio 常量；不猜动态表达式,page_snapshot_component_lines
CircularProgressIndicator,style.layout.width_dp,yes,条件,width/size; 无显式值使用原生测量，不用参考 frame,page_snapshot_dimension_lines
CircularProgressIndicator,style.layout.height_dp,yes,条件,height/size; 无显式值使用原生测量，不用参考 frame,page_snapshot_dimension_lines
CircularProgressIndicator,style.surface.background,yes,条件,solid/null、水平/垂直 Clamp 渐变；未知端点/径向/图片背景阻断,page_snapshot_component_lines
CircularProgressIndicator,style.surface.corner_radius_dp,yes,条件,四角事实；AbsoluteRoundedCornerShape、统一圆角；方向未知的非对称 Start/End 阻断,page_snapshot_component_lines
CircularProgressIndicator,style.surface.corner_sizes,yes,条件,带单位四角：dp/px/percent；百分比依赖原生测量的较短边；方向未知的非对称 Start/End 未解析,page_snapshot_component_lines
CircularProgressIndicator,style.surface.border,yes,条件,统一 solid/dashed/dotted/none；单边、自定义 dash 阻断,page_snapshot_component_lines
CircularProgressIndicator,style.surface.shadows,yes,近似,单阴影且 spread=0；Android elevation 转换仍是近似；多阴影阻断,page_snapshot_component_lines
CircularProgressIndicator,style.surface.alpha,yes,已实现,alpha 常量 0..1,page_snapshot_component_lines
CircularProgressIndicator,style.surface.clip,yes,条件,矩形/圆角；自定义 Path 未支持,page_snapshot_component_lines
CircularProgressIndicator,style.typography.font_size_sp,no,不适用,Text/TextStyle 常量或已解析主题；字体缩放由运行平台消费,page_snapshot_component_lines
CircularProgressIndicator,style.typography.font_weight,no,不适用,FontWeight 常量/已解析主题,page_snapshot_component_lines
CircularProgressIndicator,style.typography.font_style,no,不适用,FontStyle.Normal/Italic; 未知值 unresolved,page_snapshot_component_lines
CircularProgressIndicator,style.typography.font_family,no,不适用,仅已校验字体资产或声明的系统字体,load_page_font_faces / page_snapshot_component_lines
CircularProgressIndicator,style.typography.letter_spacing_sp,no,不适用,letterSpacing 常量 sp；支持负数,page_snapshot_component_lines
CircularProgressIndicator,style.typography.line_height_sp,no,不适用,常量/主题；自定义 LineHeightStyle、低于自然行高未证明等价,page_snapshot_component_lines
CircularProgressIndicator,style.typography.text_align,no,不适用,Start/Center/End/Justify,page_snapshot_component_lines
CircularProgressIndicator,style.typography.max_lines,no,不适用,正整数；TextInput 与多行 TextArea 不是同一控件,page_snapshot_component_lines
CircularProgressIndicator,style.typography.overflow,no,不适用,clip/ellipsis；visible 未支持并阻断；两类 ArkUI 签名分开,page_snapshot_component_lines
CircularProgressIndicator,style.typography.color,no,不适用,明确颜色或已解析主题；容器颜色需实际下传到文字,page_snapshot_component_lines
CircularProgressIndicator,style.typography.decoration,no,不适用,none/underline/line_through,page_snapshot_component_lines
CircularProgressIndicator,style.asset.resource,no,不适用,本地资源或 AsyncImage HTTP(S)；无预览图回退,page_snapshot_component_lines
CircularProgressIndicator,style.asset.sha256,no,不适用,资源提取记录；格式转换后由资源 provenance 验证，不是绘制属性,build_target_phase_consumption_gate
CircularProgressIndicator,style.asset.width_px,no,不适用,可记录源像素尺寸；单输入渲染必须有逻辑尺寸，不能直接按 px 布局,build_target_phase_consumption_gate
CircularProgressIndicator,style.asset.height_px,no,不适用,可记录源像素尺寸；不能当作 dp 使用,build_target_phase_consumption_gate
CircularProgressIndicator,style.asset.width_dp,no,不适用,资源本征尺寸，不是控件硬宽度,page_snapshot_intrinsic_image_lines
CircularProgressIndicator,style.asset.height_dp,no,不适用,资源本征尺寸，不是控件硬高度,page_snapshot_intrinsic_image_lines
CircularProgressIndicator,style.asset.content_scale,no,不适用,fit/crop/fill/inside/none; 未指定尺寸时需可验证本征测量,page_snapshot_intrinsic_image_lines / page_snapshot_component_lines
CircularProgressIndicator,style.asset.tint,no,不适用,显式 tint/ColorFilter.tint；仅支持当前颜色滤镜映射,page_snapshot_component_lines
CircularProgressIndicator,style.transform.translation_x_dp,yes,条件,运行/页面事实；源码 offset 单独走 layoutRules，混合变换阻断,page_snapshot_component_lines
CircularProgressIndicator,style.transform.translation_y_dp,yes,条件,运行/页面事实；源码 offset 单独走 layoutRules，混合变换阻断,page_snapshot_component_lines
CircularProgressIndicator,style.transform.scale_x,yes,条件,scale 常量；graphicsLayer/自定义原点/顺序组合未支持,page_snapshot_component_lines
CircularProgressIndicator,style.transform.scale_y,yes,条件,scale 常量；不推算未知表达式,page_snapshot_component_lines
CircularProgressIndicator,style.transform.rotation_degrees,yes,条件,rotate 常量；默认中心原点,page_snapshot_component_lines
CircularProgressIndicator,style.state.visible,yes,条件,显式布尔页面状态；消失不占位，不等于完整动画状态机,page_snapshot_component_lines
CircularProgressIndicator,style.state.refreshing,no,不适用,isRefreshing 固定布尔状态；Box 叠加原生 LoadingProgress，动画外观近似，不包含刷新业务回调,page_snapshot_component_lines
CircularProgressIndicator,style.state.enabled,yes,已实现,显式布尔优先于默认值；动态未知值不填 true,page_snapshot_component_lines
CircularProgressIndicator,style.state.selected,no,不适用,RadioButton 的明确选中态；不代表任意容器都有选中样式,page_snapshot_component_lines
CircularProgressIndicator,style.state.checked,no,不适用,Checkbox/Switch 的明确布尔状态；缺失或动态未解析阻断,page_snapshot_component_lines
CircularProgressIndicator,style.state.clickable,yes,业务边界,只记录入口元数据；UI 渲染不产生业务 onClick，另走 behavior contract,build_target_phase_consumption_gate
CircularProgressIndicator,style.content.text,no,不适用,text/value/已解析资源；Button 文本在子 Text 实际消费,page_snapshot_component_lines
CircularProgressIndicator,style.content.placeholder,no,不适用,纯文字提示；复杂 slot/浮动 label 不等同 placeholder,page_snapshot_component_lines
CircularProgressIndicator,style.content.content_description,yes,已实现,contentDescription; 显式 null 不设置,page_snapshot_component_lines
CircularProgressIndicator,style.content.role,yes,证据,用于页面语义匹配，不代表已实现对应业务,build_target_phase_consumption_gate
CircularProgressIndicator,style.content.locale,no,不适用,可存储/采集；未单独消费，非空时阻断,build_target_phase_consumption_gate
CircularProgressIndicator,style.input.single_line,no,不适用,显式布尔；源码省略按 Compose 多行默认；TextInput/TextArea 原生分流,page_snapshot_component_lines
CircularProgressIndicator,style.input.read_only,no,不适用,显式布尔；禁止软键盘及内容修改，保留选中；API 20+,page_snapshot_component_lines
CircularProgressIndicator,style.input.password,no,不适用,标准 PasswordVisualTransformation/None；多行密码、自定义字符变换阻断,page_snapshot_component_lines
CircularProgressIndicator,style.input.keyboard_type,no,不适用,Text/Number/Phone/Email/Uri/Decimal/Password/NumberPassword；不等同内容校验,page_snapshot_component_lines
CircularProgressIndicator,style.input.ime_action,no,不适用,键盘动作枚举；Previous/单行 None 阻断；业务提交回调另走 contract,page_snapshot_component_lines
CircularProgressIndicator,style.typography.soft_wrap,no,不适用,显式布尔；false 支持不含硬换行的单段文字，硬换行逐段渲染未支持,page_snapshot_component_lines
CircularProgressIndicator,style.typography.min_lines,no,不适用,1 为原生默认；多行 Text 使用已验证字体运行时 metrics，复杂约束/输入框多行最低行数阻断,page_snapshot_component_lines
CircularProgressIndicator,style.control.value,yes,条件,明确 value/progress；不使用样例数值；UI 当前态不等同业务订阅,page_snapshot_component_lines
CircularProgressIndicator,style.control.minimum,yes,条件,Slider valueRange 或明确默认 0；进度固定 0..1,page_snapshot_component_lines
CircularProgressIndicator,style.control.maximum,yes,条件,Slider valueRange 或明确默认 1；上限必须大于下限,page_snapshot_component_lines
CircularProgressIndicator,style.control.steps,no,不适用,离散 steps 转 (max-min)/(steps+1)；连续型与小于平台最小步长阻断,page_snapshot_component_lines
CircularProgressIndicator,style.control.active_color,yes,条件,显式 color 常量或刷新指示器主题色，作用于轨迹/分隔线而非文字,page_snapshot_component_lines
CircularProgressIndicator,style.control.inactive_color,yes,条件,显式 trackColor 常量或刷新指示器主题背景,page_snapshot_component_lines
CircularProgressIndicator,style.control.stroke_width_dp,yes,条件,常量 thickness/strokeWidth；分隔线默认1dp,page_snapshot_component_lines
Divider,structure.type,yes,已实现,SourceTree/lanhu_layer,page_snapshot_component_lines
Divider,structure.parent_id,yes,已实现,SourceTree/lanhu_layer,page_snapshot_component_lines
Divider,structure.children_ids,yes,已实现,SourceTree/lanhu_layer,page_snapshot_component_lines
Divider,structure.sibling_index,yes,已实现,SourceTree/lanhu_layer,page_snapshot_component_lines
Divider,style.layout.padding_dp,yes,条件,expand_ordered_layout_modifiers 保留纯常量 padding/size/width/height 嵌套；交织绘制/重复同轴尺寸阻断,page_snapshot_component_lines
Divider,style.layout.margin_dp,yes,条件,运行测量/页面事实；Compose 没有通用 margin 参数,page_snapshot_component_lines
Divider,style.layout.layout_direction,yes,条件,页面事实；CompositionLocal 的上下文解析未全覆盖,page_snapshot_component_lines
Divider,style.layout.z_index,yes,条件,zIndex 走 layoutRules；该字段来自运行/页面事实,page_snapshot_component_lines
Divider,style.layout.alignment,no,不适用,contentAlignment/horizontalAlignment/verticalAlignment; 枚举,page_snapshot_container_alignment_lines
Divider,style.layout.horizontal_arrangement,no,不适用,Arrangement + 常量 spacedBy,page_snapshot_container_alignment_lines
Divider,style.layout.vertical_arrangement,no,不适用,Arrangement + 常量 spacedBy,page_snapshot_container_alignment_lines
Divider,style.layout.aspect_ratio,yes,已实现,aspectRatio 常量；不猜动态表达式,page_snapshot_component_lines
Divider,style.layout.width_dp,yes,条件,width/size; 无显式值使用原生测量，不用参考 frame,page_snapshot_dimension_lines
Divider,style.layout.height_dp,yes,条件,height/size; 无显式值使用原生测量，不用参考 frame,page_snapshot_dimension_lines
Divider,style.surface.background,yes,条件,solid/null、水平/垂直 Clamp 渐变；未知端点/径向/图片背景阻断,page_snapshot_component_lines
Divider,style.surface.corner_radius_dp,yes,条件,四角事实；AbsoluteRoundedCornerShape、统一圆角；方向未知的非对称 Start/End 阻断,page_snapshot_component_lines
Divider,style.surface.corner_sizes,yes,条件,带单位四角：dp/px/percent；百分比依赖原生测量的较短边；方向未知的非对称 Start/End 未解析,page_snapshot_component_lines
Divider,style.surface.border,yes,条件,统一 solid/dashed/dotted/none；单边、自定义 dash 阻断,page_snapshot_component_lines
Divider,style.surface.shadows,yes,近似,单阴影且 spread=0；Android elevation 转换仍是近似；多阴影阻断,page_snapshot_component_lines
Divider,style.surface.alpha,yes,已实现,alpha 常量 0..1,page_snapshot_component_lines
Divider,style.surface.clip,yes,条件,矩形/圆角；自定义 Path 未支持,page_snapshot_component_lines
Divider,style.typography.font_size_sp,no,不适用,Text/TextStyle 常量或已解析主题；字体缩放由运行平台消费,page_snapshot_component_lines
Divider,style.typography.font_weight,no,不适用,FontWeight 常量/已解析主题,page_snapshot_component_lines
Divider,style.typography.font_style,no,不适用,FontStyle.Normal/Italic; 未知值 unresolved,page_snapshot_component_lines
Divider,style.typography.font_family,no,不适用,仅已校验字体资产或声明的系统字体,load_page_font_faces / page_snapshot_component_lines
Divider,style.typography.letter_spacing_sp,no,不适用,letterSpacing 常量 sp；支持负数,page_snapshot_component_lines
Divider,style.typography.line_height_sp,no,不适用,常量/主题；自定义 LineHeightStyle、低于自然行高未证明等价,page_snapshot_component_lines
Divider,style.typography.text_align,no,不适用,Start/Center/End/Justify,page_snapshot_component_lines
Divider,style.typography.max_lines,no,不适用,正整数；TextInput 与多行 TextArea 不是同一控件,page_snapshot_component_lines
Divider,style.typography.overflow,no,不适用,clip/ellipsis；visible 未支持并阻断；两类 ArkUI 签名分开,page_snapshot_component_lines
Divider,style.typography.color,no,不适用,明确颜色或已解析主题；容器颜色需实际下传到文字,page_snapshot_component_lines
Divider,style.typography.decoration,no,不适用,none/underline/line_through,page_snapshot_component_lines
Divider,style.asset.resource,no,不适用,本地资源或 AsyncImage HTTP(S)；无预览图回退,page_snapshot_component_lines
Divider,style.asset.sha256,no,不适用,资源提取记录；格式转换后由资源 provenance 验证，不是绘制属性,build_target_phase_consumption_gate
Divider,style.asset.width_px,no,不适用,可记录源像素尺寸；单输入渲染必须有逻辑尺寸，不能直接按 px 布局,build_target_phase_consumption_gate
Divider,style.asset.height_px,no,不适用,可记录源像素尺寸；不能当作 dp 使用,build_target_phase_consumption_gate
Divider,style.asset.width_dp,no,不适用,资源本征尺寸，不是控件硬宽度,page_snapshot_intrinsic_image_lines
Divider,style.asset.height_dp,no,不适用,资源本征尺寸，不是控件硬高度,page_snapshot_intrinsic_image_lines
Divider,style.asset.content_scale,no,不适用,fit/crop/fill/inside/none; 未指定尺寸时需可验证本征测量,page_snapshot_intrinsic_image_lines / page_snapshot_component_lines
Divider,style.asset.tint,no,不适用,显式 tint/ColorFilter.tint；仅支持当前颜色滤镜映射,page_snapshot_component_lines
Divider,style.transform.translation_x_dp,yes,条件,运行/页面事实；源码 offset 单独走 layoutRules，混合变换阻断,page_snapshot_component_lines
Divider,style.transform.translation_y_dp,yes,条件,运行/页面事实；源码 offset 单独走 layoutRules，混合变换阻断,page_snapshot_component_lines
Divider,style.transform.scale_x,yes,条件,scale 常量；graphicsLayer/自定义原点/顺序组合未支持,page_snapshot_component_lines
Divider,style.transform.scale_y,yes,条件,scale 常量；不推算未知表达式,page_snapshot_component_lines
Divider,style.transform.rotation_degrees,yes,条件,rotate 常量；默认中心原点,page_snapshot_component_lines
Divider,style.state.visible,yes,条件,显式布尔页面状态；消失不占位，不等于完整动画状态机,page_snapshot_component_lines
Divider,style.state.refreshing,no,不适用,isRefreshing 固定布尔状态；Box 叠加原生 LoadingProgress，动画外观近似，不包含刷新业务回调,page_snapshot_component_lines
Divider,style.state.enabled,yes,已实现,显式布尔优先于默认值；动态未知值不填 true,page_snapshot_component_lines
Divider,style.state.selected,no,不适用,RadioButton 的明确选中态；不代表任意容器都有选中样式,page_snapshot_component_lines
Divider,style.state.checked,no,不适用,Checkbox/Switch 的明确布尔状态；缺失或动态未解析阻断,page_snapshot_component_lines
Divider,style.state.clickable,yes,业务边界,只记录入口元数据；UI 渲染不产生业务 onClick，另走 behavior contract,build_target_phase_consumption_gate
Divider,style.content.text,no,不适用,text/value/已解析资源；Button 文本在子 Text 实际消费,page_snapshot_component_lines
Divider,style.content.placeholder,no,不适用,纯文字提示；复杂 slot/浮动 label 不等同 placeholder,page_snapshot_component_lines
Divider,style.content.content_description,yes,已实现,contentDescription; 显式 null 不设置,page_snapshot_component_lines
Divider,style.content.role,yes,证据,用于页面语义匹配，不代表已实现对应业务,build_target_phase_consumption_gate
Divider,style.content.locale,no,不适用,可存储/采集；未单独消费，非空时阻断,build_target_phase_consumption_gate
Divider,style.input.single_line,no,不适用,显式布尔；源码省略按 Compose 多行默认；TextInput/TextArea 原生分流,page_snapshot_component_lines
Divider,style.input.read_only,no,不适用,显式布尔；禁止软键盘及内容修改，保留选中；API 20+,page_snapshot_component_lines
Divider,style.input.password,no,不适用,标准 PasswordVisualTransformation/None；多行密码、自定义字符变换阻断,page_snapshot_component_lines
Divider,style.input.keyboard_type,no,不适用,Text/Number/Phone/Email/Uri/Decimal/Password/NumberPassword；不等同内容校验,page_snapshot_component_lines
Divider,style.input.ime_action,no,不适用,键盘动作枚举；Previous/单行 None 阻断；业务提交回调另走 contract,page_snapshot_component_lines
Divider,style.typography.soft_wrap,no,不适用,显式布尔；false 支持不含硬换行的单段文字，硬换行逐段渲染未支持,page_snapshot_component_lines
Divider,style.typography.min_lines,no,不适用,1 为原生默认；多行 Text 使用已验证字体运行时 metrics，复杂约束/输入框多行最低行数阻断,page_snapshot_component_lines
Divider,style.control.value,no,不适用,明确 value/progress；不使用样例数值；UI 当前态不等同业务订阅,page_snapshot_component_lines
Divider,style.control.minimum,no,不适用,Slider valueRange 或明确默认 0；进度固定 0..1,page_snapshot_component_lines
Divider,style.control.maximum,no,不适用,Slider valueRange 或明确默认 1；上限必须大于下限,page_snapshot_component_lines
Divider,style.control.steps,no,不适用,离散 steps 转 (max-min)/(steps+1)；连续型与小于平台最小步长阻断,page_snapshot_component_lines
Divider,style.control.active_color,yes,条件,显式 color 常量或刷新指示器主题色，作用于轨迹/分隔线而非文字,page_snapshot_component_lines
Divider,style.control.inactive_color,no,不适用,显式 trackColor 常量或刷新指示器主题背景,page_snapshot_component_lines
Divider,style.control.stroke_width_dp,yes,条件,常量 thickness/strokeWidth；分隔线默认1dp,page_snapshot_component_lines
HorizontalDivider,structure.type,yes,已实现,SourceTree/lanhu_layer,page_snapshot_component_lines
HorizontalDivider,structure.parent_id,yes,已实现,SourceTree/lanhu_layer,page_snapshot_component_lines
HorizontalDivider,structure.children_ids,yes,已实现,SourceTree/lanhu_layer,page_snapshot_component_lines
HorizontalDivider,structure.sibling_index,yes,已实现,SourceTree/lanhu_layer,page_snapshot_component_lines
HorizontalDivider,style.layout.padding_dp,yes,条件,expand_ordered_layout_modifiers 保留纯常量 padding/size/width/height 嵌套；交织绘制/重复同轴尺寸阻断,page_snapshot_component_lines
HorizontalDivider,style.layout.margin_dp,yes,条件,运行测量/页面事实；Compose 没有通用 margin 参数,page_snapshot_component_lines
HorizontalDivider,style.layout.layout_direction,yes,条件,页面事实；CompositionLocal 的上下文解析未全覆盖,page_snapshot_component_lines
HorizontalDivider,style.layout.z_index,yes,条件,zIndex 走 layoutRules；该字段来自运行/页面事实,page_snapshot_component_lines
HorizontalDivider,style.layout.alignment,no,不适用,contentAlignment/horizontalAlignment/verticalAlignment; 枚举,page_snapshot_container_alignment_lines
HorizontalDivider,style.layout.horizontal_arrangement,no,不适用,Arrangement + 常量 spacedBy,page_snapshot_container_alignment_lines
HorizontalDivider,style.layout.vertical_arrangement,no,不适用,Arrangement + 常量 spacedBy,page_snapshot_container_alignment_lines
HorizontalDivider,style.layout.aspect_ratio,yes,已实现,aspectRatio 常量；不猜动态表达式,page_snapshot_component_lines
HorizontalDivider,style.layout.width_dp,yes,条件,width/size; 无显式值使用原生测量，不用参考 frame,page_snapshot_dimension_lines
HorizontalDivider,style.layout.height_dp,yes,条件,height/size; 无显式值使用原生测量，不用参考 frame,page_snapshot_dimension_lines
HorizontalDivider,style.surface.background,yes,条件,solid/null、水平/垂直 Clamp 渐变；未知端点/径向/图片背景阻断,page_snapshot_component_lines
HorizontalDivider,style.surface.corner_radius_dp,yes,条件,四角事实；AbsoluteRoundedCornerShape、统一圆角；方向未知的非对称 Start/End 阻断,page_snapshot_component_lines
HorizontalDivider,style.surface.corner_sizes,yes,条件,带单位四角：dp/px/percent；百分比依赖原生测量的较短边；方向未知的非对称 Start/End 未解析,page_snapshot_component_lines
HorizontalDivider,style.surface.border,yes,条件,统一 solid/dashed/dotted/none；单边、自定义 dash 阻断,page_snapshot_component_lines
HorizontalDivider,style.surface.shadows,yes,近似,单阴影且 spread=0；Android elevation 转换仍是近似；多阴影阻断,page_snapshot_component_lines
HorizontalDivider,style.surface.alpha,yes,已实现,alpha 常量 0..1,page_snapshot_component_lines
HorizontalDivider,style.surface.clip,yes,条件,矩形/圆角；自定义 Path 未支持,page_snapshot_component_lines
HorizontalDivider,style.typography.font_size_sp,no,不适用,Text/TextStyle 常量或已解析主题；字体缩放由运行平台消费,page_snapshot_component_lines
HorizontalDivider,style.typography.font_weight,no,不适用,FontWeight 常量/已解析主题,page_snapshot_component_lines
HorizontalDivider,style.typography.font_style,no,不适用,FontStyle.Normal/Italic; 未知值 unresolved,page_snapshot_component_lines
HorizontalDivider,style.typography.font_family,no,不适用,仅已校验字体资产或声明的系统字体,load_page_font_faces / page_snapshot_component_lines
HorizontalDivider,style.typography.letter_spacing_sp,no,不适用,letterSpacing 常量 sp；支持负数,page_snapshot_component_lines
HorizontalDivider,style.typography.line_height_sp,no,不适用,常量/主题；自定义 LineHeightStyle、低于自然行高未证明等价,page_snapshot_component_lines
HorizontalDivider,style.typography.text_align,no,不适用,Start/Center/End/Justify,page_snapshot_component_lines
HorizontalDivider,style.typography.max_lines,no,不适用,正整数；TextInput 与多行 TextArea 不是同一控件,page_snapshot_component_lines
HorizontalDivider,style.typography.overflow,no,不适用,clip/ellipsis；visible 未支持并阻断；两类 ArkUI 签名分开,page_snapshot_component_lines
HorizontalDivider,style.typography.color,no,不适用,明确颜色或已解析主题；容器颜色需实际下传到文字,page_snapshot_component_lines
HorizontalDivider,style.typography.decoration,no,不适用,none/underline/line_through,page_snapshot_component_lines
HorizontalDivider,style.asset.resource,no,不适用,本地资源或 AsyncImage HTTP(S)；无预览图回退,page_snapshot_component_lines
HorizontalDivider,style.asset.sha256,no,不适用,资源提取记录；格式转换后由资源 provenance 验证，不是绘制属性,build_target_phase_consumption_gate
HorizontalDivider,style.asset.width_px,no,不适用,可记录源像素尺寸；单输入渲染必须有逻辑尺寸，不能直接按 px 布局,build_target_phase_consumption_gate
HorizontalDivider,style.asset.height_px,no,不适用,可记录源像素尺寸；不能当作 dp 使用,build_target_phase_consumption_gate
HorizontalDivider,style.asset.width_dp,no,不适用,资源本征尺寸，不是控件硬宽度,page_snapshot_intrinsic_image_lines
HorizontalDivider,style.asset.height_dp,no,不适用,资源本征尺寸，不是控件硬高度,page_snapshot_intrinsic_image_lines
HorizontalDivider,style.asset.content_scale,no,不适用,fit/crop/fill/inside/none; 未指定尺寸时需可验证本征测量,page_snapshot_intrinsic_image_lines / page_snapshot_component_lines
HorizontalDivider,style.asset.tint,no,不适用,显式 tint/ColorFilter.tint；仅支持当前颜色滤镜映射,page_snapshot_component_lines
HorizontalDivider,style.transform.translation_x_dp,yes,条件,运行/页面事实；源码 offset 单独走 layoutRules，混合变换阻断,page_snapshot_component_lines
HorizontalDivider,style.transform.translation_y_dp,yes,条件,运行/页面事实；源码 offset 单独走 layoutRules，混合变换阻断,page_snapshot_component_lines
HorizontalDivider,style.transform.scale_x,yes,条件,scale 常量；graphicsLayer/自定义原点/顺序组合未支持,page_snapshot_component_lines
HorizontalDivider,style.transform.scale_y,yes,条件,scale 常量；不推算未知表达式,page_snapshot_component_lines
HorizontalDivider,style.transform.rotation_degrees,yes,条件,rotate 常量；默认中心原点,page_snapshot_component_lines
HorizontalDivider,style.state.visible,yes,条件,显式布尔页面状态；消失不占位，不等于完整动画状态机,page_snapshot_component_lines
HorizontalDivider,style.state.refreshing,no,不适用,isRefreshing 固定布尔状态；Box 叠加原生 LoadingProgress，动画外观近似，不包含刷新业务回调,page_snapshot_component_lines
HorizontalDivider,style.state.enabled,yes,已实现,显式布尔优先于默认值；动态未知值不填 true,page_snapshot_component_lines
HorizontalDivider,style.state.selected,no,不适用,RadioButton 的明确选中态；不代表任意容器都有选中样式,page_snapshot_component_lines
HorizontalDivider,style.state.checked,no,不适用,Checkbox/Switch 的明确布尔状态；缺失或动态未解析阻断,page_snapshot_component_lines
HorizontalDivider,style.state.clickable,yes,业务边界,只记录入口元数据；UI 渲染不产生业务 onClick，另走 behavior contract,build_target_phase_consumption_gate
HorizontalDivider,style.content.text,no,不适用,text/value/已解析资源；Button 文本在子 Text 实际消费,page_snapshot_component_lines
HorizontalDivider,style.content.placeholder,no,不适用,纯文字提示；复杂 slot/浮动 label 不等同 placeholder,page_snapshot_component_lines
HorizontalDivider,style.content.content_description,yes,已实现,contentDescription; 显式 null 不设置,page_snapshot_component_lines
HorizontalDivider,style.content.role,yes,证据,用于页面语义匹配，不代表已实现对应业务,build_target_phase_consumption_gate
HorizontalDivider,style.content.locale,no,不适用,可存储/采集；未单独消费，非空时阻断,build_target_phase_consumption_gate
HorizontalDivider,style.input.single_line,no,不适用,显式布尔；源码省略按 Compose 多行默认；TextInput/TextArea 原生分流,page_snapshot_component_lines
HorizontalDivider,style.input.read_only,no,不适用,显式布尔；禁止软键盘及内容修改，保留选中；API 20+,page_snapshot_component_lines
HorizontalDivider,style.input.password,no,不适用,标准 PasswordVisualTransformation/None；多行密码、自定义字符变换阻断,page_snapshot_component_lines
HorizontalDivider,style.input.keyboard_type,no,不适用,Text/Number/Phone/Email/Uri/Decimal/Password/NumberPassword；不等同内容校验,page_snapshot_component_lines
HorizontalDivider,style.input.ime_action,no,不适用,键盘动作枚举；Previous/单行 None 阻断；业务提交回调另走 contract,page_snapshot_component_lines
HorizontalDivider,style.typography.soft_wrap,no,不适用,显式布尔；false 支持不含硬换行的单段文字，硬换行逐段渲染未支持,page_snapshot_component_lines
HorizontalDivider,style.typography.min_lines,no,不适用,1 为原生默认；多行 Text 使用已验证字体运行时 metrics，复杂约束/输入框多行最低行数阻断,page_snapshot_component_lines
HorizontalDivider,style.control.value,no,不适用,明确 value/progress；不使用样例数值；UI 当前态不等同业务订阅,page_snapshot_component_lines
HorizontalDivider,style.control.minimum,no,不适用,Slider valueRange 或明确默认 0；进度固定 0..1,page_snapshot_component_lines
HorizontalDivider,style.control.maximum,no,不适用,Slider valueRange 或明确默认 1；上限必须大于下限,page_snapshot_component_lines
HorizontalDivider,style.control.steps,no,不适用,离散 steps 转 (max-min)/(steps+1)；连续型与小于平台最小步长阻断,page_snapshot_component_lines
HorizontalDivider,style.control.active_color,yes,条件,显式 color 常量或刷新指示器主题色，作用于轨迹/分隔线而非文字,page_snapshot_component_lines
HorizontalDivider,style.control.inactive_color,no,不适用,显式 trackColor 常量或刷新指示器主题背景,page_snapshot_component_lines
HorizontalDivider,style.control.stroke_width_dp,yes,条件,常量 thickness/strokeWidth；分隔线默认1dp,page_snapshot_component_lines
VerticalDivider,structure.type,yes,已实现,SourceTree/lanhu_layer,page_snapshot_component_lines
VerticalDivider,structure.parent_id,yes,已实现,SourceTree/lanhu_layer,page_snapshot_component_lines
VerticalDivider,structure.children_ids,yes,已实现,SourceTree/lanhu_layer,page_snapshot_component_lines
VerticalDivider,structure.sibling_index,yes,已实现,SourceTree/lanhu_layer,page_snapshot_component_lines
VerticalDivider,style.layout.padding_dp,yes,条件,expand_ordered_layout_modifiers 保留纯常量 padding/size/width/height 嵌套；交织绘制/重复同轴尺寸阻断,page_snapshot_component_lines
VerticalDivider,style.layout.margin_dp,yes,条件,运行测量/页面事实；Compose 没有通用 margin 参数,page_snapshot_component_lines
VerticalDivider,style.layout.layout_direction,yes,条件,页面事实；CompositionLocal 的上下文解析未全覆盖,page_snapshot_component_lines
VerticalDivider,style.layout.z_index,yes,条件,zIndex 走 layoutRules；该字段来自运行/页面事实,page_snapshot_component_lines
VerticalDivider,style.layout.alignment,no,不适用,contentAlignment/horizontalAlignment/verticalAlignment; 枚举,page_snapshot_container_alignment_lines
VerticalDivider,style.layout.horizontal_arrangement,no,不适用,Arrangement + 常量 spacedBy,page_snapshot_container_alignment_lines
VerticalDivider,style.layout.vertical_arrangement,no,不适用,Arrangement + 常量 spacedBy,page_snapshot_container_alignment_lines
VerticalDivider,style.layout.aspect_ratio,yes,已实现,aspectRatio 常量；不猜动态表达式,page_snapshot_component_lines
VerticalDivider,style.layout.width_dp,yes,条件,width/size; 无显式值使用原生测量，不用参考 frame,page_snapshot_dimension_lines
VerticalDivider,style.layout.height_dp,yes,条件,height/size; 无显式值使用原生测量，不用参考 frame,page_snapshot_dimension_lines
VerticalDivider,style.surface.background,yes,条件,solid/null、水平/垂直 Clamp 渐变；未知端点/径向/图片背景阻断,page_snapshot_component_lines
VerticalDivider,style.surface.corner_radius_dp,yes,条件,四角事实；AbsoluteRoundedCornerShape、统一圆角；方向未知的非对称 Start/End 阻断,page_snapshot_component_lines
VerticalDivider,style.surface.corner_sizes,yes,条件,带单位四角：dp/px/percent；百分比依赖原生测量的较短边；方向未知的非对称 Start/End 未解析,page_snapshot_component_lines
VerticalDivider,style.surface.border,yes,条件,统一 solid/dashed/dotted/none；单边、自定义 dash 阻断,page_snapshot_component_lines
VerticalDivider,style.surface.shadows,yes,近似,单阴影且 spread=0；Android elevation 转换仍是近似；多阴影阻断,page_snapshot_component_lines
VerticalDivider,style.surface.alpha,yes,已实现,alpha 常量 0..1,page_snapshot_component_lines
VerticalDivider,style.surface.clip,yes,条件,矩形/圆角；自定义 Path 未支持,page_snapshot_component_lines
VerticalDivider,style.typography.font_size_sp,no,不适用,Text/TextStyle 常量或已解析主题；字体缩放由运行平台消费,page_snapshot_component_lines
VerticalDivider,style.typography.font_weight,no,不适用,FontWeight 常量/已解析主题,page_snapshot_component_lines
VerticalDivider,style.typography.font_style,no,不适用,FontStyle.Normal/Italic; 未知值 unresolved,page_snapshot_component_lines
VerticalDivider,style.typography.font_family,no,不适用,仅已校验字体资产或声明的系统字体,load_page_font_faces / page_snapshot_component_lines
VerticalDivider,style.typography.letter_spacing_sp,no,不适用,letterSpacing 常量 sp；支持负数,page_snapshot_component_lines
VerticalDivider,style.typography.line_height_sp,no,不适用,常量/主题；自定义 LineHeightStyle、低于自然行高未证明等价,page_snapshot_component_lines
VerticalDivider,style.typography.text_align,no,不适用,Start/Center/End/Justify,page_snapshot_component_lines
VerticalDivider,style.typography.max_lines,no,不适用,正整数；TextInput 与多行 TextArea 不是同一控件,page_snapshot_component_lines
VerticalDivider,style.typography.overflow,no,不适用,clip/ellipsis；visible 未支持并阻断；两类 ArkUI 签名分开,page_snapshot_component_lines
VerticalDivider,style.typography.color,no,不适用,明确颜色或已解析主题；容器颜色需实际下传到文字,page_snapshot_component_lines
VerticalDivider,style.typography.decoration,no,不适用,none/underline/line_through,page_snapshot_component_lines
VerticalDivider,style.asset.resource,no,不适用,本地资源或 AsyncImage HTTP(S)；无预览图回退,page_snapshot_component_lines
VerticalDivider,style.asset.sha256,no,不适用,资源提取记录；格式转换后由资源 provenance 验证，不是绘制属性,build_target_phase_consumption_gate
VerticalDivider,style.asset.width_px,no,不适用,可记录源像素尺寸；单输入渲染必须有逻辑尺寸，不能直接按 px 布局,build_target_phase_consumption_gate
VerticalDivider,style.asset.height_px,no,不适用,可记录源像素尺寸；不能当作 dp 使用,build_target_phase_consumption_gate
VerticalDivider,style.asset.width_dp,no,不适用,资源本征尺寸，不是控件硬宽度,page_snapshot_intrinsic_image_lines
VerticalDivider,style.asset.height_dp,no,不适用,资源本征尺寸，不是控件硬高度,page_snapshot_intrinsic_image_lines
VerticalDivider,style.asset.content_scale,no,不适用,fit/crop/fill/inside/none; 未指定尺寸时需可验证本征测量,page_snapshot_intrinsic_image_lines / page_snapshot_component_lines
VerticalDivider,style.asset.tint,no,不适用,显式 tint/ColorFilter.tint；仅支持当前颜色滤镜映射,page_snapshot_component_lines
VerticalDivider,style.transform.translation_x_dp,yes,条件,运行/页面事实；源码 offset 单独走 layoutRules，混合变换阻断,page_snapshot_component_lines
VerticalDivider,style.transform.translation_y_dp,yes,条件,运行/页面事实；源码 offset 单独走 layoutRules，混合变换阻断,page_snapshot_component_lines
VerticalDivider,style.transform.scale_x,yes,条件,scale 常量；graphicsLayer/自定义原点/顺序组合未支持,page_snapshot_component_lines
VerticalDivider,style.transform.scale_y,yes,条件,scale 常量；不推算未知表达式,page_snapshot_component_lines
VerticalDivider,style.transform.rotation_degrees,yes,条件,rotate 常量；默认中心原点,page_snapshot_component_lines
VerticalDivider,style.state.visible,yes,条件,显式布尔页面状态；消失不占位，不等于完整动画状态机,page_snapshot_component_lines
VerticalDivider,style.state.refreshing,no,不适用,isRefreshing 固定布尔状态；Box 叠加原生 LoadingProgress，动画外观近似，不包含刷新业务回调,page_snapshot_component_lines
VerticalDivider,style.state.enabled,yes,已实现,显式布尔优先于默认值；动态未知值不填 true,page_snapshot_component_lines
VerticalDivider,style.state.selected,no,不适用,RadioButton 的明确选中态；不代表任意容器都有选中样式,page_snapshot_component_lines
VerticalDivider,style.state.checked,no,不适用,Checkbox/Switch 的明确布尔状态；缺失或动态未解析阻断,page_snapshot_component_lines
VerticalDivider,style.state.clickable,yes,业务边界,只记录入口元数据；UI 渲染不产生业务 onClick，另走 behavior contract,build_target_phase_consumption_gate
VerticalDivider,style.content.text,no,不适用,text/value/已解析资源；Button 文本在子 Text 实际消费,page_snapshot_component_lines
VerticalDivider,style.content.placeholder,no,不适用,纯文字提示；复杂 slot/浮动 label 不等同 placeholder,page_snapshot_component_lines
VerticalDivider,style.content.content_description,yes,已实现,contentDescription; 显式 null 不设置,page_snapshot_component_lines
VerticalDivider,style.content.role,yes,证据,用于页面语义匹配，不代表已实现对应业务,build_target_phase_consumption_gate
VerticalDivider,style.content.locale,no,不适用,可存储/采集；未单独消费，非空时阻断,build_target_phase_consumption_gate
VerticalDivider,style.input.single_line,no,不适用,显式布尔；源码省略按 Compose 多行默认；TextInput/TextArea 原生分流,page_snapshot_component_lines
VerticalDivider,style.input.read_only,no,不适用,显式布尔；禁止软键盘及内容修改，保留选中；API 20+,page_snapshot_component_lines
VerticalDivider,style.input.password,no,不适用,标准 PasswordVisualTransformation/None；多行密码、自定义字符变换阻断,page_snapshot_component_lines
VerticalDivider,style.input.keyboard_type,no,不适用,Text/Number/Phone/Email/Uri/Decimal/Password/NumberPassword；不等同内容校验,page_snapshot_component_lines
VerticalDivider,style.input.ime_action,no,不适用,键盘动作枚举；Previous/单行 None 阻断；业务提交回调另走 contract,page_snapshot_component_lines
VerticalDivider,style.typography.soft_wrap,no,不适用,显式布尔；false 支持不含硬换行的单段文字，硬换行逐段渲染未支持,page_snapshot_component_lines
VerticalDivider,style.typography.min_lines,no,不适用,1 为原生默认；多行 Text 使用已验证字体运行时 metrics，复杂约束/输入框多行最低行数阻断,page_snapshot_component_lines
VerticalDivider,style.control.value,no,不适用,明确 value/progress；不使用样例数值；UI 当前态不等同业务订阅,page_snapshot_component_lines
VerticalDivider,style.control.minimum,no,不适用,Slider valueRange 或明确默认 0；进度固定 0..1,page_snapshot_component_lines
VerticalDivider,style.control.maximum,no,不适用,Slider valueRange 或明确默认 1；上限必须大于下限,page_snapshot_component_lines
VerticalDivider,style.control.steps,no,不适用,离散 steps 转 (max-min)/(steps+1)；连续型与小于平台最小步长阻断,page_snapshot_component_lines
VerticalDivider,style.control.active_color,yes,条件,显式 color 常量或刷新指示器主题色，作用于轨迹/分隔线而非文字,page_snapshot_component_lines
VerticalDivider,style.control.inactive_color,no,不适用,显式 trackColor 常量或刷新指示器主题背景,page_snapshot_component_lines
VerticalDivider,style.control.stroke_width_dp,yes,条件,常量 thickness/strokeWidth；分隔线默认1dp,page_snapshot_component_lines
content,structure.type,yes,已实现,SourceTree/lanhu_layer,page_snapshot_component_lines
content,structure.parent_id,yes,已实现,SourceTree/lanhu_layer,page_snapshot_component_lines
content,structure.children_ids,yes,已实现,SourceTree/lanhu_layer,page_snapshot_component_lines
content,structure.sibling_index,yes,已实现,SourceTree/lanhu_layer,page_snapshot_component_lines
content,style.layout.padding_dp,yes,条件,expand_ordered_layout_modifiers 保留纯常量 padding/size/width/height 嵌套；交织绘制/重复同轴尺寸阻断,page_snapshot_component_lines
content,style.layout.margin_dp,yes,条件,运行测量/页面事实；Compose 没有通用 margin 参数,page_snapshot_component_lines
content,style.layout.layout_direction,yes,条件,页面事实；CompositionLocal 的上下文解析未全覆盖,page_snapshot_component_lines
content,style.layout.z_index,yes,条件,zIndex 走 layoutRules；该字段来自运行/页面事实,page_snapshot_component_lines
content,style.layout.alignment,no,不适用,contentAlignment/horizontalAlignment/verticalAlignment; 枚举,page_snapshot_container_alignment_lines
content,style.layout.horizontal_arrangement,no,不适用,Arrangement + 常量 spacedBy,page_snapshot_container_alignment_lines
content,style.layout.vertical_arrangement,no,不适用,Arrangement + 常量 spacedBy,page_snapshot_container_alignment_lines
content,style.layout.aspect_ratio,yes,已实现,aspectRatio 常量；不猜动态表达式,page_snapshot_component_lines
content,style.layout.width_dp,yes,条件,width/size; 无显式值使用原生测量，不用参考 frame,page_snapshot_dimension_lines
content,style.layout.height_dp,yes,条件,height/size; 无显式值使用原生测量，不用参考 frame,page_snapshot_dimension_lines
content,style.surface.background,yes,条件,solid/null、水平/垂直 Clamp 渐变；未知端点/径向/图片背景阻断,page_snapshot_component_lines
content,style.surface.corner_radius_dp,yes,条件,四角事实；AbsoluteRoundedCornerShape、统一圆角；方向未知的非对称 Start/End 阻断,page_snapshot_component_lines
content,style.surface.corner_sizes,yes,条件,带单位四角：dp/px/percent；百分比依赖原生测量的较短边；方向未知的非对称 Start/End 未解析,page_snapshot_component_lines
content,style.surface.border,yes,条件,统一 solid/dashed/dotted/none；单边、自定义 dash 阻断,page_snapshot_component_lines
content,style.surface.shadows,yes,近似,单阴影且 spread=0；Android elevation 转换仍是近似；多阴影阻断,page_snapshot_component_lines
content,style.surface.alpha,yes,已实现,alpha 常量 0..1,page_snapshot_component_lines
content,style.surface.clip,yes,条件,矩形/圆角；自定义 Path 未支持,page_snapshot_component_lines
content,style.typography.font_size_sp,no,不适用,Text/TextStyle 常量或已解析主题；字体缩放由运行平台消费,page_snapshot_component_lines
content,style.typography.font_weight,no,不适用,FontWeight 常量/已解析主题,page_snapshot_component_lines
content,style.typography.font_style,no,不适用,FontStyle.Normal/Italic; 未知值 unresolved,page_snapshot_component_lines
content,style.typography.font_family,no,不适用,仅已校验字体资产或声明的系统字体,load_page_font_faces / page_snapshot_component_lines
content,style.typography.letter_spacing_sp,no,不适用,letterSpacing 常量 sp；支持负数,page_snapshot_component_lines
content,style.typography.line_height_sp,no,不适用,常量/主题；自定义 LineHeightStyle、低于自然行高未证明等价,page_snapshot_component_lines
content,style.typography.text_align,no,不适用,Start/Center/End/Justify,page_snapshot_component_lines
content,style.typography.max_lines,no,不适用,正整数；TextInput 与多行 TextArea 不是同一控件,page_snapshot_component_lines
content,style.typography.overflow,no,不适用,clip/ellipsis；visible 未支持并阻断；两类 ArkUI 签名分开,page_snapshot_component_lines
content,style.typography.color,no,不适用,明确颜色或已解析主题；容器颜色需实际下传到文字,page_snapshot_component_lines
content,style.typography.decoration,no,不适用,none/underline/line_through,page_snapshot_component_lines
content,style.asset.resource,no,不适用,本地资源或 AsyncImage HTTP(S)；无预览图回退,page_snapshot_component_lines
content,style.asset.sha256,no,不适用,资源提取记录；格式转换后由资源 provenance 验证，不是绘制属性,build_target_phase_consumption_gate
content,style.asset.width_px,no,不适用,可记录源像素尺寸；单输入渲染必须有逻辑尺寸，不能直接按 px 布局,build_target_phase_consumption_gate
content,style.asset.height_px,no,不适用,可记录源像素尺寸；不能当作 dp 使用,build_target_phase_consumption_gate
content,style.asset.width_dp,no,不适用,资源本征尺寸，不是控件硬宽度,page_snapshot_intrinsic_image_lines
content,style.asset.height_dp,no,不适用,资源本征尺寸，不是控件硬高度,page_snapshot_intrinsic_image_lines
content,style.asset.content_scale,no,不适用,fit/crop/fill/inside/none; 未指定尺寸时需可验证本征测量,page_snapshot_intrinsic_image_lines / page_snapshot_component_lines
content,style.asset.tint,no,不适用,显式 tint/ColorFilter.tint；仅支持当前颜色滤镜映射,page_snapshot_component_lines
content,style.transform.translation_x_dp,yes,条件,运行/页面事实；源码 offset 单独走 layoutRules，混合变换阻断,page_snapshot_component_lines
content,style.transform.translation_y_dp,yes,条件,运行/页面事实；源码 offset 单独走 layoutRules，混合变换阻断,page_snapshot_component_lines
content,style.transform.scale_x,yes,条件,scale 常量；graphicsLayer/自定义原点/顺序组合未支持,page_snapshot_component_lines
content,style.transform.scale_y,yes,条件,scale 常量；不推算未知表达式,page_snapshot_component_lines
content,style.transform.rotation_degrees,yes,条件,rotate 常量；默认中心原点,page_snapshot_component_lines
content,style.state.visible,yes,条件,显式布尔页面状态；消失不占位，不等于完整动画状态机,page_snapshot_component_lines
content,style.state.refreshing,no,不适用,isRefreshing 固定布尔状态；Box 叠加原生 LoadingProgress，动画外观近似，不包含刷新业务回调,page_snapshot_component_lines
content,style.state.enabled,yes,已实现,显式布尔优先于默认值；动态未知值不填 true,page_snapshot_component_lines
content,style.state.selected,no,不适用,RadioButton 的明确选中态；不代表任意容器都有选中样式,page_snapshot_component_lines
content,style.state.checked,no,不适用,Checkbox/Switch 的明确布尔状态；缺失或动态未解析阻断,page_snapshot_component_lines
content,style.state.clickable,yes,业务边界,只记录入口元数据；UI 渲染不产生业务 onClick，另走 behavior contract,build_target_phase_consumption_gate
content,style.content.text,no,不适用,text/value/已解析资源；Button 文本在子 Text 实际消费,page_snapshot_component_lines
content,style.content.placeholder,no,不适用,纯文字提示；复杂 slot/浮动 label 不等同 placeholder,page_snapshot_component_lines
content,style.content.content_description,yes,已实现,contentDescription; 显式 null 不设置,page_snapshot_component_lines
content,style.content.role,yes,证据,用于页面语义匹配，不代表已实现对应业务,build_target_phase_consumption_gate
content,style.content.locale,no,不适用,可存储/采集；未单独消费，非空时阻断,build_target_phase_consumption_gate
content,style.input.single_line,no,不适用,显式布尔；源码省略按 Compose 多行默认；TextInput/TextArea 原生分流,page_snapshot_component_lines
content,style.input.read_only,no,不适用,显式布尔；禁止软键盘及内容修改，保留选中；API 20+,page_snapshot_component_lines
content,style.input.password,no,不适用,标准 PasswordVisualTransformation/None；多行密码、自定义字符变换阻断,page_snapshot_component_lines
content,style.input.keyboard_type,no,不适用,Text/Number/Phone/Email/Uri/Decimal/Password/NumberPassword；不等同内容校验,page_snapshot_component_lines
content,style.input.ime_action,no,不适用,键盘动作枚举；Previous/单行 None 阻断；业务提交回调另走 contract,page_snapshot_component_lines
content,style.typography.soft_wrap,no,不适用,显式布尔；false 支持不含硬换行的单段文字，硬换行逐段渲染未支持,page_snapshot_component_lines
content,style.typography.min_lines,no,不适用,1 为原生默认；多行 Text 使用已验证字体运行时 metrics，复杂约束/输入框多行最低行数阻断,page_snapshot_component_lines
content,style.control.value,no,不适用,明确 value/progress；不使用样例数值；UI 当前态不等同业务订阅,page_snapshot_component_lines
content,style.control.minimum,no,不适用,Slider valueRange 或明确默认 0；进度固定 0..1,page_snapshot_component_lines
content,style.control.maximum,no,不适用,Slider valueRange 或明确默认 1；上限必须大于下限,page_snapshot_component_lines
content,style.control.steps,no,不适用,离散 steps 转 (max-min)/(steps+1)；连续型与小于平台最小步长阻断,page_snapshot_component_lines
content,style.control.active_color,no,不适用,显式 color 常量或刷新指示器主题色，作用于轨迹/分隔线而非文字,page_snapshot_component_lines
content,style.control.inactive_color,no,不适用,显式 trackColor 常量或刷新指示器主题背景,page_snapshot_component_lines
content,style.control.stroke_width_dp,no,不适用,常量 thickness/strokeWidth；分隔线默认1dp,page_snapshot_component_lines
toolbar,structure.type,yes,已实现,SourceTree/lanhu_layer,page_snapshot_component_lines
toolbar,structure.parent_id,yes,已实现,SourceTree/lanhu_layer,page_snapshot_component_lines
toolbar,structure.children_ids,yes,已实现,SourceTree/lanhu_layer,page_snapshot_component_lines
toolbar,structure.sibling_index,yes,已实现,SourceTree/lanhu_layer,page_snapshot_component_lines
toolbar,style.layout.padding_dp,yes,条件,expand_ordered_layout_modifiers 保留纯常量 padding/size/width/height 嵌套；交织绘制/重复同轴尺寸阻断,page_snapshot_component_lines
toolbar,style.layout.margin_dp,yes,条件,运行测量/页面事实；Compose 没有通用 margin 参数,page_snapshot_component_lines
toolbar,style.layout.layout_direction,yes,条件,页面事实；CompositionLocal 的上下文解析未全覆盖,page_snapshot_component_lines
toolbar,style.layout.z_index,yes,条件,zIndex 走 layoutRules；该字段来自运行/页面事实,page_snapshot_component_lines
toolbar,style.layout.alignment,no,不适用,contentAlignment/horizontalAlignment/verticalAlignment; 枚举,page_snapshot_container_alignment_lines
toolbar,style.layout.horizontal_arrangement,no,不适用,Arrangement + 常量 spacedBy,page_snapshot_container_alignment_lines
toolbar,style.layout.vertical_arrangement,no,不适用,Arrangement + 常量 spacedBy,page_snapshot_container_alignment_lines
toolbar,style.layout.aspect_ratio,yes,已实现,aspectRatio 常量；不猜动态表达式,page_snapshot_component_lines
toolbar,style.layout.width_dp,yes,条件,width/size; 无显式值使用原生测量，不用参考 frame,page_snapshot_dimension_lines
toolbar,style.layout.height_dp,yes,条件,height/size; 无显式值使用原生测量，不用参考 frame,page_snapshot_dimension_lines
toolbar,style.surface.background,yes,条件,solid/null、水平/垂直 Clamp 渐变；未知端点/径向/图片背景阻断,page_snapshot_component_lines
toolbar,style.surface.corner_radius_dp,yes,条件,四角事实；AbsoluteRoundedCornerShape、统一圆角；方向未知的非对称 Start/End 阻断,page_snapshot_component_lines
toolbar,style.surface.corner_sizes,yes,条件,带单位四角：dp/px/percent；百分比依赖原生测量的较短边；方向未知的非对称 Start/End 未解析,page_snapshot_component_lines
toolbar,style.surface.border,yes,条件,统一 solid/dashed/dotted/none；单边、自定义 dash 阻断,page_snapshot_component_lines
toolbar,style.surface.shadows,yes,近似,单阴影且 spread=0；Android elevation 转换仍是近似；多阴影阻断,page_snapshot_component_lines
toolbar,style.surface.alpha,yes,已实现,alpha 常量 0..1,page_snapshot_component_lines
toolbar,style.surface.clip,yes,条件,矩形/圆角；自定义 Path 未支持,page_snapshot_component_lines
toolbar,style.typography.font_size_sp,no,不适用,Text/TextStyle 常量或已解析主题；字体缩放由运行平台消费,page_snapshot_component_lines
toolbar,style.typography.font_weight,no,不适用,FontWeight 常量/已解析主题,page_snapshot_component_lines
toolbar,style.typography.font_style,no,不适用,FontStyle.Normal/Italic; 未知值 unresolved,page_snapshot_component_lines
toolbar,style.typography.font_family,no,不适用,仅已校验字体资产或声明的系统字体,load_page_font_faces / page_snapshot_component_lines
toolbar,style.typography.letter_spacing_sp,no,不适用,letterSpacing 常量 sp；支持负数,page_snapshot_component_lines
toolbar,style.typography.line_height_sp,no,不适用,常量/主题；自定义 LineHeightStyle、低于自然行高未证明等价,page_snapshot_component_lines
toolbar,style.typography.text_align,no,不适用,Start/Center/End/Justify,page_snapshot_component_lines
toolbar,style.typography.max_lines,no,不适用,正整数；TextInput 与多行 TextArea 不是同一控件,page_snapshot_component_lines
toolbar,style.typography.overflow,no,不适用,clip/ellipsis；visible 未支持并阻断；两类 ArkUI 签名分开,page_snapshot_component_lines
toolbar,style.typography.color,no,不适用,明确颜色或已解析主题；容器颜色需实际下传到文字,page_snapshot_component_lines
toolbar,style.typography.decoration,no,不适用,none/underline/line_through,page_snapshot_component_lines
toolbar,style.asset.resource,no,不适用,本地资源或 AsyncImage HTTP(S)；无预览图回退,page_snapshot_component_lines
toolbar,style.asset.sha256,no,不适用,资源提取记录；格式转换后由资源 provenance 验证，不是绘制属性,build_target_phase_consumption_gate
toolbar,style.asset.width_px,no,不适用,可记录源像素尺寸；单输入渲染必须有逻辑尺寸，不能直接按 px 布局,build_target_phase_consumption_gate
toolbar,style.asset.height_px,no,不适用,可记录源像素尺寸；不能当作 dp 使用,build_target_phase_consumption_gate
toolbar,style.asset.width_dp,no,不适用,资源本征尺寸，不是控件硬宽度,page_snapshot_intrinsic_image_lines
toolbar,style.asset.height_dp,no,不适用,资源本征尺寸，不是控件硬高度,page_snapshot_intrinsic_image_lines
toolbar,style.asset.content_scale,no,不适用,fit/crop/fill/inside/none; 未指定尺寸时需可验证本征测量,page_snapshot_intrinsic_image_lines / page_snapshot_component_lines
toolbar,style.asset.tint,no,不适用,显式 tint/ColorFilter.tint；仅支持当前颜色滤镜映射,page_snapshot_component_lines
toolbar,style.transform.translation_x_dp,yes,条件,运行/页面事实；源码 offset 单独走 layoutRules，混合变换阻断,page_snapshot_component_lines
toolbar,style.transform.translation_y_dp,yes,条件,运行/页面事实；源码 offset 单独走 layoutRules，混合变换阻断,page_snapshot_component_lines
toolbar,style.transform.scale_x,yes,条件,scale 常量；graphicsLayer/自定义原点/顺序组合未支持,page_snapshot_component_lines
toolbar,style.transform.scale_y,yes,条件,scale 常量；不推算未知表达式,page_snapshot_component_lines
toolbar,style.transform.rotation_degrees,yes,条件,rotate 常量；默认中心原点,page_snapshot_component_lines
toolbar,style.state.visible,yes,条件,显式布尔页面状态；消失不占位，不等于完整动画状态机,page_snapshot_component_lines
toolbar,style.state.refreshing,no,不适用,isRefreshing 固定布尔状态；Box 叠加原生 LoadingProgress，动画外观近似，不包含刷新业务回调,page_snapshot_component_lines
toolbar,style.state.enabled,yes,已实现,显式布尔优先于默认值；动态未知值不填 true,page_snapshot_component_lines
toolbar,style.state.selected,no,不适用,RadioButton 的明确选中态；不代表任意容器都有选中样式,page_snapshot_component_lines
toolbar,style.state.checked,no,不适用,Checkbox/Switch 的明确布尔状态；缺失或动态未解析阻断,page_snapshot_component_lines
toolbar,style.state.clickable,yes,业务边界,只记录入口元数据；UI 渲染不产生业务 onClick，另走 behavior contract,build_target_phase_consumption_gate
toolbar,style.content.text,no,不适用,text/value/已解析资源；Button 文本在子 Text 实际消费,page_snapshot_component_lines
toolbar,style.content.placeholder,no,不适用,纯文字提示；复杂 slot/浮动 label 不等同 placeholder,page_snapshot_component_lines
toolbar,style.content.content_description,yes,已实现,contentDescription; 显式 null 不设置,page_snapshot_component_lines
toolbar,style.content.role,yes,证据,用于页面语义匹配，不代表已实现对应业务,build_target_phase_consumption_gate
toolbar,style.content.locale,no,不适用,可存储/采集；未单独消费，非空时阻断,build_target_phase_consumption_gate
toolbar,style.input.single_line,no,不适用,显式布尔；源码省略按 Compose 多行默认；TextInput/TextArea 原生分流,page_snapshot_component_lines
toolbar,style.input.read_only,no,不适用,显式布尔；禁止软键盘及内容修改，保留选中；API 20+,page_snapshot_component_lines
toolbar,style.input.password,no,不适用,标准 PasswordVisualTransformation/None；多行密码、自定义字符变换阻断,page_snapshot_component_lines
toolbar,style.input.keyboard_type,no,不适用,Text/Number/Phone/Email/Uri/Decimal/Password/NumberPassword；不等同内容校验,page_snapshot_component_lines
toolbar,style.input.ime_action,no,不适用,键盘动作枚举；Previous/单行 None 阻断；业务提交回调另走 contract,page_snapshot_component_lines
toolbar,style.typography.soft_wrap,no,不适用,显式布尔；false 支持不含硬换行的单段文字，硬换行逐段渲染未支持,page_snapshot_component_lines
toolbar,style.typography.min_lines,no,不适用,1 为原生默认；多行 Text 使用已验证字体运行时 metrics，复杂约束/输入框多行最低行数阻断,page_snapshot_component_lines
toolbar,style.control.value,no,不适用,明确 value/progress；不使用样例数值；UI 当前态不等同业务订阅,page_snapshot_component_lines
toolbar,style.control.minimum,no,不适用,Slider valueRange 或明确默认 0；进度固定 0..1,page_snapshot_component_lines
toolbar,style.control.maximum,no,不适用,Slider valueRange 或明确默认 1；上限必须大于下限,page_snapshot_component_lines
toolbar,style.control.steps,no,不适用,离散 steps 转 (max-min)/(steps+1)；连续型与小于平台最小步长阻断,page_snapshot_component_lines
toolbar,style.control.active_color,no,不适用,显式 color 常量或刷新指示器主题色，作用于轨迹/分隔线而非文字,page_snapshot_component_lines
toolbar,style.control.inactive_color,no,不适用,显式 trackColor 常量或刷新指示器主题背景,page_snapshot_component_lines
toolbar,style.control.stroke_width_dp,no,不适用,常量 thickness/strokeWidth；分隔线默认1dp,page_snapshot_component_lines
ProgressRing,structure.type,yes,已实现,SourceTree/lanhu_layer,page_snapshot_component_lines
ProgressRing,structure.parent_id,yes,已实现,SourceTree/lanhu_layer,page_snapshot_component_lines
ProgressRing,structure.children_ids,yes,已实现,SourceTree/lanhu_layer,page_snapshot_component_lines
ProgressRing,structure.sibling_index,yes,已实现,SourceTree/lanhu_layer,page_snapshot_component_lines
ProgressRing,style.layout.padding_dp,yes,条件,expand_ordered_layout_modifiers 保留纯常量 padding/size/width/height 嵌套；交织绘制/重复同轴尺寸阻断,page_snapshot_component_lines
ProgressRing,style.layout.margin_dp,yes,条件,运行测量/页面事实；Compose 没有通用 margin 参数,page_snapshot_component_lines
ProgressRing,style.layout.layout_direction,yes,条件,页面事实；CompositionLocal 的上下文解析未全覆盖,page_snapshot_component_lines
ProgressRing,style.layout.z_index,yes,条件,zIndex 走 layoutRules；该字段来自运行/页面事实,page_snapshot_component_lines
ProgressRing,style.layout.alignment,no,不适用,contentAlignment/horizontalAlignment/verticalAlignment; 枚举,page_snapshot_container_alignment_lines
ProgressRing,style.layout.horizontal_arrangement,no,不适用,Arrangement + 常量 spacedBy,page_snapshot_container_alignment_lines
ProgressRing,style.layout.vertical_arrangement,no,不适用,Arrangement + 常量 spacedBy,page_snapshot_container_alignment_lines
ProgressRing,style.layout.aspect_ratio,yes,已实现,aspectRatio 常量；不猜动态表达式,page_snapshot_component_lines
ProgressRing,style.layout.width_dp,yes,条件,width/size; 无显式值使用原生测量，不用参考 frame,page_snapshot_dimension_lines
ProgressRing,style.layout.height_dp,yes,条件,height/size; 无显式值使用原生测量，不用参考 frame,page_snapshot_dimension_lines
ProgressRing,style.surface.background,yes,条件,solid/null、水平/垂直 Clamp 渐变；未知端点/径向/图片背景阻断,page_snapshot_component_lines
ProgressRing,style.surface.corner_radius_dp,yes,条件,四角事实；AbsoluteRoundedCornerShape、统一圆角；方向未知的非对称 Start/End 阻断,page_snapshot_component_lines
ProgressRing,style.surface.corner_sizes,yes,条件,带单位四角：dp/px/percent；百分比依赖原生测量的较短边；方向未知的非对称 Start/End 未解析,page_snapshot_component_lines
ProgressRing,style.surface.border,yes,条件,统一 solid/dashed/dotted/none；单边、自定义 dash 阻断,page_snapshot_component_lines
ProgressRing,style.surface.shadows,yes,近似,单阴影且 spread=0；Android elevation 转换仍是近似；多阴影阻断,page_snapshot_component_lines
ProgressRing,style.surface.alpha,yes,已实现,alpha 常量 0..1,page_snapshot_component_lines
ProgressRing,style.surface.clip,yes,条件,矩形/圆角；自定义 Path 未支持,page_snapshot_component_lines
ProgressRing,style.typography.font_size_sp,no,不适用,Text/TextStyle 常量或已解析主题；字体缩放由运行平台消费,page_snapshot_component_lines
ProgressRing,style.typography.font_weight,no,不适用,FontWeight 常量/已解析主题,page_snapshot_component_lines
ProgressRing,style.typography.font_style,no,不适用,FontStyle.Normal/Italic; 未知值 unresolved,page_snapshot_component_lines
ProgressRing,style.typography.font_family,no,不适用,仅已校验字体资产或声明的系统字体,load_page_font_faces / page_snapshot_component_lines
ProgressRing,style.typography.letter_spacing_sp,no,不适用,letterSpacing 常量 sp；支持负数,page_snapshot_component_lines
ProgressRing,style.typography.line_height_sp,no,不适用,常量/主题；自定义 LineHeightStyle、低于自然行高未证明等价,page_snapshot_component_lines
ProgressRing,style.typography.text_align,no,不适用,Start/Center/End/Justify,page_snapshot_component_lines
ProgressRing,style.typography.max_lines,no,不适用,正整数；TextInput 与多行 TextArea 不是同一控件,page_snapshot_component_lines
ProgressRing,style.typography.overflow,no,不适用,clip/ellipsis；visible 未支持并阻断；两类 ArkUI 签名分开,page_snapshot_component_lines
ProgressRing,style.typography.color,no,不适用,明确颜色或已解析主题；容器颜色需实际下传到文字,page_snapshot_component_lines
ProgressRing,style.typography.decoration,no,不适用,none/underline/line_through,page_snapshot_component_lines
ProgressRing,style.asset.resource,no,不适用,本地资源或 AsyncImage HTTP(S)；无预览图回退,page_snapshot_component_lines
ProgressRing,style.asset.sha256,no,不适用,资源提取记录；格式转换后由资源 provenance 验证，不是绘制属性,build_target_phase_consumption_gate
ProgressRing,style.asset.width_px,no,不适用,可记录源像素尺寸；单输入渲染必须有逻辑尺寸，不能直接按 px 布局,build_target_phase_consumption_gate
ProgressRing,style.asset.height_px,no,不适用,可记录源像素尺寸；不能当作 dp 使用,build_target_phase_consumption_gate
ProgressRing,style.asset.width_dp,no,不适用,资源本征尺寸，不是控件硬宽度,page_snapshot_intrinsic_image_lines
ProgressRing,style.asset.height_dp,no,不适用,资源本征尺寸，不是控件硬高度,page_snapshot_intrinsic_image_lines
ProgressRing,style.asset.content_scale,no,不适用,fit/crop/fill/inside/none; 未指定尺寸时需可验证本征测量,page_snapshot_intrinsic_image_lines / page_snapshot_component_lines
ProgressRing,style.asset.tint,no,不适用,显式 tint/ColorFilter.tint；仅支持当前颜色滤镜映射,page_snapshot_component_lines
ProgressRing,style.transform.translation_x_dp,yes,条件,运行/页面事实；源码 offset 单独走 layoutRules，混合变换阻断,page_snapshot_component_lines
ProgressRing,style.transform.translation_y_dp,yes,条件,运行/页面事实；源码 offset 单独走 layoutRules，混合变换阻断,page_snapshot_component_lines
ProgressRing,style.transform.scale_x,yes,条件,scale 常量；graphicsLayer/自定义原点/顺序组合未支持,page_snapshot_component_lines
ProgressRing,style.transform.scale_y,yes,条件,scale 常量；不推算未知表达式,page_snapshot_component_lines
ProgressRing,style.transform.rotation_degrees,yes,条件,rotate 常量；默认中心原点,page_snapshot_component_lines
ProgressRing,style.state.visible,yes,条件,显式布尔页面状态；消失不占位，不等于完整动画状态机,page_snapshot_component_lines
ProgressRing,style.state.refreshing,no,不适用,isRefreshing 固定布尔状态；Box 叠加原生 LoadingProgress，动画外观近似，不包含刷新业务回调,page_snapshot_component_lines
ProgressRing,style.state.enabled,yes,已实现,显式布尔优先于默认值；动态未知值不填 true,page_snapshot_component_lines
ProgressRing,style.state.selected,no,不适用,RadioButton 的明确选中态；不代表任意容器都有选中样式,page_snapshot_component_lines
ProgressRing,style.state.checked,no,不适用,Checkbox/Switch 的明确布尔状态；缺失或动态未解析阻断,page_snapshot_component_lines
ProgressRing,style.state.clickable,yes,业务边界,只记录入口元数据；UI 渲染不产生业务 onClick，另走 behavior contract,build_target_phase_consumption_gate
ProgressRing,style.content.text,no,不适用,text/value/已解析资源；Button 文本在子 Text 实际消费,page_snapshot_component_lines
ProgressRing,style.content.placeholder,no,不适用,纯文字提示；复杂 slot/浮动 label 不等同 placeholder,page_snapshot_component_lines
ProgressRing,style.content.content_description,yes,已实现,contentDescription; 显式 null 不设置,page_snapshot_component_lines
ProgressRing,style.content.role,yes,证据,用于页面语义匹配，不代表已实现对应业务,build_target_phase_consumption_gate
ProgressRing,style.content.locale,no,不适用,可存储/采集；未单独消费，非空时阻断,build_target_phase_consumption_gate
ProgressRing,style.input.single_line,no,不适用,显式布尔；源码省略按 Compose 多行默认；TextInput/TextArea 原生分流,page_snapshot_component_lines
ProgressRing,style.input.read_only,no,不适用,显式布尔；禁止软键盘及内容修改，保留选中；API 20+,page_snapshot_component_lines
ProgressRing,style.input.password,no,不适用,标准 PasswordVisualTransformation/None；多行密码、自定义字符变换阻断,page_snapshot_component_lines
ProgressRing,style.input.keyboard_type,no,不适用,Text/Number/Phone/Email/Uri/Decimal/Password/NumberPassword；不等同内容校验,page_snapshot_component_lines
ProgressRing,style.input.ime_action,no,不适用,键盘动作枚举；Previous/单行 None 阻断；业务提交回调另走 contract,page_snapshot_component_lines
ProgressRing,style.typography.soft_wrap,no,不适用,显式布尔；false 支持不含硬换行的单段文字，硬换行逐段渲染未支持,page_snapshot_component_lines
ProgressRing,style.typography.min_lines,no,不适用,1 为原生默认；多行 Text 使用已验证字体运行时 metrics，复杂约束/输入框多行最低行数阻断,page_snapshot_component_lines
ProgressRing,style.control.value,no,不适用,明确 value/progress；不使用样例数值；UI 当前态不等同业务订阅,page_snapshot_component_lines
ProgressRing,style.control.minimum,no,不适用,Slider valueRange 或明确默认 0；进度固定 0..1,page_snapshot_component_lines
ProgressRing,style.control.maximum,no,不适用,Slider valueRange 或明确默认 1；上限必须大于下限,page_snapshot_component_lines
ProgressRing,style.control.steps,no,不适用,离散 steps 转 (max-min)/(steps+1)；连续型与小于平台最小步长阻断,page_snapshot_component_lines
ProgressRing,style.control.active_color,no,不适用,显式 color 常量或刷新指示器主题色，作用于轨迹/分隔线而非文字,page_snapshot_component_lines
ProgressRing,style.control.inactive_color,no,不适用,显式 trackColor 常量或刷新指示器主题背景,page_snapshot_component_lines
ProgressRing,style.control.stroke_width_dp,no,不适用,常量 thickness/strokeWidth；分隔线默认1dp,page_snapshot_component_lines
